-- MySQL dump 10.13  Distrib 5.1.63, for debian-linux-gnu (x86_64)
--
-- Host: db.zhdk.ch    Database: rails_madek_personas
-- ------------------------------------------------------
-- Server version	5.1.63-0+squeeze1-log

/*!40101 SET @OLD_CHARACTER_SET_CLIENT=@@CHARACTER_SET_CLIENT */;
/*!40101 SET @OLD_CHARACTER_SET_RESULTS=@@CHARACTER_SET_RESULTS */;
/*!40101 SET @OLD_COLLATION_CONNECTION=@@COLLATION_CONNECTION */;
/*!40101 SET NAMES utf8 */;
/*!40103 SET @OLD_TIME_ZONE=@@TIME_ZONE */;
/*!40103 SET TIME_ZONE='+00:00' */;
/*!40014 SET @OLD_UNIQUE_CHECKS=@@UNIQUE_CHECKS, UNIQUE_CHECKS=0 */;
/*!40014 SET @OLD_FOREIGN_KEY_CHECKS=@@FOREIGN_KEY_CHECKS, FOREIGN_KEY_CHECKS=0 */;
/*!40101 SET @OLD_SQL_MODE=@@SQL_MODE, SQL_MODE='NO_AUTO_VALUE_ON_ZERO' */;
/*!40111 SET @OLD_SQL_NOTES=@@SQL_NOTES, SQL_NOTES=0 */;

--
-- Table structure for table `copyrights`
--

DROP TABLE IF EXISTS `copyrights`;
/*!40101 SET @saved_cs_client     = @@character_set_client */;
/*!40101 SET character_set_client = utf8 */;
CREATE TABLE `copyrights` (
  `id` int(11) NOT NULL AUTO_INCREMENT,
  `is_default` tinyint(1) DEFAULT '0',
  `is_custom` tinyint(1) DEFAULT '0',
  `label` varchar(255) CHARACTER SET utf8 DEFAULT NULL,
  `parent_id` int(11) DEFAULT NULL,
  `lft` int(11) DEFAULT NULL,
  `rgt` int(11) DEFAULT NULL,
  `usage` varchar(255) CHARACTER SET utf8 DEFAULT NULL,
  `url` varchar(255) CHARACTER SET utf8 DEFAULT NULL,
  PRIMARY KEY (`id`),
  UNIQUE KEY `index_copyrights_on_label` (`label`),
  KEY `index_copyrights_on_is_default` (`is_default`),
  KEY `index_copyrights_on_is_custom` (`is_custom`),
  KEY `index_copyrights_on_parent_id` (`parent_id`),
  KEY `index_copyrights_on_lft_and_rgt` (`lft`,`rgt`)
) ENGINE=InnoDB AUTO_INCREMENT=15 DEFAULT CHARSET=latin1;
/*!40101 SET character_set_client = @saved_cs_client */;

--
-- Dumping data for table `copyrights`
--

LOCK TABLES `copyrights` WRITE;
/*!40000 ALTER TABLE `copyrights` DISABLE KEYS */;
INSERT INTO `copyrights` VALUES (1,0,0,'Unbekannt',NULL,1,2,NULL,NULL),(2,0,0,'Urheberrechtlich geschützt (standardisierte Lizenz)',NULL,3,24,NULL,NULL),(3,1,0,'Alle Rechte vorbehalten',2,4,5,'Das Werk darf nur mit Einwilligung des Autors/Rechteinhabers weiter verwendet werden.','http://www.copyright.ch'),(4,0,0,'Creative Commons Licence',2,6,19,NULL,NULL),(5,0,0,'CC-By-CH: Attribution',4,7,8,'Bitte jeweils die angegebenen Nutzungsmodifikationen beachten.','http://creativecommons.org/licenses/by/2.5/ch/'),(6,0,0,'CC-By-SA-CH: Attribution Share Alike',4,9,10,'Bitte jeweils die angegebenen Nutzungsmodifikationen beachten.','http://creativecommons.org/licenses/by-sa/2.5/ch/'),(7,0,0,'CC-By-ND-CH: Attribution No Derivates',4,11,12,'Bitte jeweils die angegebenen Nutzungsmodifikationen beachten.','http://creativecommons.org/licenses/by-nd/2.5/ch/'),(8,0,0,'CC-By-NC-CH: Attribution Non-Commercial',4,13,14,'Bitte jeweils die angegebenen Nutzungsmodifikationen beachten.','http://creativecommons.org/licenses/by-nc/2.5/ch/'),(9,0,0,'CC-By-NC-SA-CH: Attribution Non-Commercial Share Alike',4,15,16,'Bitte jeweils die angegebenen Nutzungsmodifikationen beachten.','http://creativecommons.org/licenses/by-nc-sa/2.5/ch/'),(10,0,0,'CC-By-NC-ND-CH: Attribution Non-Commercial No Derivates',4,17,18,'Bitte jeweils die angegebenen Nutzungsmodifikationen beachten.','http://creativecommons.org/licenses/by-nc-nd/2.5/ch/'),(11,0,0,'ZHdK-Lizenzen',2,20,23,NULL,NULL),(12,0,0,'Studio Publikation',11,21,22,'Alle Rechte dem Studio Publikation der ZHdK vorbehalten. Freie Verwendung im Rahmen von Ankündigung und Berichterstattung der ZHdK.','http://www.zhdk.ch/index.php?id=1033'),(13,0,1,'Urheberrechtlich geschützt (individuelle Lizenz)',NULL,25,26,'',''),(14,0,0,'Public Domain / Gemeinfrei',NULL,27,28,'Freie Nutzung ohne Einschränkung.','http://de.wikipedia.org/wiki/Public_Domain');
/*!40000 ALTER TABLE `copyrights` ENABLE KEYS */;
UNLOCK TABLES;

--
-- Table structure for table `edit_sessions`
--

DROP TABLE IF EXISTS `edit_sessions`;
/*!40101 SET @saved_cs_client     = @@character_set_client */;
/*!40101 SET character_set_client = utf8 */;
CREATE TABLE `edit_sessions` (
  `id` int(11) NOT NULL AUTO_INCREMENT,
  `user_id` int(11) NOT NULL,
  `media_resource_id` int(11) NOT NULL,
  `created_at` datetime NOT NULL,
  `updated_at` datetime NOT NULL,
  PRIMARY KEY (`id`),
  KEY `index_edit_sessions_on_media_resource_id` (`media_resource_id`),
  KEY `index_edit_sessions_on_user_id` (`user_id`),
  CONSTRAINT `edit_sessions_user_id_fk` FOREIGN KEY (`user_id`) REFERENCES `users` (`id`) ON DELETE CASCADE,
  CONSTRAINT `edit_sessions_media_resource_id_fk` FOREIGN KEY (`media_resource_id`) REFERENCES `media_resources` (`id`) ON DELETE CASCADE
) ENGINE=InnoDB AUTO_INCREMENT=42 DEFAULT CHARSET=latin1;
/*!40101 SET character_set_client = @saved_cs_client */;

--
-- Dumping data for table `edit_sessions`
--

LOCK TABLES `edit_sessions` WRITE;
/*!40000 ALTER TABLE `edit_sessions` DISABLE KEYS */;
INSERT INTO `edit_sessions` VALUES (1,6,33,'2012-08-31 11:55:41','2012-08-31 11:55:41'),(3,6,33,'2012-08-31 11:56:00','2012-08-31 11:56:00'),(5,6,33,'2012-08-31 11:56:03','2012-08-31 11:56:03'),(7,6,33,'2012-08-31 11:56:55','2012-08-31 11:56:55'),(9,6,33,'2012-08-31 11:58:17','2012-08-31 11:58:17'),(11,6,33,'2012-08-31 11:58:29','2012-08-31 11:58:29'),(13,6,33,'2012-08-31 11:59:08','2012-08-31 11:59:08'),(15,6,35,'2012-08-31 12:00:23','2012-08-31 12:00:23'),(17,6,35,'2012-08-31 12:00:32','2012-08-31 12:00:32'),(19,6,35,'2012-08-31 12:00:43','2012-08-31 12:00:43'),(21,6,35,'2012-08-31 12:01:18','2012-08-31 12:01:18'),(23,6,35,'2012-08-31 12:01:23','2012-08-31 12:01:23'),(25,6,35,'2012-08-31 12:01:27','2012-08-31 12:01:27'),(27,6,35,'2012-08-31 12:01:31','2012-08-31 12:01:31'),(29,6,35,'2012-08-31 12:01:35','2012-08-31 12:01:35'),(31,6,35,'2012-08-31 12:01:39','2012-08-31 12:01:39'),(33,6,35,'2012-08-31 12:01:43','2012-08-31 12:01:43'),(35,6,35,'2012-08-31 12:01:47','2012-08-31 12:01:47'),(37,6,35,'2012-08-31 12:01:59','2012-08-31 12:01:59'),(39,6,35,'2012-08-31 12:01:59','2012-08-31 12:01:59'),(41,2,27,'2012-09-24 10:07:22','2012-09-24 10:07:22');
/*!40000 ALTER TABLE `edit_sessions` ENABLE KEYS */;
UNLOCK TABLES;

--
-- Table structure for table `favorites`
--

DROP TABLE IF EXISTS `favorites`;
/*!40101 SET @saved_cs_client     = @@character_set_client */;
/*!40101 SET character_set_client = utf8 */;
CREATE TABLE `favorites` (
  `user_id` int(11) NOT NULL,
  `media_resource_id` int(11) NOT NULL,
  UNIQUE KEY `index_favorites_on_user_id_and_media_resource_id` (`user_id`,`media_resource_id`),
  KEY `favorites_media_resource_id_fk` (`media_resource_id`),
  CONSTRAINT `favorites_media_resource_id_fk` FOREIGN KEY (`media_resource_id`) REFERENCES `media_resources` (`id`) ON DELETE CASCADE,
  CONSTRAINT `favorites_user_id_fk` FOREIGN KEY (`user_id`) REFERENCES `users` (`id`) ON DELETE CASCADE
) ENGINE=InnoDB DEFAULT CHARSET=latin1;
/*!40101 SET character_set_client = @saved_cs_client */;

--
-- Dumping data for table `favorites`
--

LOCK TABLES `favorites` WRITE;
/*!40000 ALTER TABLE `favorites` DISABLE KEYS */;
/*!40000 ALTER TABLE `favorites` ENABLE KEYS */;
UNLOCK TABLES;

--
-- Table structure for table `full_texts`
--

DROP TABLE IF EXISTS `full_texts`;
/*!40101 SET @saved_cs_client     = @@character_set_client */;
/*!40101 SET character_set_client = utf8 */;
CREATE TABLE `full_texts` (
  `id` int(11) NOT NULL AUTO_INCREMENT,
  `media_resource_id` int(11) NOT NULL,
  `text` text CHARACTER SET utf8,
  PRIMARY KEY (`id`),
  KEY `index_full_texts_on_media_resource_id` (`media_resource_id`),
  CONSTRAINT `full_texts_media_resource_id_fk` FOREIGN KEY (`media_resource_id`) REFERENCES `media_resources` (`id`) ON DELETE CASCADE
) ENGINE=InnoDB AUTO_INCREMENT=38 DEFAULT CHARSET=latin1;
/*!40101 SET character_set_client = @saved_cs_client */;

--
-- Dumping data for table `full_texts`
--

LOCK TABLES `full_texts` WRITE;
/*!40000 ALTER TABLE `full_texts` DISABLE KEYS */;
INSERT INTO `full_texts` VALUES (1,1,'Landschaften Admin, Adam'),(2,2,'Zett Admin, Adam'),(3,3,'Zett über Landschaften Admin, Adam'),(4,4,'Abgabe zum Kurs Product Design Normalo, Normin'),(5,5,'Mein Test Set Paula, Petra'),(6,6,'Mein Erstes Photo (mit der neuen Nikon) Paula, Petra'),(7,7,'Abgabe Normalo, Normin'),(8,8,'Konzepte Normalo, Normin'),(9,9,'Fotografie Kurs HS 2010 Normalo, Normin'),(10,10,'Portrait Normalo, Normin'),(11,11,'Stilleben Normalo, Normin'),(12,12,'Meine Ausstellungen Normalo, Normin'),(13,13,'Meine Highlights 2012 Normalo, Normin'),(14,14,'Dropbox Normalo, Normin'),(15,15,'Diplomarbeit 2012 Normalo, Normin'),(16,16,'Präsentation Normalo, Normin'),(17,17,'Ausstellungen Normalo, Normin'),(18,18,'Ausstellung Photo 1 Normalo, Normin'),(19,19,'Ausstellung Photo 2 Normalo, Normin'),(20,20,'Ausstellung Photo 3 Normalo, Normin'),(21,21,'Ausstellung Photo 4 Normalo, Normin'),(22,22,'Ausstellung ZHdK Normalo, Normin'),(23,23,'Ausstellung Museum Zürich Normalo, Normin'),(24,24,'Ausstellung Photo 5 Normalo, Normin'),(25,25,'Ausstellung Gallerie Limatquai Normalo, Normin'),(26,26,'Konzepte Normalo, Normin'),(27,27,'Erster Entwurf; MAS (Master of Advanced Studies); Projekt.; Abschlussarbeit; Projekt. Normalo, Normin'),(28,28,'Zweiter Entwurf Normalo, Normin'),(29,29,'Schweizer Panorama Landschaft, Liselotte'),(30,30,'Deutsches Panorama Landschaft, Liselotte'),(31,31,'Chinese Temple Landschaft, Liselotte'),(32,32,'Splashscreen Admin, Adam'),(33,33,'Deutzer Hafen in Köln; Schulte, Wilhelm; 2002; Forschung; im Studienverlauf entstanden; Recherche; Architektur; Wilhlem Schulte; Alle Rechte vorbehalten; Tusche und Aquarell auf Bütenpapier; Landschaft, Liselotte Landschaft, Liselotte'),(35,35,'Virgin and Child with Saints Catherine and Barbara; Memling, Hans; 1470/1500; Dunkelheit vorne; Durchgang; Farbigkeit vorne; Figur Grund; Helligkeit hinten; Kontrast vorne; Schaerfe vorne; Strukturreichtum vorne; unbekannt; Alle Rechte vorbehalten; Landschaft, Liselotte Landschaft, Liselotte'),(37,37,'Abgaben Landschaft, Liselotte');
/*!40000 ALTER TABLE `full_texts` ENABLE KEYS */;
UNLOCK TABLES;

--
-- Table structure for table `grouppermissions`
--

DROP TABLE IF EXISTS `grouppermissions`;
/*!40101 SET @saved_cs_client     = @@character_set_client */;
/*!40101 SET character_set_client = utf8 */;
CREATE TABLE `grouppermissions` (
  `id` int(11) NOT NULL AUTO_INCREMENT,
  `media_resource_id` int(11) NOT NULL,
  `group_id` int(11) NOT NULL,
  `download` tinyint(1) NOT NULL DEFAULT '0',
  `view` tinyint(1) NOT NULL DEFAULT '0',
  `edit` tinyint(1) NOT NULL DEFAULT '0',
  `manage` tinyint(1) NOT NULL DEFAULT '0',
  PRIMARY KEY (`id`),
  UNIQUE KEY `index_grouppermissions_on_group_id_and_media_resource_id` (`group_id`,`media_resource_id`),
  KEY `index_grouppermissions_on_group_id` (`group_id`),
  KEY `index_grouppermissions_on_media_resource_id` (`media_resource_id`),
  CONSTRAINT `grouppermissions_media_resource_id_fk` FOREIGN KEY (`media_resource_id`) REFERENCES `media_resources` (`id`) ON DELETE CASCADE,
  CONSTRAINT `grouppermissions_group_id_fk` FOREIGN KEY (`group_id`) REFERENCES `groups` (`id`) ON DELETE CASCADE
) ENGINE=InnoDB AUTO_INCREMENT=6 DEFAULT CHARSET=latin1;
/*!40101 SET character_set_client = @saved_cs_client */;

--
-- Dumping data for table `grouppermissions`
--

LOCK TABLES `grouppermissions` WRITE;
/*!40000 ALTER TABLE `grouppermissions` DISABLE KEYS */;
INSERT INTO `grouppermissions` VALUES (1,2,3,0,1,0,0),(2,4,4,1,1,0,0),(3,13,3,0,1,0,0),(4,15,4,0,1,0,0),(5,15,3,0,1,0,0);
/*!40000 ALTER TABLE `grouppermissions` ENABLE KEYS */;
UNLOCK TABLES;

--
-- Table structure for table `groups`
--

DROP TABLE IF EXISTS `groups`;
/*!40101 SET @saved_cs_client     = @@character_set_client */;
/*!40101 SET character_set_client = utf8 */;
CREATE TABLE `groups` (
  `id` int(11) NOT NULL AUTO_INCREMENT,
  `name` varchar(255) CHARACTER SET utf8 DEFAULT NULL,
  `ldap_id` varchar(255) CHARACTER SET utf8 DEFAULT NULL,
  `ldap_name` varchar(255) CHARACTER SET utf8 DEFAULT NULL,
  `type` varchar(255) CHARACTER SET utf8 NOT NULL DEFAULT 'Group',
  PRIMARY KEY (`id`),
  KEY `index_groups_on_type` (`type`),
  KEY `index_groups_on_ldap_id` (`ldap_id`),
  KEY `index_groups_on_ldap_name` (`ldap_name`)
) ENGINE=InnoDB AUTO_INCREMENT=8 DEFAULT CHARSET=latin1;
/*!40101 SET character_set_client = @saved_cs_client */;

--
-- Dumping data for table `groups`
--

LOCK TABLES `groups` WRITE;
/*!40000 ALTER TABLE `groups` DISABLE KEYS */;
INSERT INTO `groups` VALUES (1,'ZHdK (Zürcher Hochschule der Künste)',NULL,NULL,'Group'),(2,'Admin',NULL,NULL,'Group'),(3,'ZHdK',NULL,NULL,'Group'),(4,'Diplomarbeitsgruppe',NULL,NULL,'Group'),(5,'Expert',NULL,NULL,'Group'),(7,'MIZ-Archiv',NULL,NULL,'Group');
/*!40000 ALTER TABLE `groups` ENABLE KEYS */;
UNLOCK TABLES;

--
-- Table structure for table `groups_users`
--

DROP TABLE IF EXISTS `groups_users`;
/*!40101 SET @saved_cs_client     = @@character_set_client */;
/*!40101 SET character_set_client = utf8 */;
CREATE TABLE `groups_users` (
  `group_id` int(11) NOT NULL,
  `user_id` int(11) NOT NULL,
  UNIQUE KEY `index_groups_users_on_user_id_and_group_id` (`user_id`,`group_id`),
  KEY `index_groups_users_on_group_id_and_user_id` (`group_id`,`user_id`),
  CONSTRAINT `groups_users_group_id_fk` FOREIGN KEY (`group_id`) REFERENCES `groups` (`id`) ON DELETE CASCADE,
  CONSTRAINT `groups_users_user_id_fk` FOREIGN KEY (`user_id`) REFERENCES `users` (`id`) ON DELETE CASCADE
) ENGINE=InnoDB DEFAULT CHARSET=latin1;
/*!40101 SET character_set_client = @saved_cs_client */;

--
-- Dumping data for table `groups_users`
--

LOCK TABLES `groups_users` WRITE;
/*!40000 ALTER TABLE `groups_users` DISABLE KEYS */;
INSERT INTO `groups_users` VALUES (2,1),(3,2),(4,2),(3,3),(5,4),(3,5),(3,6);
/*!40000 ALTER TABLE `groups_users` ENABLE KEYS */;
UNLOCK TABLES;

--
-- Table structure for table `keywords`
--

DROP TABLE IF EXISTS `keywords`;
/*!40101 SET @saved_cs_client     = @@character_set_client */;
/*!40101 SET character_set_client = utf8 */;
CREATE TABLE `keywords` (
  `id` int(11) NOT NULL AUTO_INCREMENT,
  `meta_term_id` int(11) NOT NULL,
  `user_id` int(11) DEFAULT NULL,
  `meta_datum_id` int(11) NOT NULL,
  `created_at` datetime DEFAULT NULL,
  PRIMARY KEY (`id`),
  KEY `index_keywords_on_created_at` (`created_at`),
  KEY `index_keywords_on_meta_datum_id` (`meta_datum_id`),
  KEY `index_keywords_on_user_id` (`user_id`),
  KEY `index_keywords_on_meta_term_id_and_user_id` (`meta_term_id`,`user_id`),
  CONSTRAINT `keywords_meta_datum_id_fk` FOREIGN KEY (`meta_datum_id`) REFERENCES `meta_data` (`id`) ON DELETE CASCADE,
  CONSTRAINT `keywords_meta_term_id_fk` FOREIGN KEY (`meta_term_id`) REFERENCES `meta_terms` (`id`),
  CONSTRAINT `keywords_user_id_fk` FOREIGN KEY (`user_id`) REFERENCES `users` (`id`)
) ENGINE=InnoDB AUTO_INCREMENT=72 DEFAULT CHARSET=latin1;
/*!40101 SET character_set_client = @saved_cs_client */;

--
-- Dumping data for table `keywords`
--

LOCK TABLES `keywords` WRITE;
/*!40000 ALTER TABLE `keywords` DISABLE KEYS */;
INSERT INTO `keywords` VALUES (57,533,6,61,'2012-08-31 12:01:47'),(59,535,6,61,'2012-08-31 12:01:47'),(61,513,6,61,'2012-08-31 12:01:47'),(63,515,6,61,'2012-08-31 12:01:47'),(65,537,6,61,'2012-08-31 12:01:47'),(67,539,6,61,'2012-08-31 12:01:47'),(69,541,6,61,'2012-08-31 12:01:47'),(71,527,6,61,'2012-08-31 12:01:47');
/*!40000 ALTER TABLE `keywords` ENABLE KEYS */;
UNLOCK TABLES;

--
-- Table structure for table `media_files`
--

DROP TABLE IF EXISTS `media_files`;
/*!40101 SET @saved_cs_client     = @@character_set_client */;
/*!40101 SET character_set_client = utf8 */;
CREATE TABLE `media_files` (
  `id` int(11) NOT NULL AUTO_INCREMENT,
  `height` int(11) DEFAULT NULL,
  `size` int(11) DEFAULT NULL,
  `width` int(11) DEFAULT NULL,
  `content_type` varchar(255) CHARACTER SET utf8 DEFAULT NULL,
  `filename` varchar(255) CHARACTER SET utf8 DEFAULT NULL,
  `guid` varchar(255) CHARACTER SET utf8 DEFAULT NULL,
  `job_id` varchar(255) CHARACTER SET utf8 DEFAULT NULL,
  `access_hash` text CHARACTER SET utf8,
  `meta_data` text CHARACTER SET utf8,
  `created_at` datetime NOT NULL,
  `updated_at` datetime NOT NULL,
  PRIMARY KEY (`id`)
) ENGINE=InnoDB AUTO_INCREMENT=22 DEFAULT CHARSET=latin1;
/*!40101 SET character_set_client = @saved_cs_client */;

--
-- Dumping data for table `media_files`
--

LOCK TABLES `media_files` WRITE;
/*!40000 ALTER TABLE `media_files` DISABLE KEYS */;
INSERT INTO `media_files` VALUES (1,429,96330,640,'image/jpeg','berlin_wall_01.jpg','83d62ab97f1946e6ae2797af0576e0ce',NULL,'9f652d08-f3c6-4c67-aa46-eb40ca5b19ec','--- \nFile:BitsPerSample: 8\nFile:ColorComponents: 3\nFile:EncodingProcess: Baseline DCT, Huffman coding\nFile:FileType: JPEG\nFile:ImageHeight: 429\nFile:ImageWidth: 640\nFile:MIMEType: image/jpeg\nFile:YCbCrSubSampling: YCbCr4:4:4 (1 1)\nComposite:ImageSize: 640x429\nJFIF:JFIFVersion: 1.01\nJFIF:ResolutionUnit: inches\nJFIF:XResolution: 72\nJFIF:YResolution: 72\n','2012-04-20 12:04:17','2012-04-20 12:04:18'),(2,429,96330,640,'image/jpeg','berlin_wall_01.jpg','3682e9a5212b49a7927a5e197c7bb4a9',NULL,'e0ba8d3e-ea81-4595-a167-3f83207bc7ed','--- \nFile:BitsPerSample: 8\nFile:ColorComponents: 3\nFile:EncodingProcess: Baseline DCT, Huffman coding\nFile:FileType: JPEG\nFile:ImageHeight: 429\nFile:ImageWidth: 640\nFile:MIMEType: image/jpeg\nFile:YCbCrSubSampling: YCbCr4:4:4 (1 1)\nComposite:ImageSize: 640x429\nJFIF:JFIFVersion: 1.01\nJFIF:ResolutionUnit: inches\nJFIF:XResolution: 72\nJFIF:YResolution: 72\n','2012-04-20 12:04:18','2012-04-20 12:04:18'),(3,429,96330,640,'image/jpeg','berlin_wall_01.jpg','27462e6b17274d20b46b6652c6178d18',NULL,'f285c39f-abad-405f-9c9d-b3ecbf1322f0','--- \nFile:BitsPerSample: 8\nFile:ColorComponents: 3\nFile:EncodingProcess: Baseline DCT, Huffman coding\nFile:FileType: JPEG\nFile:ImageHeight: 429\nFile:ImageWidth: 640\nFile:MIMEType: image/jpeg\nFile:YCbCrSubSampling: YCbCr4:4:4 (1 1)\nComposite:ImageSize: 640x429\nJFIF:JFIFVersion: 1.01\nJFIF:ResolutionUnit: inches\nJFIF:XResolution: 72\nJFIF:YResolution: 72\n','2012-04-20 12:04:18','2012-04-20 12:04:19'),(4,429,96330,640,'image/jpeg','berlin_wall_01.jpg','93df27ec55ae4c5aa394fe0d8161a35a',NULL,'51607bd7-5595-465e-ae44-f7900ac12f47','--- \nFile:BitsPerSample: 8\nFile:ColorComponents: 3\nFile:EncodingProcess: Baseline DCT, Huffman coding\nFile:FileType: JPEG\nFile:ImageHeight: 429\nFile:ImageWidth: 640\nFile:MIMEType: image/jpeg\nFile:YCbCrSubSampling: YCbCr4:4:4 (1 1)\nComposite:ImageSize: 640x429\nJFIF:JFIFVersion: 1.01\nJFIF:ResolutionUnit: inches\nJFIF:XResolution: 72\nJFIF:YResolution: 72\n','2012-04-20 12:04:19','2012-04-20 12:04:19'),(5,429,96330,640,'image/jpeg','berlin_wall_01.jpg','de929612d8f9403d97e4f88c30087dca',NULL,'2df736d8-ba07-4c4f-b4a4-a51b9d8b3ebe','--- \nFile:BitsPerSample: 8\nFile:ColorComponents: 3\nFile:EncodingProcess: Baseline DCT, Huffman coding\nFile:FileType: JPEG\nFile:ImageHeight: 429\nFile:ImageWidth: 640\nFile:MIMEType: image/jpeg\nFile:YCbCrSubSampling: YCbCr4:4:4 (1 1)\nComposite:ImageSize: 640x429\nJFIF:JFIFVersion: 1.01\nJFIF:ResolutionUnit: inches\nJFIF:XResolution: 72\nJFIF:YResolution: 72\n','2012-04-20 12:04:19','2012-04-20 12:04:20'),(6,429,96330,640,'image/jpeg','berlin_wall_01.jpg','797417767e0744cb86cd32ffe5f06dda',NULL,'b3657715-db00-4ec1-ba80-66891ab35b1d','--- \nFile:BitsPerSample: 8\nFile:ColorComponents: 3\nFile:EncodingProcess: Baseline DCT, Huffman coding\nFile:FileType: JPEG\nFile:ImageHeight: 429\nFile:ImageWidth: 640\nFile:MIMEType: image/jpeg\nFile:YCbCrSubSampling: YCbCr4:4:4 (1 1)\nComposite:ImageSize: 640x429\nJFIF:JFIFVersion: 1.01\nJFIF:ResolutionUnit: inches\nJFIF:XResolution: 72\nJFIF:YResolution: 72\n','2012-04-20 12:04:20','2012-04-20 12:04:20'),(7,429,96330,640,'image/jpeg','berlin_wall_01.jpg','d7eedd16bbcb4bccb38fec9d94a5edb3',NULL,'ed220124-8e75-448a-aec0-9b4ed1200fe9','--- \nFile:BitsPerSample: 8\nFile:ColorComponents: 3\nFile:EncodingProcess: Baseline DCT, Huffman coding\nFile:FileType: JPEG\nFile:ImageHeight: 429\nFile:ImageWidth: 640\nFile:MIMEType: image/jpeg\nFile:YCbCrSubSampling: YCbCr4:4:4 (1 1)\nComposite:ImageSize: 640x429\nJFIF:JFIFVersion: 1.01\nJFIF:ResolutionUnit: inches\nJFIF:XResolution: 72\nJFIF:YResolution: 72\n','2012-04-20 12:04:20','2012-04-20 12:04:21'),(8,429,96330,640,'image/jpeg','berlin_wall_01.jpg','91129f3af6ef4431bfa3691ae440ac56',NULL,'c17de0aa-2db7-4880-9a59-eb23765610c3','--- \nFile:BitsPerSample: 8\nFile:ColorComponents: 3\nFile:EncodingProcess: Baseline DCT, Huffman coding\nFile:FileType: JPEG\nFile:ImageHeight: 429\nFile:ImageWidth: 640\nFile:MIMEType: image/jpeg\nFile:YCbCrSubSampling: YCbCr4:4:4 (1 1)\nComposite:ImageSize: 640x429\nJFIF:JFIFVersion: 1.01\nJFIF:ResolutionUnit: inches\nJFIF:XResolution: 72\nJFIF:YResolution: 72\n','2012-04-20 12:04:21','2012-04-20 12:04:21'),(9,429,96330,640,'image/jpeg','berlin_wall_01.jpg','efa28250a9234a6e9a6c98215497212e',NULL,'75bf464a-86b1-43d3-b50b-46a5f9994630','--- \nFile:BitsPerSample: 8\nFile:ColorComponents: 3\nFile:EncodingProcess: Baseline DCT, Huffman coding\nFile:FileType: JPEG\nFile:ImageHeight: 429\nFile:ImageWidth: 640\nFile:MIMEType: image/jpeg\nFile:YCbCrSubSampling: YCbCr4:4:4 (1 1)\nComposite:ImageSize: 640x429\nJFIF:JFIFVersion: 1.01\nJFIF:ResolutionUnit: inches\nJFIF:XResolution: 72\nJFIF:YResolution: 72\n','2012-04-20 12:04:21','2012-04-20 12:04:21'),(10,429,96330,640,'image/jpeg','berlin_wall_01.jpg','9a1cb3d1b4cb41edaa402f753d318839',NULL,'4e0ac22c-32f4-41ff-8c4f-5da45b6a139a','--- \nFile:BitsPerSample: 8\nFile:ColorComponents: 3\nFile:EncodingProcess: Baseline DCT, Huffman coding\nFile:FileType: JPEG\nFile:ImageHeight: 429\nFile:ImageWidth: 640\nFile:MIMEType: image/jpeg\nFile:YCbCrSubSampling: YCbCr4:4:4 (1 1)\nComposite:ImageSize: 640x429\nJFIF:JFIFVersion: 1.01\nJFIF:ResolutionUnit: inches\nJFIF:XResolution: 72\nJFIF:YResolution: 72\n','2012-04-20 12:04:21','2012-04-20 12:04:22'),(11,429,96330,640,'image/jpeg','berlin_wall_01.jpg','00e09e95462e45ecb8f18b8f8b6af9c8',NULL,'5e3589b1-a465-437b-9595-2fa2c7b57631','--- \nFile:BitsPerSample: 8\nFile:ColorComponents: 3\nFile:EncodingProcess: Baseline DCT, Huffman coding\nFile:FileType: JPEG\nFile:ImageHeight: 429\nFile:ImageWidth: 640\nFile:MIMEType: image/jpeg\nFile:YCbCrSubSampling: YCbCr4:4:4 (1 1)\nComposite:ImageSize: 640x429\nJFIF:JFIFVersion: 1.01\nJFIF:ResolutionUnit: inches\nJFIF:XResolution: 72\nJFIF:YResolution: 72\n','2012-04-20 12:04:22','2012-04-20 12:04:22'),(12,429,96330,640,'image/jpeg','berlin_wall_01.jpg','e4f9eea907c1439badf8e60cf6491d23',NULL,'7de0f60d-48b9-41e7-aaef-4c6c91e2b86c','--- \nFile:BitsPerSample: 8\nFile:ColorComponents: 3\nFile:EncodingProcess: Baseline DCT, Huffman coding\nFile:FileType: JPEG\nFile:ImageHeight: 429\nFile:ImageWidth: 640\nFile:MIMEType: image/jpeg\nFile:YCbCrSubSampling: YCbCr4:4:4 (1 1)\nComposite:ImageSize: 640x429\nJFIF:JFIFVersion: 1.01\nJFIF:ResolutionUnit: inches\nJFIF:XResolution: 72\nJFIF:YResolution: 72\n','2012-04-20 12:04:22','2012-04-20 12:04:23'),(13,429,96330,640,'image/jpeg','berlin_wall_01.jpg','541786d3aee34e9c886c0d89468e15a3',NULL,'599ab05a-fb38-40c2-a4f4-eb1b7dd37fcc','--- \nFile:BitsPerSample: 8\nFile:ColorComponents: 3\nFile:EncodingProcess: Baseline DCT, Huffman coding\nFile:FileType: JPEG\nFile:ImageHeight: 429\nFile:ImageWidth: 640\nFile:MIMEType: image/jpeg\nFile:YCbCrSubSampling: YCbCr4:4:4 (1 1)\nComposite:ImageSize: 640x429\nJFIF:JFIFVersion: 1.01\nJFIF:ResolutionUnit: inches\nJFIF:XResolution: 72\nJFIF:YResolution: 72\n','2012-04-20 12:04:23','2012-04-20 12:04:23'),(14,429,96330,640,'image/jpeg','berlin_wall_01.jpg','c34ef180441d486397779528617c4d86',NULL,'7f087415-a888-4674-a127-23644f475d32','--- \nFile:BitsPerSample: 8\nFile:ColorComponents: 3\nFile:EncodingProcess: Baseline DCT, Huffman coding\nFile:FileType: JPEG\nFile:ImageHeight: 429\nFile:ImageWidth: 640\nFile:MIMEType: image/jpeg\nFile:YCbCrSubSampling: YCbCr4:4:4 (1 1)\nComposite:ImageSize: 640x429\nJFIF:JFIFVersion: 1.01\nJFIF:ResolutionUnit: inches\nJFIF:XResolution: 72\nJFIF:YResolution: 72\n','2012-04-20 12:04:23','2012-04-20 12:04:24'),(15,429,96330,640,'image/jpeg','berlin_wall_01.jpg','7006f71d28934c83b16192787d6066a7',NULL,'24933ff8-aa5f-4f63-b826-256c667db252','--- \nFile:BitsPerSample: 8\nFile:ColorComponents: 3\nFile:EncodingProcess: Baseline DCT, Huffman coding\nFile:FileType: JPEG\nFile:ImageHeight: 429\nFile:ImageWidth: 640\nFile:MIMEType: image/jpeg\nFile:YCbCrSubSampling: YCbCr4:4:4 (1 1)\nComposite:ImageSize: 640x429\nJFIF:JFIFVersion: 1.01\nJFIF:ResolutionUnit: inches\nJFIF:XResolution: 72\nJFIF:YResolution: 72\n','2012-04-20 12:04:24','2012-04-20 12:04:24'),(16,375,80603,500,'image/jpeg','gg_gps.jpg','d023b834979043b68400f2ce9f9529c0',NULL,'c7132511-745e-44c3-9b4e-5e91987e629d','--- \nFile:BitsPerSample: 8\nFile:ColorComponents: 3\nFile:EncodingProcess: Baseline DCT, Huffman coding\nFile:ExifByteOrder: Little-endian (Intel, II)\nFile:FileType: JPEG\nFile:ImageHeight: 375\nFile:ImageWidth: 500\nFile:MIMEType: image/jpeg\nFile:YCbCrSubSampling: YCbCr4:4:4 (1 1)\nComposite:Aperture: 4.5\nComposite:CircleOfConfusion: 0.020 mm\nComposite:FOV: 54.4 deg\nComposite:FocalLength35efl: \"23.3 mm (35 mm equivalent: 35.0 mm)\"\nComposite:GPSDateTime: 2003:11:23 18:07:37Z\nComposite:GPSLatitude: 39.915556 N\nComposite:GPSLongitude: 116.390833 E\nComposite:GPSPosition: 39.915556 N, 116.390833 E\nComposite:HyperfocalDistance: 6.04 m\nComposite:ImageSize: 500x375\nComposite:ScaleFactor35efl: 1.5\nComposite:ShutterSpeed: 1/125\nComposite:SubSecCreateDate: 2003:11:23 18:07:37.63\nComposite:SubSecDateTimeOriginal: 2003:11:23 18:07:37.63\nComposite:SubSecModifyDate: 2005:07:02 10:38:28.63\nComposite:ThumbnailImage: (Binary data 4034 bytes)\nExifIFD:CFAPattern: \"[Green,Blue][Red,Green]\"\nExifIFD:ColorSpace: Uncalibrated\nExifIFD:CompressedBitsPerPixel: 4\nExifIFD:Contrast: Low\nExifIFD:CreateDate: 2003:11:23 18:07:37\nExifIFD:CustomRendered: Normal\nExifIFD:DateTimeOriginal: 2003:11:23 18:07:37\nExifIFD:DigitalZoomRatio: 1\nExifIFD:ExifImageHeight: 375\nExifIFD:ExifImageWidth: 500\nExifIFD:ExifVersion: \"0220\"\nExifIFD:ExposureCompensation: 0\nExifIFD:ExposureMode: Auto\nExifIFD:ExposureProgram: Aperture-priority AE\nExifIFD:ExposureTime: 1/125\nExifIFD:FNumber: 4.5\nExifIFD:FileSource: Digital Camera\nExifIFD:Flash: No Flash\nExifIFD:FlashpixVersion: \"0100\"\nExifIFD:FocalLength: 23.3 mm\nExifIFD:FocalLengthIn35mmFormat: 35 mm\nExifIFD:GainControl: Low gain up\nExifIFD:LightSource: Unknown\nExifIFD:MaxApertureValue: 2.8\nExifIFD:MeteringMode: Spot\nExifIFD:RelatedSoundFile: \"            \"\nExifIFD:Saturation: Normal\nExifIFD:SceneCaptureType: Standard\nExifIFD:SceneType: Directly photographed\nExifIFD:SensingMethod: One-chip color area\nExifIFD:Sharpness: Normal\nExifIFD:SubSecTime: 63\nExifIFD:SubSecTimeDigitized: 63\nExifIFD:SubSecTimeOriginal: 63\nExifIFD:SubjectDistanceRange: Unknown\nExifIFD:WhiteBalance: Auto\nIFD0:Make: NIKON CORPORATION\nIFD0:Model: NIKON D2H\nIFD0:ModifyDate: 2005:07:02 10:38:28\nIFD0:Orientation: Horizontal (normal)\nIFD0:ResolutionUnit: inches\nIFD0:Software: Opanda PowerExif\nIFD0:XResolution: 256\nIFD0:YResolution: 256\nIFD1:Compression: JPEG (old-style)\nIFD1:ResolutionUnit: inches\nIFD1:ThumbnailLength: 4034\nIFD1:ThumbnailOffset: 1118\nIFD1:XResolution: 72\nIFD1:YResolution: 72\nXMP-xmpMM:DocumentID: adobe:docid:photoshop:48361733-eaa2-11d9-a6e9-a8189497d9c2\nPhotoshop:CopyrightFlag: false\nPhotoshop:DisplayedUnitsX: inches\nPhotoshop:DisplayedUnitsY: inches\nPhotoshop:GlobalAltitude: 30\nPhotoshop:GlobalAngle: 30\nPhotoshop:GridGuidesInfo: !binary |\n  AAAAAQAAAkAAAAJAAAAAAA==\n\nPhotoshop:ICC_Untagged: !binary |\n  AQ==\n\nPhotoshop:IDsBaseValue: !binary |\n  AAAAAQ==\n\nPhotoshop:IPTCDigest: \"00000000000000000000000000000000\"\nPhotoshop:PhotoshopFormat: Standard\nPhotoshop:PhotoshopQuality: 8\nPhotoshop:PhotoshopThumbnail: (Binary data 4782 bytes)\nPhotoshop:PrintFlags: !binary |\n  AAAAAAAAAAAB\n\nPhotoshop:PrintFlagsInfo: !binary |\n  AAEAAAAAAAAAAg==\n\nPhotoshop:ProgressiveScans: 3 Scans\nPhotoshop:URL_List: !binary |\n  AAAAAA==\n\nPhotoshop:VersionInfo: !binary |\n  AAAAAQEAAAAPAEEAZABvAGIAZQAgAFAAaABvAHQAbwBzAGgAbwBwAAAAEwBB\n  AGQAbwBiAGUAIABQAGgAbwB0AG8AcwBoAG8AcAAgADcALgAwAAAAAQ==\n\nPhotoshop:XResolution: 256\nPhotoshop:YResolution: 256\nJFIF:JFIFVersion: 1.02\nJFIF:ResolutionUnit: inches\nJFIF:XResolution: 256\nJFIF:YResolution: 256\nGPS:GPSDateStamp: \"2003:11:23\"\nGPS:GPSLatitude: 39.915556\nGPS:GPSLatitudeRef: North\nGPS:GPSLongitude: 116.390833\nGPS:GPSLongitudeRef: East\nGPS:GPSTimeStamp: \"18:07:37\"\nGPS:GPSVersionID: 2.2.0.0\n','2012-04-20 12:04:24','2012-04-20 12:04:25'),(19,500,379540,531,'image/jpeg','Deutzer+Hafen.jpg','03c6836c3a5f4bada4bbcb9ea6a49ba0',NULL,'fac9bde1-dd39-4951-b5a9-1fe68334bbaf','--- \nFile:BitsPerSample: 8\nFile:ColorComponents: 3\nFile:EncodingProcess: Baseline DCT, Huffman coding\nFile:FileType: JPEG\nFile:ImageHeight: 500\nFile:ImageWidth: 531\nFile:MIMEType: image/jpeg\nFile:YCbCrSubSampling: YCbCr4:4:4 (1 1)\nComposite:ImageSize: 531x500\nJFIF:JFIFVersion: 1.01\nJFIF:ResolutionUnit: inches\nJFIF:XResolution: 240\nJFIF:YResolution: 240\n','2012-08-31 09:18:00','2012-08-31 09:18:01'),(21,500,254954,401,'image/jpeg','virginandchild.jpg','04a2654076114099af6c372e80983612',NULL,'64bb62d2-07de-415b-8bf3-3c20075fa7a4','--- \nFile:BitsPerSample: 8\nFile:ColorComponents: 3\nFile:EncodingProcess: Baseline DCT, Huffman coding\nFile:FileType: JPEG\nFile:ImageHeight: 500\nFile:ImageWidth: 401\nFile:MIMEType: image/jpeg\nFile:YCbCrSubSampling: YCbCr4:4:4 (1 1)\nComposite:ImageSize: 401x500\nJFIF:JFIFVersion: 1.01\nJFIF:ResolutionUnit: inches\nJFIF:XResolution: 72\nJFIF:YResolution: 72\n','2012-08-31 12:00:05','2012-08-31 12:00:05');
/*!40000 ALTER TABLE `media_files` ENABLE KEYS */;
UNLOCK TABLES;

--
-- Table structure for table `media_resource_arcs`
--

DROP TABLE IF EXISTS `media_resource_arcs`;
/*!40101 SET @saved_cs_client     = @@character_set_client */;
/*!40101 SET character_set_client = utf8 */;
CREATE TABLE `media_resource_arcs` (
  `id` int(11) NOT NULL AUTO_INCREMENT,
  `parent_id` int(11) NOT NULL,
  `child_id` int(11) NOT NULL,
  `highlight` tinyint(1) DEFAULT '0',
  `cover` tinyint(1) DEFAULT NULL,
  PRIMARY KEY (`id`),
  UNIQUE KEY `index_media_resource_arcs_on_parent_id_and_child_id` (`parent_id`,`child_id`),
  KEY `index_media_resource_arcs_on_cover` (`cover`),
  KEY `index_media_resource_arcs_on_parent_id` (`parent_id`),
  KEY `index_media_resource_arcs_on_child_id` (`child_id`),
  CONSTRAINT `media_resource_arcs_parent_id_fk` FOREIGN KEY (`parent_id`) REFERENCES `media_resources` (`id`) ON DELETE CASCADE,
  CONSTRAINT `media_resource_arcs_child_id_fk` FOREIGN KEY (`child_id`) REFERENCES `media_resources` (`id`) ON DELETE CASCADE
) ENGINE=InnoDB AUTO_INCREMENT=48 DEFAULT CHARSET=latin1;
/*!40101 SET character_set_client = @saved_cs_client */;

--
-- Dumping data for table `media_resource_arcs`
--

LOCK TABLES `media_resource_arcs` WRITE;
/*!40000 ALTER TABLE `media_resource_arcs` DISABLE KEYS */;
INSERT INTO `media_resource_arcs` VALUES (1,1,3,0,NULL),(2,2,3,0,NULL),(3,15,17,0,NULL),(4,13,17,0,NULL),(5,12,17,0,NULL),(6,14,17,0,NULL),(7,17,22,0,NULL),(8,17,23,0,NULL),(9,17,25,0,NULL),(10,15,26,0,NULL),(11,1,29,0,1),(13,1,30,0,NULL),(15,2,30,0,1),(17,4,7,0,1),(19,4,8,0,NULL),(21,5,6,0,1),(23,9,10,0,1),(25,9,11,0,NULL),(27,15,16,0,1),(29,17,18,0,1),(31,17,19,0,NULL),(33,17,20,0,NULL),(35,17,21,0,NULL),(37,17,24,0,NULL),(39,26,27,0,1),(41,26,28,0,NULL),(42,32,16,0,1),(44,32,6,0,NULL),(45,37,33,0,1),(47,37,35,0,1);
/*!40000 ALTER TABLE `media_resource_arcs` ENABLE KEYS */;
UNLOCK TABLES;

--
-- Table structure for table `media_resources`
--

DROP TABLE IF EXISTS `media_resources`;
/*!40101 SET @saved_cs_client     = @@character_set_client */;
/*!40101 SET character_set_client = utf8 */;
CREATE TABLE `media_resources` (
  `id` int(11) NOT NULL AUTO_INCREMENT,
  `download` tinyint(1) NOT NULL DEFAULT '0',
  `edit` tinyint(1) NOT NULL DEFAULT '0',
  `manage` tinyint(1) NOT NULL DEFAULT '0',
  `view` tinyint(1) NOT NULL DEFAULT '0',
  `media_entry_id` int(11) DEFAULT NULL,
  `media_file_id` int(11) DEFAULT NULL,
  `user_id` int(11) NOT NULL,
  `settings` varchar(255) CHARACTER SET utf8 DEFAULT NULL,
  `type` varchar(255) CHARACTER SET utf8 DEFAULT NULL,
  `created_at` datetime NOT NULL,
  `updated_at` datetime NOT NULL,
  PRIMARY KEY (`id`),
  KEY `index_media_resources_on_media_entry_id_and_created_at` (`media_entry_id`,`created_at`),
  KEY `index_media_resources_on_media_file_id` (`media_file_id`),
  KEY `index_media_resources_on_type` (`type`),
  KEY `index_media_resources_on_updated_at` (`updated_at`),
  KEY `index_media_resources_on_user_id` (`user_id`),
  CONSTRAINT `media_resources_media_entry_id_fk` FOREIGN KEY (`media_entry_id`) REFERENCES `media_resources` (`id`) ON DELETE CASCADE,
  CONSTRAINT `media_resources_media_file_id_fk` FOREIGN KEY (`media_file_id`) REFERENCES `media_files` (`id`) ON DELETE CASCADE,
  CONSTRAINT `media_resources_user_id_fk` FOREIGN KEY (`user_id`) REFERENCES `users` (`id`)
) ENGINE=InnoDB AUTO_INCREMENT=38 DEFAULT CHARSET=latin1;
/*!40101 SET character_set_client = @saved_cs_client */;

--
-- Dumping data for table `media_resources`
--

LOCK TABLES `media_resources` WRITE;
/*!40000 ALTER TABLE `media_resources` DISABLE KEYS */;
INSERT INTO `media_resources` VALUES (1,0,0,0,1,NULL,NULL,1,'--- {}\n\n','MediaSet','2012-04-20 12:04:17','2012-04-20 12:04:17'),(2,0,0,0,0,NULL,NULL,1,'--- {}\n\n','MediaSet','2012-04-20 12:04:17','2012-04-20 12:04:17'),(3,0,0,0,0,NULL,NULL,1,'--- {}\n\n','MediaSet','2012-04-20 12:04:17','2012-04-20 12:04:17'),(4,0,0,0,0,NULL,NULL,2,'--- {}\n\n','MediaSet','2012-04-20 12:04:17','2012-04-20 12:04:17'),(5,0,0,0,0,NULL,NULL,3,'--- {}\n\n','MediaSet','2012-04-20 12:04:17','2012-04-20 12:04:17'),(6,0,0,0,1,NULL,1,3,NULL,'MediaEntry','2012-04-20 12:04:18','2012-04-20 12:04:18'),(7,0,0,0,0,NULL,2,2,NULL,'MediaEntry','2012-04-20 12:04:18','2012-04-20 12:04:18'),(8,0,0,0,0,NULL,3,2,NULL,'MediaEntry','2012-04-20 12:04:19','2012-04-20 12:04:19'),(9,0,0,0,1,NULL,NULL,2,'--- {}\n\n','MediaSet','2012-04-20 12:04:19','2012-04-20 12:04:19'),(10,0,0,0,0,NULL,4,2,NULL,'MediaEntry','2012-04-20 12:04:19','2012-04-20 12:04:19'),(11,0,0,0,0,NULL,5,2,NULL,'MediaEntry','2012-04-20 12:04:20','2012-04-20 12:04:20'),(12,0,0,0,0,NULL,NULL,2,'--- {}\n\n','MediaSet','2012-04-20 12:04:20','2012-04-20 12:04:20'),(13,0,0,0,0,NULL,NULL,2,'--- {}\n\n','MediaSet','2012-04-20 12:04:20','2012-04-20 12:04:20'),(14,0,0,0,0,NULL,NULL,2,'--- {}\n\n','MediaSet','2012-04-20 12:04:20','2012-04-20 12:04:20'),(15,0,0,0,0,NULL,NULL,2,'--- {}\n\n','MediaSet','2012-04-20 12:04:20','2012-04-20 12:04:20'),(16,0,0,0,1,NULL,6,2,NULL,'MediaEntry','2012-04-20 12:04:20','2012-04-20 12:04:20'),(17,0,0,0,0,NULL,NULL,2,'--- {}\n\n','MediaSet','2012-04-20 12:04:20','2012-04-20 12:04:20'),(18,0,0,0,0,NULL,7,2,NULL,'MediaEntry','2012-04-20 12:04:21','2012-04-20 12:04:21'),(19,0,0,0,0,NULL,8,2,NULL,'MediaEntry','2012-04-20 12:04:21','2012-04-20 12:04:21'),(20,0,0,0,0,NULL,9,2,NULL,'MediaEntry','2012-04-20 12:04:21','2012-04-20 12:04:21'),(21,0,0,0,0,NULL,10,2,NULL,'MediaEntry','2012-04-20 12:04:22','2012-04-20 12:04:22'),(22,0,0,0,0,NULL,NULL,2,'--- {}\n\n','MediaSet','2012-04-20 12:04:22','2012-04-20 12:04:22'),(23,0,0,0,0,NULL,NULL,2,'--- {}\n\n','MediaSet','2012-04-20 12:04:22','2012-04-20 12:04:22'),(24,0,0,0,0,NULL,11,2,NULL,'MediaEntry','2012-04-20 12:04:22','2012-04-20 12:04:22'),(25,0,0,0,0,NULL,NULL,2,'--- {}\n\n','MediaSet','2012-04-20 12:04:22','2012-04-20 12:04:22'),(26,0,0,0,0,NULL,NULL,2,'--- {}\n\n','MediaSet','2012-04-20 12:04:22','2012-04-20 12:04:22'),(27,0,0,0,0,NULL,12,2,NULL,'MediaEntry','2012-04-20 12:04:23','2012-09-24 10:07:22'),(28,0,0,0,0,NULL,13,2,NULL,'MediaEntry','2012-04-20 12:04:23','2012-04-20 12:04:23'),(29,0,0,0,0,NULL,14,6,NULL,'MediaEntry','2012-04-20 12:04:24','2012-04-20 12:04:24'),(30,0,0,0,0,NULL,15,6,NULL,'MediaEntry','2012-04-20 12:04:24','2012-04-20 12:04:24'),(31,0,0,0,0,NULL,16,6,NULL,'MediaEntry','2012-04-20 12:04:25','2012-04-20 12:04:25'),(32,0,0,0,1,NULL,NULL,1,'--- {}\n\n','MediaSet','2012-06-21 10:59:57','2012-06-21 11:00:16'),(33,0,0,0,1,NULL,19,6,NULL,'MediaEntry','2012-08-31 09:18:03','2012-08-31 11:59:08'),(35,0,0,0,1,NULL,21,6,NULL,'MediaEntry','2012-08-31 12:00:08','2012-08-31 12:01:59'),(37,0,0,0,0,NULL,NULL,6,'--- {}\n\n','MediaSet','2012-08-31 14:36:24','2012-08-31 14:36:24');
/*!40000 ALTER TABLE `media_resources` ENABLE KEYS */;
UNLOCK TABLES;

--
-- Table structure for table `media_sets_meta_contexts`
--

DROP TABLE IF EXISTS `media_sets_meta_contexts`;
/*!40101 SET @saved_cs_client     = @@character_set_client */;
/*!40101 SET character_set_client = utf8 */;
CREATE TABLE `media_sets_meta_contexts` (
  `media_set_id` int(11) NOT NULL,
  `meta_context_id` int(11) NOT NULL,
  UNIQUE KEY `index_media_sets_meta_contexts` (`media_set_id`,`meta_context_id`),
  KEY `media_sets_meta_contexts_meta_context_id_fk` (`meta_context_id`),
  CONSTRAINT `media_sets_meta_contexts_meta_context_id_fk` FOREIGN KEY (`meta_context_id`) REFERENCES `meta_contexts` (`id`) ON DELETE CASCADE,
  CONSTRAINT `media_sets_meta_contexts_media_set_id_fk` FOREIGN KEY (`media_set_id`) REFERENCES `media_resources` (`id`) ON DELETE CASCADE
) ENGINE=InnoDB DEFAULT CHARSET=latin1;
/*!40101 SET character_set_client = @saved_cs_client */;

--
-- Dumping data for table `media_sets_meta_contexts`
--

LOCK TABLES `media_sets_meta_contexts` WRITE;
/*!40000 ALTER TABLE `media_sets_meta_contexts` DISABLE KEYS */;
INSERT INTO `media_sets_meta_contexts` VALUES (1,15),(2,25),(3,32);
/*!40000 ALTER TABLE `media_sets_meta_contexts` ENABLE KEYS */;
UNLOCK TABLES;

--
-- Table structure for table `meta_context_groups`
--

DROP TABLE IF EXISTS `meta_context_groups`;
/*!40101 SET @saved_cs_client     = @@character_set_client */;
/*!40101 SET character_set_client = utf8 */;
CREATE TABLE `meta_context_groups` (
  `id` int(11) NOT NULL AUTO_INCREMENT,
  `name` varchar(255) CHARACTER SET utf8 DEFAULT NULL,
  `position` int(11) NOT NULL DEFAULT '0',
  PRIMARY KEY (`id`),
  UNIQUE KEY `index_meta_context_groups_on_name` (`name`),
  KEY `index_meta_context_groups_on_position` (`position`)
) ENGINE=InnoDB AUTO_INCREMENT=4 DEFAULT CHARSET=latin1;
/*!40101 SET character_set_client = @saved_cs_client */;

--
-- Dumping data for table `meta_context_groups`
--

LOCK TABLES `meta_context_groups` WRITE;
/*!40000 ALTER TABLE `meta_context_groups` DISABLE KEYS */;
INSERT INTO `meta_context_groups` VALUES (1,'Metadaten',0),(3,'Kontexte',0);
/*!40000 ALTER TABLE `meta_context_groups` ENABLE KEYS */;
UNLOCK TABLES;

--
-- Table structure for table `meta_contexts`
--

DROP TABLE IF EXISTS `meta_contexts`;
/*!40101 SET @saved_cs_client     = @@character_set_client */;
/*!40101 SET character_set_client = utf8 */;
CREATE TABLE `meta_contexts` (
  `id` int(11) NOT NULL AUTO_INCREMENT,
  `label_id` int(11) NOT NULL,
  `description_id` int(11) DEFAULT NULL,
  `meta_context_group_id` int(11) DEFAULT NULL,
  `is_user_interface` tinyint(1) DEFAULT '0',
  `position` int(11) DEFAULT NULL,
  `name` varchar(255) CHARACTER SET utf8 DEFAULT NULL,
  PRIMARY KEY (`id`),
  UNIQUE KEY `index_meta_contexts_on_name` (`name`),
  KEY `index_meta_contexts_on_position` (`position`),
  KEY `meta_contexts_meta_context_group_id_fk` (`meta_context_group_id`),
  KEY `meta_contexts_description_id_fk` (`description_id`),
  KEY `meta_contexts_label_id_fk` (`label_id`),
  CONSTRAINT `meta_contexts_description_id_fk` FOREIGN KEY (`description_id`) REFERENCES `meta_terms` (`id`),
  CONSTRAINT `meta_contexts_label_id_fk` FOREIGN KEY (`label_id`) REFERENCES `meta_terms` (`id`),
  CONSTRAINT `meta_contexts_meta_context_group_id_fk` FOREIGN KEY (`meta_context_group_id`) REFERENCES `meta_context_groups` (`id`)
) ENGINE=InnoDB AUTO_INCREMENT=36 DEFAULT CHARSET=latin1;
/*!40101 SET character_set_client = @saved_cs_client */;

--
-- Dumping data for table `meta_contexts`
--

LOCK TABLES `meta_contexts` WRITE;
/*!40000 ALTER TABLE `meta_contexts` DISABLE KEYS */;
INSERT INTO `meta_contexts` VALUES (1,284,NULL,NULL,1,NULL,'core'),(2,292,NULL,NULL,0,NULL,'tms'),(3,286,NULL,NULL,0,NULL,'io_interface'),(4,293,NULL,1,1,1,'media_content'),(5,294,NULL,1,1,2,'media_object'),(6,299,NULL,NULL,1,NULL,'media_set'),(7,298,NULL,1,1,3,'copyright'),(8,290,NULL,NULL,1,NULL,'upload'),(9,297,NULL,1,1,4,'zhdk_bereich'),(11,919,NULL,NULL,1,NULL,'Projekte ZHdK'),(15,977,2263,3,1,1,'Landschaftsvisualisierung'),(17,1471,1473,3,1,2,'SupplyLines'),(19,1491,NULL,3,1,3,'Columns'),(21,1631,NULL,3,1,4,'archhist'),(23,1809,NULL,3,1,5,'VFO'),(25,2025,NULL,3,1,6,'Zett'),(27,2233,NULL,3,1,7,'Toni'),(29,3371,NULL,3,1,8,'Forschung ZHdK'),(31,3837,NULL,3,1,9,'Performance-Artefakte'),(32,4558,NULL,NULL,1,NULL,'Games'),(33,4559,NULL,NULL,1,NULL,'Nutzung'),(35,4567,NULL,NULL,1,NULL,'Institution');
/*!40000 ALTER TABLE `meta_contexts` ENABLE KEYS */;
UNLOCK TABLES;

--
-- Table structure for table `meta_data`
--

DROP TABLE IF EXISTS `meta_data`;
/*!40101 SET @saved_cs_client     = @@character_set_client */;
/*!40101 SET character_set_client = utf8 */;
CREATE TABLE `meta_data` (
  `id` int(11) NOT NULL AUTO_INCREMENT,
  `copyright_id` int(11) DEFAULT NULL,
  `media_resource_id` int(11) NOT NULL,
  `meta_key_id` int(11) NOT NULL,
  `type` varchar(255) CHARACTER SET utf8 DEFAULT NULL,
  `string` text CHARACTER SET utf8,
  PRIMARY KEY (`id`),
  KEY `index_meta_data_on_copyright_id` (`copyright_id`),
  KEY `index_meta_data_on_media_resource_id_and_meta_key_id` (`media_resource_id`,`meta_key_id`),
  KEY `index_meta_data_on_meta_key_id` (`meta_key_id`),
  CONSTRAINT `meta_data_media_resource_id_fk` FOREIGN KEY (`media_resource_id`) REFERENCES `media_resources` (`id`) ON DELETE CASCADE,
  CONSTRAINT `meta_data_meta_key_id_fk` FOREIGN KEY (`meta_key_id`) REFERENCES `meta_keys` (`id`)
) ENGINE=InnoDB AUTO_INCREMENT=74 DEFAULT CHARSET=latin1;
/*!40101 SET character_set_client = @saved_cs_client */;

--
-- Dumping data for table `meta_data`
--

LOCK TABLES `meta_data` WRITE;
/*!40000 ALTER TABLE `meta_data` DISABLE KEYS */;
INSERT INTO `meta_data` VALUES (1,NULL,1,3,'MetaDatumString','Landschaften'),(2,NULL,2,3,'MetaDatumString','Zett'),(3,NULL,3,3,'MetaDatumString','Zett über Landschaften'),(4,NULL,4,3,'MetaDatumString','Abgabe zum Kurs Product Design'),(5,NULL,5,3,'MetaDatumString','Mein Test Set'),(6,NULL,6,3,'MetaDatumString','Mein Erstes Photo (mit der neuen Nikon)'),(7,NULL,7,3,'MetaDatumString','Abgabe'),(8,NULL,8,3,'MetaDatumString','Konzepte'),(9,NULL,9,3,'MetaDatumString','Fotografie Kurs HS 2010'),(10,NULL,10,3,'MetaDatumString','Portrait'),(11,NULL,11,3,'MetaDatumString','Stilleben'),(12,NULL,12,3,'MetaDatumString','Meine Ausstellungen'),(13,NULL,13,3,'MetaDatumString','Meine Highlights 2012'),(14,NULL,14,3,'MetaDatumString','Dropbox'),(15,NULL,15,3,'MetaDatumString','Diplomarbeit 2012'),(16,NULL,16,3,'MetaDatumString','Präsentation'),(17,NULL,17,3,'MetaDatumString','Ausstellungen'),(18,NULL,18,3,'MetaDatumString','Ausstellung Photo 1'),(19,NULL,19,3,'MetaDatumString','Ausstellung Photo 2'),(20,NULL,20,3,'MetaDatumString','Ausstellung Photo 3'),(21,NULL,21,3,'MetaDatumString','Ausstellung Photo 4'),(22,NULL,22,3,'MetaDatumString','Ausstellung ZHdK'),(23,NULL,23,3,'MetaDatumString','Ausstellung Museum Zürich'),(24,NULL,24,3,'MetaDatumString','Ausstellung Photo 5'),(25,NULL,25,3,'MetaDatumString','Ausstellung Gallerie Limatquai'),(26,NULL,26,3,'MetaDatumString','Konzepte'),(27,NULL,27,3,'MetaDatumString','Erster Entwurf'),(28,NULL,28,3,'MetaDatumString','Zweiter Entwurf'),(29,NULL,29,3,'MetaDatumString','Schweizer Panorama'),(30,NULL,30,3,'MetaDatumString','Deutsches Panorama'),(31,NULL,31,3,'MetaDatumString','Chinese Temple'),(32,NULL,32,3,'MetaDatumString','Splashscreen'),(33,3,33,53,'MetaDatumCopyright',NULL),(35,NULL,33,60,'MetaDatumUsers',NULL),(37,NULL,33,3,'MetaDatumString','Deutzer Hafen in Köln'),(39,NULL,33,8,'MetaDatumDate','2002'),(41,NULL,33,5,'MetaDatumPeople',NULL),(43,NULL,33,52,'MetaDatumString','Wilhlem Schulte'),(45,NULL,33,31,'MetaDatumMetaTerms',NULL),(47,NULL,33,58,'MetaDatumMetaTerms',NULL),(49,NULL,33,24,'MetaDatumMetaTerms',NULL),(51,3,35,53,'MetaDatumCopyright',NULL),(53,NULL,35,60,'MetaDatumUsers',NULL),(55,NULL,35,3,'MetaDatumString','Virgin and Child with Saints Catherine and Barbara'),(57,NULL,35,5,'MetaDatumPeople',NULL),(59,NULL,35,8,'MetaDatumDate','1470/1500'),(61,NULL,35,9,'MetaDatumKeywords',NULL),(63,NULL,35,52,'MetaDatumString','unbekannt'),(65,NULL,37,3,'MetaDatumString','Abgaben'),(67,NULL,27,24,'MetaDatumMetaTerms',NULL),(69,NULL,27,22,'MetaDatumMetaTerms',NULL),(71,NULL,27,73,'MetaDatumString','Projekt.'),(73,NULL,27,23,'MetaDatumString','Projekt.');
/*!40000 ALTER TABLE `meta_data` ENABLE KEYS */;
UNLOCK TABLES;

--
-- Table structure for table `meta_data_meta_departments`
--

DROP TABLE IF EXISTS `meta_data_meta_departments`;
/*!40101 SET @saved_cs_client     = @@character_set_client */;
/*!40101 SET character_set_client = utf8 */;
CREATE TABLE `meta_data_meta_departments` (
  `meta_datum_id` int(11) NOT NULL,
  `meta_department_id` int(11) NOT NULL,
  UNIQUE KEY `index_meta_data_meta_departments` (`meta_datum_id`,`meta_department_id`),
  KEY `meta_data_meta_departments_meta_department_id_fk` (`meta_department_id`),
  CONSTRAINT `meta_data_meta_departments_meta_department_id_fk` FOREIGN KEY (`meta_department_id`) REFERENCES `groups` (`id`) ON DELETE CASCADE,
  CONSTRAINT `meta_data_meta_departments_meta_datum_id_fk` FOREIGN KEY (`meta_datum_id`) REFERENCES `meta_data` (`id`) ON DELETE CASCADE
) ENGINE=InnoDB DEFAULT CHARSET=latin1;
/*!40101 SET character_set_client = @saved_cs_client */;

--
-- Dumping data for table `meta_data_meta_departments`
--

LOCK TABLES `meta_data_meta_departments` WRITE;
/*!40000 ALTER TABLE `meta_data_meta_departments` DISABLE KEYS */;
/*!40000 ALTER TABLE `meta_data_meta_departments` ENABLE KEYS */;
UNLOCK TABLES;

--
-- Table structure for table `meta_data_meta_terms`
--

DROP TABLE IF EXISTS `meta_data_meta_terms`;
/*!40101 SET @saved_cs_client     = @@character_set_client */;
/*!40101 SET character_set_client = utf8 */;
CREATE TABLE `meta_data_meta_terms` (
  `meta_datum_id` int(11) NOT NULL,
  `meta_term_id` int(11) NOT NULL,
  UNIQUE KEY `index_meta_data_meta_terms_on_meta_datum_id_and_meta_term_id` (`meta_datum_id`,`meta_term_id`),
  KEY `meta_data_meta_terms_meta_term_id_fk` (`meta_term_id`),
  CONSTRAINT `meta_data_meta_terms_meta_term_id_fk` FOREIGN KEY (`meta_term_id`) REFERENCES `meta_terms` (`id`) ON DELETE CASCADE,
  CONSTRAINT `meta_data_meta_terms_meta_datum_id_fk` FOREIGN KEY (`meta_datum_id`) REFERENCES `meta_data` (`id`) ON DELETE CASCADE
) ENGINE=InnoDB DEFAULT CHARSET=latin1;
/*!40101 SET character_set_client = @saved_cs_client */;

--
-- Dumping data for table `meta_data_meta_terms`
--

LOCK TABLES `meta_data_meta_terms` WRITE;
/*!40000 ALTER TABLE `meta_data_meta_terms` DISABLE KEYS */;
INSERT INTO `meta_data_meta_terms` VALUES (69,60),(45,73),(67,85),(49,88),(49,89),(49,91),(47,2169);
/*!40000 ALTER TABLE `meta_data_meta_terms` ENABLE KEYS */;
UNLOCK TABLES;

--
-- Table structure for table `meta_data_people`
--

DROP TABLE IF EXISTS `meta_data_people`;
/*!40101 SET @saved_cs_client     = @@character_set_client */;
/*!40101 SET character_set_client = utf8 */;
CREATE TABLE `meta_data_people` (
  `meta_datum_id` int(11) NOT NULL,
  `person_id` int(11) NOT NULL,
  UNIQUE KEY `index_meta_data_people_on_meta_datum_id_and_person_id` (`meta_datum_id`,`person_id`),
  KEY `meta_data_people_person_id_fk` (`person_id`),
  CONSTRAINT `meta_data_people_person_id_fk` FOREIGN KEY (`person_id`) REFERENCES `people` (`id`) ON DELETE CASCADE,
  CONSTRAINT `meta_data_people_meta_datum_id_fk` FOREIGN KEY (`meta_datum_id`) REFERENCES `meta_data` (`id`) ON DELETE CASCADE
) ENGINE=InnoDB DEFAULT CHARSET=latin1;
/*!40101 SET character_set_client = @saved_cs_client */;

--
-- Dumping data for table `meta_data_people`
--

LOCK TABLES `meta_data_people` WRITE;
/*!40000 ALTER TABLE `meta_data_people` DISABLE KEYS */;
INSERT INTO `meta_data_people` VALUES (41,7),(57,9);
/*!40000 ALTER TABLE `meta_data_people` ENABLE KEYS */;
UNLOCK TABLES;

--
-- Table structure for table `meta_data_users`
--

DROP TABLE IF EXISTS `meta_data_users`;
/*!40101 SET @saved_cs_client     = @@character_set_client */;
/*!40101 SET character_set_client = utf8 */;
CREATE TABLE `meta_data_users` (
  `meta_datum_id` int(11) NOT NULL,
  `user_id` int(11) NOT NULL,
  UNIQUE KEY `index_meta_data_users_on_meta_datum_id_and_user_id` (`meta_datum_id`,`user_id`),
  KEY `meta_data_users_user_id_fk` (`user_id`),
  CONSTRAINT `meta_data_users_user_id_fk` FOREIGN KEY (`user_id`) REFERENCES `users` (`id`) ON DELETE CASCADE,
  CONSTRAINT `meta_data_users_meta_datum_id_fk` FOREIGN KEY (`meta_datum_id`) REFERENCES `meta_data` (`id`) ON DELETE CASCADE
) ENGINE=InnoDB DEFAULT CHARSET=latin1;
/*!40101 SET character_set_client = @saved_cs_client */;

--
-- Dumping data for table `meta_data_users`
--

LOCK TABLES `meta_data_users` WRITE;
/*!40000 ALTER TABLE `meta_data_users` DISABLE KEYS */;
INSERT INTO `meta_data_users` VALUES (35,6),(53,6);
/*!40000 ALTER TABLE `meta_data_users` ENABLE KEYS */;
UNLOCK TABLES;

--
-- Table structure for table `meta_key_definitions`
--

DROP TABLE IF EXISTS `meta_key_definitions`;
/*!40101 SET @saved_cs_client     = @@character_set_client */;
/*!40101 SET character_set_client = utf8 */;
CREATE TABLE `meta_key_definitions` (
  `id` int(11) NOT NULL AUTO_INCREMENT,
  `description_id` int(11) DEFAULT NULL,
  `hint_id` int(11) DEFAULT NULL,
  `label_id` int(11) DEFAULT NULL,
  `meta_context_id` int(11) NOT NULL,
  `meta_key_id` int(11) NOT NULL,
  `is_required` tinyint(1) DEFAULT '0',
  `length_max` int(11) DEFAULT NULL,
  `length_min` int(11) DEFAULT NULL,
  `position` int(11) NOT NULL,
  `key_map` varchar(255) CHARACTER SET utf8 DEFAULT NULL,
  `key_map_type` varchar(255) CHARACTER SET utf8 DEFAULT NULL,
  `created_at` datetime NOT NULL,
  `updated_at` datetime NOT NULL,
  PRIMARY KEY (`id`),
  UNIQUE KEY `index_meta_key_definitions_on_meta_context_id_and_position` (`meta_context_id`,`position`),
  KEY `index_meta_key_definitions_on_meta_key_id` (`meta_key_id`),
  KEY `meta_key_definitions_description_id_fk` (`description_id`),
  KEY `meta_key_definitions_hint_id_fk` (`hint_id`),
  KEY `meta_key_definitions_label_id_fk` (`label_id`),
  CONSTRAINT `meta_key_definitions_description_id_fk` FOREIGN KEY (`description_id`) REFERENCES `meta_terms` (`id`),
  CONSTRAINT `meta_key_definitions_hint_id_fk` FOREIGN KEY (`hint_id`) REFERENCES `meta_terms` (`id`),
  CONSTRAINT `meta_key_definitions_label_id_fk` FOREIGN KEY (`label_id`) REFERENCES `meta_terms` (`id`),
  CONSTRAINT `meta_key_definitions_meta_key_id_fk` FOREIGN KEY (`meta_key_id`) REFERENCES `meta_keys` (`id`)
) ENGINE=InnoDB AUTO_INCREMENT=838 DEFAULT CHARSET=latin1;
/*!40101 SET character_set_client = @saved_cs_client */;

--
-- Dumping data for table `meta_key_definitions`
--

LOCK TABLES `meta_key_definitions` WRITE;
/*!40000 ALTER TABLE `meta_key_definitions` DISABLE KEYS */;
INSERT INTO `meta_key_definitions` VALUES (1,276,NULL,1,1,3,0,NULL,NULL,1,NULL,NULL,'2012-04-20 12:01:52','2012-04-20 12:01:52'),(3,275,NULL,274,1,8,0,255,NULL,3,NULL,NULL,'2012-04-20 12:01:52','2012-04-20 12:01:52'),(4,278,NULL,7,1,9,0,NULL,NULL,4,NULL,NULL,'2012-04-20 12:01:52','2012-04-20 12:01:52'),(5,279,NULL,1431,1,52,0,NULL,NULL,5,NULL,NULL,'2012-04-20 12:01:52','2012-04-20 12:01:52'),(8,NULL,13,304,2,67,0,NULL,NULL,32,'objects.objectnumber',NULL,'2012-04-20 12:01:52','2012-04-20 12:01:52'),(9,NULL,14,304,2,68,0,NULL,NULL,33,'objects.objectname',NULL,'2012-04-20 12:01:52','2012-04-20 12:01:52'),(10,NULL,1,1,2,3,0,NULL,NULL,1,'objtitles.title titletypID=1',NULL,'2012-04-20 12:01:52','2012-04-20 12:01:52'),(11,NULL,196,16,2,4,0,NULL,NULL,2,'objtitles.title titletypID=6',NULL,'2012-04-20 12:01:52','2012-04-20 12:01:52'),(12,NULL,2645,18,2,25,0,NULL,NULL,8,'objects.chat',NULL,'2012-04-20 12:01:52','2012-04-20 12:01:52'),(14,NULL,212,21,2,28,0,NULL,NULL,9,'objects.notes',NULL,'2012-04-20 12:01:52','2012-04-20 12:01:52'),(15,NULL,311,254,2,8,0,255,NULL,5,'objects.dated',NULL,'2012-04-20 12:01:52','2012-04-20 12:01:52'),(17,NULL,2653,25,2,52,0,NULL,NULL,25,'objects.copyright typ=creditlinerepro',NULL,'2012-04-20 12:01:52','2012-04-20 12:01:52'),(18,NULL,244,108,2,57,0,NULL,NULL,30,'objects.dimensions',NULL,'2012-04-20 12:01:52','2012-04-20 12:01:52'),(19,NULL,333,332,2,58,0,NULL,NULL,31,'objects.medium',NULL,'2012-04-20 12:01:52','2012-04-20 12:01:52'),(20,NULL,NULL,NULL,3,5,1,NULL,NULL,1,'XMP-madek:Author',NULL,'2012-04-20 12:01:52','2012-04-20 12:01:52'),(21,NULL,NULL,NULL,3,6,0,NULL,NULL,2,'XMP-madek:AdditionalAuthors','Array','2012-04-20 12:01:52','2012-04-20 12:01:52'),(22,NULL,NULL,NULL,3,52,1,NULL,NULL,3,'XMP-dc:Rights',NULL,'2012-04-20 12:01:52','2012-04-20 12:01:52'),(23,NULL,NULL,NULL,3,53,0,NULL,NULL,4,'XMP-xmpRights:Marked',NULL,'2012-04-20 12:01:52','2012-04-20 12:01:52'),(24,NULL,NULL,NULL,3,54,0,NULL,NULL,5,'XMP-xmpRights:UsageTerms',NULL,'2012-04-20 12:01:52','2012-04-20 12:01:52'),(25,NULL,NULL,NULL,3,55,0,NULL,NULL,6,'XMP-xmpRights:WebStatement',NULL,'2012-04-20 12:01:52','2012-04-20 12:01:52'),(26,NULL,NULL,NULL,3,62,1,NULL,NULL,7,'XMP-photoshop:CaptionWriter',NULL,'2012-04-20 12:01:52','2012-04-20 12:01:52'),(27,NULL,NULL,NULL,3,34,1,255,2,8,'XMP-madek:Coverage',NULL,'2012-04-20 12:01:52','2012-04-20 12:01:52'),(28,NULL,NULL,NULL,3,37,1,NULL,NULL,9,'XMP-dc:Creator',NULL,'2012-04-20 12:01:52','2012-04-20 12:01:52'),(29,NULL,NULL,NULL,3,46,1,NULL,NULL,10,'XMP-photoshop:AuthorsPosition',NULL,'2012-04-20 12:01:52','2012-04-20 12:01:52'),(30,NULL,NULL,NULL,3,38,1,32,1,11,'XMP-iptcCore:CreatorAddress',NULL,'2012-04-20 12:01:52','2012-04-20 12:01:52'),(31,NULL,NULL,NULL,3,39,1,32,1,12,'XMP-iptcCore:CreatorCity',NULL,'2012-04-20 12:01:52','2012-04-20 12:01:52'),(32,NULL,NULL,NULL,3,40,1,32,1,13,'XMP-iptcCore:CreatorRegion',NULL,'2012-04-20 12:01:52','2012-04-20 12:01:52'),(33,NULL,NULL,NULL,3,42,1,32,1,14,'XMP-iptcCore:CreatorCountry',NULL,'2012-04-20 12:01:52','2012-04-20 12:01:52'),(34,NULL,NULL,NULL,3,41,1,32,1,15,'XMP-iptcCore:CreatorPostalCode',NULL,'2012-04-20 12:01:52','2012-04-20 12:01:52'),(35,NULL,NULL,NULL,3,43,1,32,1,16,'XMP-iptcCore:CreatorWorkTelephone',NULL,'2012-04-20 12:01:52','2012-04-20 12:01:52'),(36,NULL,NULL,NULL,3,44,1,32,1,17,'XMP-iptcCore:CreatorWorkEmail',NULL,'2012-04-20 12:01:52','2012-04-20 12:01:52'),(37,NULL,NULL,NULL,3,45,1,32,1,18,'XMP-iptcCore:CreatorWorkURL',NULL,'2012-04-20 12:01:52','2012-04-20 12:01:52'),(38,NULL,NULL,NULL,3,25,1,4096,1,19,'XMP-dc:Description',NULL,'2012-04-20 12:01:52','2012-04-20 12:01:52'),(39,NULL,NULL,NULL,3,64,1,NULL,NULL,20,'XMP-madek:Format',NULL,'2012-04-20 12:01:52','2012-04-20 12:01:52'),(40,NULL,NULL,NULL,3,29,0,NULL,NULL,21,'XMP-madek:Hyperlinks',NULL,'2012-04-20 12:01:52','2012-04-20 12:01:52'),(41,NULL,NULL,NULL,3,7,0,NULL,NULL,22,'XMP-madek:InstitutionalAffiliation',NULL,'2012-04-20 12:01:52','2012-04-20 12:01:52'),(42,NULL,NULL,NULL,3,1,1,255,1,23,'XMP-dc:Identifier',NULL,'2012-04-20 12:01:52','2012-04-20 12:01:52'),(43,NULL,NULL,NULL,3,9,1,NULL,NULL,24,'XMP-dc:Subject','Array','2012-04-20 12:01:52','2012-04-20 12:01:52'),(44,NULL,NULL,NULL,3,35,1,NULL,NULL,25,'XMP-madek:Language',NULL,'2012-04-20 12:01:52','2012-04-20 12:01:52'),(45,NULL,NULL,NULL,3,18,0,255,1,26,'XMP-madek:OtherCreativeParticipants',NULL,'2012-04-20 12:01:52','2012-04-20 12:01:52'),(46,NULL,NULL,NULL,3,19,0,255,1,27,'XMP-madek:OtherDocumentParticipants',NULL,'2012-04-20 12:01:52','2012-04-20 12:01:52'),(47,NULL,NULL,NULL,3,21,0,NULL,NULL,28,'XMP-madek:patron',NULL,'2012-04-20 12:01:52','2012-04-20 12:01:52'),(48,NULL,NULL,NULL,3,16,0,NULL,NULL,29,'XMP-madek:PortrayedPerson',NULL,'2012-04-20 12:01:52','2012-04-20 12:01:52'),(49,NULL,NULL,NULL,3,17,0,NULL,NULL,30,'XMP-madek:PortrayedInstitution',NULL,'2012-04-20 12:01:52','2012-04-20 12:01:52'),(50,NULL,NULL,NULL,3,23,0,NULL,NULL,31,'XMP-madek:ProjectLeader',NULL,'2012-04-20 12:01:52','2012-04-20 12:01:52'),(51,NULL,NULL,NULL,3,27,0,NULL,NULL,32,'XMP-madek:PublicCaption',NULL,'2012-04-20 12:01:52','2012-04-20 12:01:52'),(52,NULL,NULL,NULL,3,57,0,NULL,NULL,33,'XMP-madek:PortrayedObjectDimensions',NULL,'2012-04-20 12:01:52','2012-04-20 12:01:52'),(53,NULL,NULL,NULL,3,58,0,NULL,NULL,34,'XMP-madek:PortrayedObjectMaterials',NULL,'2012-04-20 12:01:52','2012-04-20 12:01:52'),(54,NULL,NULL,NULL,3,8,1,255,NULL,35,'XMP-madek:PortrayedObjectDates',NULL,'2012-04-20 12:01:52','2012-04-20 12:01:52'),(55,NULL,NULL,NULL,3,15,1,32,1,36,'XMP-iptcCore:CountryCode',NULL,'2012-04-20 12:01:52','2012-04-20 12:01:52'),(56,NULL,NULL,NULL,3,11,1,32,1,37,'XMP-iptcCore:Location',NULL,'2012-04-20 12:01:52','2012-04-20 12:01:52'),(57,NULL,NULL,NULL,3,12,1,32,1,38,'XMP-photoshop:City',NULL,'2012-04-20 12:01:52','2012-04-20 12:01:52'),(58,NULL,NULL,NULL,3,13,1,32,1,39,'XMP-photoshop:State',NULL,'2012-04-20 12:01:52','2012-04-20 12:01:52'),(59,NULL,NULL,NULL,3,14,1,32,1,40,'XMP-photoshop:Country',NULL,'2012-04-20 12:01:52','2012-04-20 12:01:52'),(60,NULL,NULL,NULL,3,56,1,NULL,NULL,41,'XMP-photoshop:Credit',NULL,'2012-04-20 12:01:52','2012-04-20 12:01:52'),(61,NULL,NULL,NULL,3,59,1,NULL,NULL,42,'XMP-xmp:Rating',NULL,'2012-04-20 12:01:52','2012-04-20 12:01:52'),(62,NULL,NULL,NULL,3,36,1,NULL,NULL,43,'XMP-madek:Relation',NULL,'2012-04-20 12:01:52','2012-04-20 12:01:52'),(63,NULL,NULL,NULL,3,28,0,NULL,NULL,44,'XMP-madek:Remark',NULL,'2012-04-20 12:01:52','2012-04-20 12:01:52'),(64,NULL,NULL,NULL,3,47,1,NULL,NULL,45,'XMP-photoshop:Source',NULL,'2012-04-20 12:01:52','2012-04-20 12:01:52'),(65,NULL,NULL,NULL,3,49,0,NULL,NULL,46,'XMP-madek:SourceImage',NULL,'2012-04-20 12:01:52','2012-04-20 12:01:52'),(66,NULL,NULL,NULL,3,50,0,NULL,NULL,47,'XMP-madek:SourcePlate',NULL,'2012-04-20 12:01:52','2012-04-20 12:01:52'),(67,NULL,NULL,NULL,3,48,0,NULL,NULL,48,'XMP-madek:SourceSide',NULL,'2012-04-20 12:01:52','2012-04-20 12:01:52'),(68,NULL,NULL,NULL,3,51,0,NULL,NULL,49,'XMP-madek:SourceIsbn',NULL,'2012-04-20 12:01:52','2012-04-20 12:01:52'),(69,NULL,NULL,NULL,3,32,1,32,1,50,'XMP-iptcCore:Scene',NULL,'2012-04-20 12:01:52','2012-04-20 12:01:52'),(70,NULL,NULL,NULL,3,33,1,32,1,51,'XMP-iptcCore:SubjectCode',NULL,'2012-04-20 12:01:52','2012-04-20 12:01:52'),(71,NULL,NULL,NULL,3,26,0,NULL,NULL,52,'XMP-madek:ShortDescription',NULL,'2012-04-20 12:01:52','2012-04-20 12:01:52'),(72,NULL,NULL,NULL,3,4,0,NULL,NULL,53,'XMP-photoshop:Headline',NULL,'2012-04-20 12:01:52','2012-04-20 12:01:52'),(73,NULL,NULL,NULL,3,3,1,4096,1,54,'XMP-dc:Title',NULL,'2012-04-20 12:01:52','2012-04-20 12:01:52'),(74,NULL,NULL,NULL,3,31,1,NULL,NULL,55,'XMP-dc:Type',NULL,'2012-04-20 12:01:52','2012-04-20 12:01:52'),(75,NULL,NULL,NULL,3,24,1,NULL,NULL,56,'XMP-madek:ProjectType',NULL,'2012-04-20 12:01:52','2012-04-20 12:01:52'),(76,NULL,NULL,NULL,3,22,0,NULL,NULL,57,'XMP-madek:AcademicYear',NULL,'2012-04-20 12:01:52','2012-04-20 12:01:52'),(77,NULL,NULL,NULL,3,20,0,NULL,NULL,58,'XMP-madek:ParticipatingInstitution',NULL,'2012-04-20 12:01:52','2012-04-20 12:01:52'),(78,NULL,NULL,NULL,3,63,0,NULL,NULL,59,'XMP-madek:Publisher',NULL,'2012-04-20 12:01:52','2012-04-20 12:01:52'),(79,NULL,NULL,NULL,3,66,0,NULL,NULL,60,'XMP-madek:TransmissionReference',NULL,'2012-04-20 12:01:52','2012-04-20 12:01:52'),(80,NULL,NULL,NULL,3,2,0,NULL,NULL,61,'XMP-madek:Urn',NULL,'2012-04-20 12:01:52','2012-04-20 12:01:52'),(81,NULL,NULL,NULL,3,30,0,NULL,NULL,62,'XMP-madek:Tags',NULL,'2012-04-20 12:01:52','2012-04-20 12:01:52'),(82,NULL,NULL,NULL,3,65,0,NULL,NULL,63,'XMP-madek:DateCreated, XMP-photoshop:DateCreated',NULL,'2012-04-20 12:01:52','2012-04-20 12:01:52'),(83,276,1915,1919,4,3,0,NULL,NULL,1,NULL,NULL,'2012-04-20 12:01:52','2012-04-20 12:01:52'),(84,1917,NULL,16,4,4,0,NULL,NULL,2,NULL,NULL,'2012-04-20 12:01:52','2012-04-20 12:01:52'),(85,248,138,7,4,9,0,NULL,NULL,5,NULL,NULL,'2012-04-20 12:01:52','2012-04-20 12:01:52'),(86,917,139,3,4,5,0,NULL,NULL,3,NULL,NULL,'2012-04-20 12:01:52','2012-04-20 12:01:52'),(89,935,NULL,254,4,8,0,255,NULL,4,NULL,NULL,'2012-04-20 12:01:52','2012-04-20 12:01:52'),(90,256,NULL,255,4,11,0,NULL,NULL,11,NULL,NULL,'2012-04-20 12:01:52','2012-04-20 12:01:52'),(91,161,NULL,35,4,12,0,NULL,NULL,12,NULL,NULL,'2012-04-20 12:01:52','2012-04-20 12:01:52'),(92,162,NULL,37,4,13,0,NULL,NULL,13,NULL,NULL,'2012-04-20 12:01:52','2012-04-20 12:01:52'),(93,163,NULL,39,4,14,0,NULL,NULL,14,NULL,NULL,'2012-04-20 12:01:52','2012-04-20 12:01:52'),(94,164,NULL,41,4,15,0,NULL,NULL,15,NULL,NULL,'2012-04-20 12:01:52','2012-04-20 12:01:52'),(95,133,NULL,43,4,16,0,NULL,NULL,17,NULL,NULL,'2012-04-20 12:01:52','2012-04-20 12:01:52'),(97,168,167,46,4,18,0,NULL,NULL,16,NULL,NULL,'2012-04-20 12:01:52','2012-04-20 12:01:52'),(98,142,NULL,48,4,20,0,NULL,NULL,19,NULL,NULL,'2012-04-20 12:01:52','2012-04-20 12:01:52'),(99,141,NULL,49,4,21,0,NULL,NULL,20,NULL,NULL,'2012-04-20 12:01:52','2012-04-20 12:01:52'),(102,271,NULL,66,4,27,0,NULL,NULL,7,NULL,NULL,'2012-04-20 12:01:52','2012-04-20 12:01:52'),(103,272,158,18,4,25,0,NULL,NULL,8,NULL,NULL,'2012-04-20 12:01:52','2012-04-20 12:01:52'),(104,273,NULL,21,4,28,0,NULL,NULL,9,NULL,NULL,'2012-04-20 12:01:52','2012-04-20 12:01:52'),(105,360,359,70,4,29,0,NULL,NULL,10,NULL,NULL,'2012-04-20 12:01:52','2012-04-20 12:01:52'),(106,270,149,71,4,31,0,NULL,NULL,6,NULL,NULL,'2012-04-20 12:01:52','2012-04-20 12:01:52'),(108,260,139,184,5,37,0,NULL,NULL,1,NULL,NULL,'2012-04-20 12:01:52','2012-04-20 12:01:52'),(109,NULL,NULL,94,5,38,1,32,1,2,NULL,NULL,'2012-04-20 12:01:52','2012-04-20 12:01:52'),(110,NULL,NULL,35,5,39,1,32,1,3,NULL,NULL,'2012-04-20 12:01:52','2012-04-20 12:01:52'),(111,NULL,NULL,37,5,40,1,32,1,4,NULL,NULL,'2012-04-20 12:01:52','2012-04-20 12:01:52'),(112,NULL,NULL,95,5,41,1,32,1,5,NULL,NULL,'2012-04-20 12:01:52','2012-04-20 12:01:52'),(113,NULL,NULL,39,5,42,1,32,1,6,NULL,NULL,'2012-04-20 12:01:52','2012-04-20 12:01:52'),(114,NULL,NULL,96,5,43,1,32,1,7,NULL,NULL,'2012-04-20 12:01:52','2012-04-20 12:01:52'),(115,NULL,NULL,97,5,44,1,32,1,8,NULL,NULL,'2012-04-20 12:01:52','2012-04-20 12:01:52'),(116,NULL,NULL,98,5,45,1,32,1,9,NULL,NULL,'2012-04-20 12:01:52','2012-04-20 12:01:52'),(117,NULL,NULL,99,5,46,0,32,1,10,NULL,NULL,'2012-04-20 12:01:52','2012-04-20 12:01:52'),(118,178,177,100,5,19,0,NULL,NULL,11,NULL,NULL,'2012-04-20 12:01:52','2012-04-20 12:01:52'),(119,267,937,102,5,65,0,NULL,NULL,12,NULL,NULL,'2012-04-20 12:01:52','2012-04-20 12:01:52'),(122,175,185,108,5,57,0,NULL,NULL,15,NULL,NULL,'2012-04-20 12:01:52','2012-04-20 12:01:52'),(123,363,362,266,5,58,0,NULL,NULL,16,NULL,NULL,'2012-04-20 12:01:52','2012-04-20 12:01:52'),(124,395,NULL,1,6,3,1,255,NULL,1,NULL,NULL,'2012-04-20 12:01:52','2012-04-20 12:01:52'),(127,361,364,1431,7,52,0,NULL,NULL,1,NULL,NULL,'2012-04-20 12:01:52','2012-04-20 12:01:52'),(128,117,NULL,116,7,53,0,NULL,NULL,2,NULL,NULL,'2012-04-20 12:01:52','2012-04-20 12:01:52'),(129,365,NULL,118,7,54,0,NULL,NULL,3,NULL,NULL,'2012-04-20 12:01:52','2012-04-20 12:01:52'),(130,367,359,119,7,55,0,NULL,NULL,4,NULL,NULL,'2012-04-20 12:01:52','2012-04-20 12:01:52'),(131,153,NULL,1,8,3,1,255,1,1,NULL,NULL,'2012-04-20 12:01:52','2012-04-20 12:01:52'),(132,909,139,3,8,5,0,NULL,NULL,2,NULL,NULL,'2012-04-20 12:01:52','2012-04-20 12:01:52'),(133,935,NULL,274,8,8,0,255,NULL,3,NULL,NULL,'2012-04-20 12:01:52','2012-04-20 12:01:52'),(134,248,138,7,8,9,0,NULL,NULL,4,NULL,NULL,'2012-04-20 12:01:52','2012-04-20 12:01:52'),(135,361,364,1431,8,52,1,255,1,5,NULL,NULL,'2012-04-20 12:01:52','2012-04-20 12:01:52'),(136,121,NULL,116,8,53,0,NULL,NULL,6,NULL,NULL,'2012-04-20 12:01:52','2012-04-20 12:01:52'),(137,365,NULL,118,8,54,0,NULL,NULL,7,NULL,NULL,'2012-04-20 12:01:52','2012-04-20 12:01:52'),(138,367,359,119,8,55,0,NULL,NULL,8,NULL,NULL,'2012-04-20 12:01:52','2012-04-20 12:01:52'),(140,NULL,NULL,NULL,3,69,0,NULL,NULL,64,'XMP-photoshop:ColorMode',NULL,'2012-04-20 12:01:52','2012-04-20 12:01:52'),(141,NULL,NULL,NULL,3,70,0,NULL,NULL,65,'XMP-photoshop:History',NULL,'2012-04-20 12:01:52','2012-04-20 12:01:52'),(142,NULL,NULL,NULL,3,71,0,NULL,NULL,66,'XMP-iptcCore:IntellectualGenre',NULL,'2012-04-20 12:01:52','2012-04-20 12:01:52'),(145,NULL,NULL,NULL,3,72,0,NULL,NULL,67,'XMP-iptcCore:CreatorContactInfo',NULL,'2012-04-20 12:01:52','2012-04-20 12:01:52'),(146,188,1507,30,9,7,0,NULL,NULL,1,NULL,NULL,'2012-04-20 12:01:52','2012-04-20 12:01:52'),(147,358,149,189,9,24,0,NULL,NULL,2,NULL,NULL,'2012-04-20 12:01:52','2012-04-20 12:01:52'),(148,2013,149,2011,9,22,0,NULL,NULL,3,NULL,NULL,'2012-04-20 12:01:52','2012-04-20 12:01:52'),(149,146,NULL,65,9,23,0,NULL,NULL,5,NULL,NULL,'2012-04-20 12:01:52','2012-04-20 12:01:52'),(150,262,192,104,7,47,0,NULL,NULL,5,NULL,NULL,'2012-04-20 12:01:52','2012-04-20 12:01:52'),(152,193,366,106,7,56,0,NULL,NULL,6,NULL,NULL,'2012-04-20 12:01:52','2012-04-20 12:01:52'),(180,301,NULL,300,9,73,0,NULL,NULL,4,NULL,NULL,'2012-04-20 12:01:52','2012-04-20 12:01:52'),(181,400,138,302,6,9,0,NULL,NULL,3,NULL,NULL,'2012-04-20 12:01:52','2012-04-20 12:01:52'),(182,399,158,208,6,25,0,NULL,NULL,4,NULL,NULL,'2012-04-20 12:01:52','2012-04-20 12:01:52'),(185,NULL,NULL,3,1,5,0,NULL,NULL,2,NULL,NULL,'2012-04-20 12:01:52','2012-04-20 12:01:52'),(186,4357,139,3,6,5,0,NULL,NULL,2,NULL,NULL,'2012-04-20 12:01:52','2012-04-20 12:01:52'),(187,NULL,305,305,2,73,0,NULL,NULL,3,'objtitles.title titletypID=99||sites.sitename',NULL,'2012-04-20 12:01:52','2012-04-20 12:01:52'),(188,NULL,307,198,2,5,0,NULL,NULL,4,'person RoleTypeID=1 RoleID=150',NULL,'2012-04-20 12:01:52','2012-04-20 12:01:52'),(189,NULL,2657,308,2,74,0,NULL,NULL,29,'objects.publicaccess',NULL,'2012-04-20 12:01:52','2012-04-20 12:01:52'),(190,NULL,2651,200,2,7,0,NULL,NULL,23,'person RoleTypeID=1 RoleID=251',NULL,'2012-04-20 12:01:52','2012-04-20 12:01:52'),(191,NULL,204,302,2,9,0,NULL,NULL,6,'textentries textart=Stichworte',NULL,'2012-04-20 12:01:52','2012-04-20 12:01:52'),(192,NULL,206,317,2,31,0,NULL,NULL,7,'textentries textart=Gattung',NULL,'2012-04-20 12:01:52','2012-04-20 12:01:52'),(194,NULL,214,214,2,29,0,NULL,NULL,10,'textentries textart=\"Web-Link\"',NULL,'2012-04-20 12:01:52','2012-04-20 12:01:52'),(195,NULL,2649,216,2,16,0,NULL,NULL,19,'person RoleTypeID=1 RoleID=155',NULL,'2012-04-20 12:01:52','2012-04-20 12:01:52'),(196,NULL,218,218,2,17,0,NULL,NULL,20,'person RoleTypeID=1 RoleID=156',NULL,'2012-04-20 12:01:52','2012-04-20 12:01:52'),(197,NULL,321,220,2,18,0,NULL,NULL,16,'person RoleTypeID=1 RoleID=86',NULL,'2012-04-20 12:01:52','2012-04-20 12:01:52'),(198,NULL,2647,222,2,20,0,NULL,NULL,17,'person RoleTypeID=1 RoleID=87',NULL,'2012-04-20 12:01:52','2012-04-20 12:01:52'),(199,NULL,224,224,2,21,0,NULL,NULL,18,'person RoleTypeID=1 RoleID=22',NULL,'2012-04-20 12:01:52','2012-04-20 12:01:52'),(201,NULL,229,229,2,23,0,NULL,NULL,24,'person RoleTypeID=1 RoleID=61',NULL,'2012-04-20 12:01:52','2012-04-20 12:01:52'),(202,NULL,325,231,2,37,0,NULL,NULL,21,'person RoleTypeID=1 RoleID=21',NULL,'2012-04-20 12:01:52','2012-04-20 12:01:52'),(203,NULL,326,233,2,19,0,NULL,NULL,22,'textentries textart=\"Weitere Personen\"',NULL,'2012-04-20 12:01:52','2012-04-20 12:01:52'),(205,NULL,239,239,2,54,0,NULL,NULL,27,'objects.copyright typ=restrictions',NULL,'2012-04-20 12:01:52','2012-04-20 12:01:52'),(206,NULL,329,241,2,55,0,NULL,NULL,28,'objects.copyright typ=restrictions',NULL,'2012-04-20 12:01:52','2012-04-20 12:01:52'),(208,NULL,334,334,2,11,0,NULL,NULL,11,'textentries textart=Geografie typ=\"Standort/Aufführungsort\"',NULL,'2012-04-20 12:01:52','2012-04-20 12:01:52'),(209,NULL,335,336,2,12,0,NULL,NULL,12,'textentries textart=Geografie typ=Stadt',NULL,'2012-04-20 12:01:52','2012-04-20 12:01:52'),(210,NULL,335,337,2,13,0,NULL,NULL,13,'textentries textart=Geografie typ=\"Kanton/Bundesland\"',NULL,'2012-04-20 12:01:52','2012-04-20 12:01:52'),(211,NULL,335,338,2,14,0,NULL,NULL,14,'textentries textart=Geografie typ=Land',NULL,'2012-04-20 12:01:52','2012-04-20 12:01:52'),(212,NULL,335,339,2,15,0,NULL,NULL,15,'textentries textart=Geografie typ=\"ISO-Ländercode\"',NULL,'2012-04-20 12:01:52','2012-04-20 12:01:52'),(217,368,139,348,7,62,0,NULL,NULL,7,NULL,NULL,'2012-04-20 12:01:52','2012-04-20 12:01:52'),(218,371,349,349,2,62,0,NULL,NULL,35,'textentries textart=\"Erfasser/in\"',NULL,'2012-04-20 12:01:52','2012-04-20 12:01:52'),(219,369,355,355,2,77,0,NULL,NULL,36,'textentries textart=\"Erfasser/in vor dem Hochladen ins Medienarchiv\"',NULL,'2012-04-20 12:01:52','2012-04-20 12:01:52'),(220,370,2659,353,2,78,0,NULL,NULL,37,'textentries textart=\"Erfasser/in vor dem Kopieren fürs MIZ-Achiv\"',NULL,'2012-04-20 12:01:52','2012-04-20 12:01:52'),(221,369,139,355,7,77,0,NULL,NULL,8,NULL,NULL,'2012-04-20 12:01:53','2012-04-20 12:01:53'),(224,NULL,NULL,394,6,61,0,NULL,NULL,7,NULL,NULL,'2012-04-20 12:01:53','2012-04-20 12:01:53'),(225,NULL,NULL,NULL,3,79,0,NULL,NULL,68,'XMP-photoshop:SidecarForExtension',NULL,'2012-04-20 12:01:53','2012-04-20 12:01:53'),(227,NULL,981,979,15,81,0,NULL,NULL,1,NULL,NULL,'2012-04-20 12:01:53','2012-04-20 12:01:53'),(229,NULL,981,983,15,83,0,NULL,NULL,2,NULL,NULL,'2012-04-20 12:01:53','2012-04-20 12:01:53'),(231,1415,987,985,15,85,0,NULL,NULL,10,NULL,NULL,'2012-04-20 12:01:53','2012-04-20 12:01:53'),(233,993,NULL,991,15,87,0,NULL,NULL,3,NULL,NULL,'2012-04-20 12:01:53','2012-04-20 12:01:53'),(235,1015,987,995,15,89,0,NULL,NULL,5,NULL,NULL,'2012-04-20 12:01:53','2012-04-20 12:01:53'),(237,1001,987,999,15,91,0,NULL,NULL,9,NULL,NULL,'2012-04-20 12:01:53','2012-04-20 12:01:53'),(239,NULL,981,1003,15,93,0,NULL,NULL,4,NULL,NULL,'2012-04-20 12:01:53','2012-04-20 12:01:53'),(241,1007,NULL,1005,15,95,0,1,NULL,6,NULL,NULL,'2012-04-20 12:01:53','2012-04-20 12:01:53'),(243,NULL,149,1009,15,97,0,NULL,NULL,7,NULL,NULL,'2012-04-20 12:01:53','2012-04-20 12:01:53'),(245,1013,NULL,1011,15,99,0,1,NULL,8,NULL,NULL,'2012-04-20 12:01:53','2012-04-20 12:01:53'),(247,208,1189,1187,11,97,0,NULL,NULL,0,NULL,NULL,'2012-04-20 12:01:53','2012-04-20 12:01:53'),(249,NULL,NULL,NULL,3,101,0,NULL,NULL,69,'XMP-photoshop:Category',NULL,'2012-04-20 12:01:53','2012-04-20 12:01:53'),(251,NULL,NULL,1489,17,103,0,NULL,NULL,0,NULL,NULL,'2012-04-20 12:01:53','2012-04-20 12:01:53'),(253,NULL,NULL,1503,19,105,0,NULL,NULL,1,NULL,NULL,'2012-04-20 12:01:53','2012-04-20 12:01:53'),(255,3537,NULL,1633,21,107,0,NULL,NULL,8,NULL,NULL,'2012-04-20 12:01:53','2012-04-20 12:01:53'),(257,3529,NULL,3432,21,109,0,NULL,NULL,5,NULL,NULL,'2012-04-20 12:01:53','2012-04-20 12:01:53'),(259,3523,NULL,3521,21,111,0,NULL,NULL,2,NULL,NULL,'2012-04-20 12:01:53','2012-04-20 12:01:53'),(261,3527,NULL,1637,21,117,0,NULL,NULL,4,NULL,NULL,'2012-04-20 12:01:53','2012-04-20 12:01:53'),(263,3531,NULL,1639,21,119,0,NULL,NULL,6,NULL,NULL,'2012-04-20 12:01:53','2012-04-20 12:01:53'),(265,3525,NULL,1641,21,115,0,NULL,NULL,3,NULL,NULL,'2012-04-20 12:01:53','2012-04-20 12:01:53'),(267,3533,NULL,1803,21,121,0,NULL,NULL,7,NULL,NULL,'2012-04-20 12:01:53','2012-04-20 12:01:53'),(269,3519,NULL,1645,21,113,0,NULL,NULL,1,NULL,NULL,'2012-04-20 12:01:53','2012-04-20 12:01:53'),(271,NULL,NULL,1981,19,123,0,NULL,NULL,7,NULL,NULL,'2012-04-20 12:01:53','2012-04-20 12:01:53'),(273,NULL,NULL,1667,19,125,0,NULL,NULL,2,NULL,NULL,'2012-04-20 12:01:53','2012-04-20 12:01:53'),(275,NULL,NULL,1641,19,127,0,NULL,NULL,3,NULL,NULL,'2012-04-20 12:01:53','2012-04-20 12:01:53'),(277,NULL,NULL,1669,19,129,0,NULL,NULL,4,NULL,NULL,'2012-04-20 12:01:53','2012-04-20 12:01:53'),(281,NULL,NULL,1813,23,133,0,NULL,NULL,1,NULL,NULL,'2012-04-20 12:01:53','2012-04-20 12:01:53'),(287,NULL,NULL,1819,23,137,0,NULL,NULL,2,NULL,NULL,'2012-04-20 12:01:53','2012-04-20 12:01:53'),(297,NULL,NULL,NULL,3,139,0,NULL,NULL,70,'QuickTime:CreateDate',NULL,'2012-04-20 12:01:53','2012-04-20 12:01:53'),(299,NULL,NULL,NULL,3,141,0,NULL,NULL,71,'QuickTime:CurrentTime',NULL,'2012-04-20 12:01:53','2012-04-20 12:01:53'),(301,NULL,NULL,NULL,3,143,0,NULL,NULL,72,'QuickTime:Duration',NULL,'2012-04-20 12:01:53','2012-04-20 12:01:53'),(303,NULL,NULL,NULL,3,145,0,NULL,NULL,73,'QuickTime:Free',NULL,'2012-04-20 12:01:53','2012-04-20 12:01:53'),(305,NULL,NULL,NULL,3,147,0,NULL,NULL,74,'QuickTime:MatrixStructure',NULL,'2012-04-20 12:01:53','2012-04-20 12:01:53'),(307,NULL,NULL,NULL,3,149,0,NULL,NULL,75,'QuickTime:ModifyDate',NULL,'2012-04-20 12:01:53','2012-04-20 12:01:53'),(309,NULL,NULL,NULL,3,151,0,NULL,NULL,76,'QuickTime:MovieData',NULL,'2012-04-20 12:01:53','2012-04-20 12:01:53'),(311,NULL,NULL,NULL,3,153,0,NULL,NULL,77,'QuickTime:MovieDataSize',NULL,'2012-04-20 12:01:53','2012-04-20 12:01:53'),(313,NULL,NULL,NULL,3,155,0,NULL,NULL,78,'QuickTime:MovieHeaderVersion',NULL,'2012-04-20 12:01:53','2012-04-20 12:01:53'),(315,NULL,NULL,NULL,3,157,0,NULL,NULL,79,'QuickTime:NextTrackID',NULL,'2012-04-20 12:01:53','2012-04-20 12:01:53'),(317,NULL,NULL,NULL,3,159,0,NULL,NULL,80,'QuickTime:PosterTime',NULL,'2012-04-20 12:01:53','2012-04-20 12:01:53'),(319,NULL,NULL,NULL,3,161,0,NULL,NULL,81,'QuickTime:PreferredRate',NULL,'2012-04-20 12:01:53','2012-04-20 12:01:53'),(321,NULL,NULL,NULL,3,163,0,NULL,NULL,82,'QuickTime:PreferredVolume',NULL,'2012-04-20 12:01:53','2012-04-20 12:01:53'),(323,NULL,NULL,NULL,3,165,0,NULL,NULL,83,'QuickTime:PreviewDuration',NULL,'2012-04-20 12:01:53','2012-04-20 12:01:53'),(325,NULL,NULL,NULL,3,167,0,NULL,NULL,84,'QuickTime:PreviewTime',NULL,'2012-04-20 12:01:53','2012-04-20 12:01:53'),(327,NULL,NULL,NULL,3,169,0,NULL,NULL,85,'QuickTime:SelectionDuration',NULL,'2012-04-20 12:01:53','2012-04-20 12:01:53'),(329,NULL,NULL,NULL,3,171,0,NULL,NULL,86,'QuickTime:SelectionTime',NULL,'2012-04-20 12:01:53','2012-04-20 12:01:53'),(331,NULL,NULL,NULL,3,173,0,NULL,NULL,87,'QuickTime:TimeScale',NULL,'2012-04-20 12:01:53','2012-04-20 12:01:53'),(333,NULL,NULL,NULL,3,175,0,NULL,NULL,88,'QuickTime:Wide',NULL,'2012-04-20 12:01:53','2012-04-20 12:01:53'),(335,NULL,NULL,NULL,3,177,0,NULL,NULL,89,'Track1:AudioBitsPerSample',NULL,'2012-04-20 12:01:53','2012-04-20 12:01:53'),(337,NULL,NULL,NULL,3,179,0,NULL,NULL,90,'Track1:AudioChannels',NULL,'2012-04-20 12:01:53','2012-04-20 12:01:53'),(339,NULL,NULL,NULL,3,181,0,NULL,NULL,91,'Track1:AudioFormat',NULL,'2012-04-20 12:01:53','2012-04-20 12:01:53'),(341,NULL,NULL,NULL,3,183,0,NULL,NULL,92,'Track1:AudioSampleRate',NULL,'2012-04-20 12:01:53','2012-04-20 12:01:53'),(343,NULL,NULL,NULL,3,185,0,NULL,NULL,93,'Track1:Balance',NULL,'2012-04-20 12:01:53','2012-04-20 12:01:53'),(345,NULL,NULL,NULL,3,187,0,NULL,NULL,94,'Track1:ChunkOffset',NULL,'2012-04-20 12:01:53','2012-04-20 12:01:53'),(347,NULL,NULL,NULL,3,189,0,NULL,NULL,95,'Track1:HandlerClass',NULL,'2012-04-20 12:01:53','2012-04-20 12:01:53'),(349,NULL,NULL,NULL,3,191,0,NULL,NULL,96,'Track1:HandlerDescription',NULL,'2012-04-20 12:01:53','2012-04-20 12:01:53'),(351,NULL,NULL,NULL,3,193,0,NULL,NULL,97,'Track1:HandlerType',NULL,'2012-04-20 12:01:53','2012-04-20 12:01:53'),(353,NULL,NULL,NULL,3,195,0,NULL,NULL,98,'Track1:HandlerVendorID',NULL,'2012-04-20 12:01:53','2012-04-20 12:01:53'),(355,NULL,NULL,NULL,3,197,0,NULL,NULL,99,'Track1:MediaCreateDate',NULL,'2012-04-20 12:01:53','2012-04-20 12:01:53'),(357,NULL,NULL,NULL,3,199,0,NULL,NULL,100,'Track1:MediaDuration',NULL,'2012-04-20 12:01:53','2012-04-20 12:01:53'),(359,NULL,NULL,NULL,3,201,0,NULL,NULL,101,'Track1:MediaHeaderVersion',NULL,'2012-04-20 12:01:53','2012-04-20 12:01:53'),(361,NULL,NULL,NULL,3,203,0,NULL,NULL,102,'Track1:MediaModifyDate',NULL,'2012-04-20 12:01:53','2012-04-20 12:01:53'),(363,NULL,NULL,NULL,3,205,0,NULL,NULL,103,'Track1:MediaTimeScale',NULL,'2012-04-20 12:01:53','2012-04-20 12:01:53'),(365,NULL,NULL,NULL,3,207,0,NULL,NULL,104,'Track1:SampleSizes',NULL,'2012-04-20 12:01:53','2012-04-20 12:01:53'),(367,NULL,NULL,NULL,3,209,0,NULL,NULL,105,'Track1:SampleToChunk',NULL,'2012-04-20 12:01:53','2012-04-20 12:01:53'),(369,NULL,NULL,NULL,3,211,0,NULL,NULL,106,'Track1:TimeToSampleTable',NULL,'2012-04-20 12:01:53','2012-04-20 12:01:53'),(371,NULL,NULL,NULL,3,213,0,NULL,NULL,107,'Track1:TrackCreateDate',NULL,'2012-04-20 12:01:53','2012-04-20 12:01:53'),(373,NULL,NULL,NULL,3,215,0,NULL,NULL,108,'Track1:TrackDuration',NULL,'2012-04-20 12:01:53','2012-04-20 12:01:53'),(375,NULL,NULL,NULL,3,217,0,NULL,NULL,109,'Track1:TrackHeaderVersion',NULL,'2012-04-20 12:01:53','2012-04-20 12:01:53'),(377,NULL,NULL,NULL,3,219,0,NULL,NULL,110,'Track1:TrackID',NULL,'2012-04-20 12:01:53','2012-04-20 12:01:53'),(379,NULL,NULL,NULL,3,221,0,NULL,NULL,111,'Track1:TrackLayer',NULL,'2012-04-20 12:01:53','2012-04-20 12:01:53'),(381,NULL,NULL,NULL,3,223,0,NULL,NULL,112,'Track1:TrackModifyDate',NULL,'2012-04-20 12:01:53','2012-04-20 12:01:53'),(383,NULL,NULL,NULL,3,225,0,NULL,NULL,113,'Track1:TrackVolume',NULL,'2012-04-20 12:01:53','2012-04-20 12:01:53'),(385,NULL,NULL,NULL,3,227,0,NULL,NULL,114,'Track1:Unknown_alis',NULL,'2012-04-20 12:01:53','2012-04-20 12:01:53'),(387,NULL,NULL,NULL,3,229,0,NULL,NULL,115,'Track1:Unknown_edts',NULL,'2012-04-20 12:01:53','2012-04-20 12:01:53'),(389,NULL,NULL,NULL,3,231,0,NULL,NULL,116,'Track2:BitDepth',NULL,'2012-04-20 12:01:53','2012-04-20 12:01:53'),(391,NULL,NULL,NULL,3,233,0,NULL,NULL,117,'Track2:CompressorID',NULL,'2012-04-20 12:01:53','2012-04-20 12:01:53'),(393,NULL,NULL,NULL,3,235,0,NULL,NULL,118,'Track2:CompressorName',NULL,'2012-04-20 12:01:53','2012-04-20 12:01:53'),(395,NULL,NULL,NULL,3,237,0,NULL,NULL,119,'Track2:GraphicsMode',NULL,'2012-04-20 12:01:53','2012-04-20 12:01:53'),(397,NULL,NULL,NULL,3,239,0,NULL,NULL,120,'Track2:ImageHeight',NULL,'2012-04-20 12:01:53','2012-04-20 12:01:53'),(399,NULL,NULL,NULL,3,241,0,NULL,NULL,121,'Track2:ImageWidth',NULL,'2012-04-20 12:01:53','2012-04-20 12:01:53'),(401,NULL,NULL,NULL,3,243,0,NULL,NULL,122,'Track2:OpColor',NULL,'2012-04-20 12:01:53','2012-04-20 12:01:53'),(403,NULL,NULL,NULL,3,245,0,NULL,NULL,123,'Track2:SourceImageHeight',NULL,'2012-04-20 12:01:53','2012-04-20 12:01:53'),(405,NULL,NULL,NULL,3,247,0,NULL,NULL,124,'Track2:SourceImageWidth',NULL,'2012-04-20 12:01:53','2012-04-20 12:01:53'),(407,NULL,NULL,NULL,3,249,0,NULL,NULL,125,'Track2:SyncSampleTable',NULL,'2012-04-20 12:01:53','2012-04-20 12:01:53'),(409,NULL,NULL,NULL,3,251,0,NULL,NULL,126,'Track2:VendorID',NULL,'2012-04-20 12:01:53','2012-04-20 12:01:53'),(411,NULL,NULL,NULL,3,253,0,NULL,NULL,127,'Track2:VideoFrameRate',NULL,'2012-04-20 12:01:53','2012-04-20 12:01:53'),(413,NULL,NULL,NULL,3,255,0,NULL,NULL,128,'Track2:XResolution',NULL,'2012-04-20 12:01:53','2012-04-20 12:01:53'),(415,NULL,NULL,NULL,3,257,0,NULL,NULL,129,'Track2:YResolution',NULL,'2012-04-20 12:01:53','2012-04-20 12:01:53'),(417,NULL,NULL,NULL,3,259,0,NULL,NULL,130,'Composite:AvgBitrate',NULL,'2012-04-20 12:01:53','2012-04-20 12:01:53'),(419,NULL,NULL,NULL,3,261,0,NULL,NULL,131,'Composite:ImageSize',NULL,'2012-04-20 12:01:53','2012-04-20 12:01:53'),(421,NULL,NULL,NULL,3,263,0,NULL,NULL,132,'Composite:Rotation',NULL,'2012-04-20 12:01:53','2012-04-20 12:01:53'),(423,NULL,NULL,NULL,3,265,0,NULL,NULL,133,'QuickTime:TrackNumber',NULL,'2012-04-20 12:01:53','2012-04-20 12:01:53'),(425,NULL,NULL,NULL,3,267,0,NULL,NULL,134,'Track1:MediaLanguageCode',NULL,'2012-04-20 12:01:53','2012-04-20 12:01:53'),(427,NULL,NULL,NULL,3,269,0,NULL,NULL,135,'QuickTime:CompatibleBrands',NULL,'2012-04-20 12:01:53','2012-04-20 12:01:53'),(429,NULL,NULL,NULL,3,271,0,NULL,NULL,136,'QuickTime:MajorBrand',NULL,'2012-04-20 12:01:53','2012-04-20 12:01:53'),(431,NULL,NULL,NULL,3,273,0,NULL,NULL,137,'QuickTime:MinorVersion',NULL,'2012-04-20 12:01:53','2012-04-20 12:01:53'),(433,NULL,NULL,NULL,3,275,0,NULL,NULL,138,'QuickTime:InitialObjectDescriptor',NULL,'2012-04-20 12:01:53','2012-04-20 12:01:53'),(435,NULL,NULL,NULL,3,277,0,NULL,NULL,139,'QuickTime:Unknown_gshh',NULL,'2012-04-20 12:01:53','2012-04-20 12:01:53'),(437,NULL,NULL,NULL,3,279,0,NULL,NULL,140,'QuickTime:Unknown_gspm',NULL,'2012-04-20 12:01:53','2012-04-20 12:01:53'),(439,NULL,NULL,NULL,3,281,0,NULL,NULL,141,'QuickTime:Unknown_gspu',NULL,'2012-04-20 12:01:53','2012-04-20 12:01:53'),(441,NULL,NULL,NULL,3,283,0,NULL,NULL,142,'QuickTime:Unknown_gssd',NULL,'2012-04-20 12:01:53','2012-04-20 12:01:53'),(443,NULL,NULL,NULL,3,285,0,NULL,NULL,143,'QuickTime:Unknown_gsst',NULL,'2012-04-20 12:01:53','2012-04-20 12:01:53'),(445,NULL,NULL,NULL,3,287,0,NULL,NULL,144,'QuickTime:Unknown_gstd',NULL,'2012-04-20 12:01:53','2012-04-20 12:01:53'),(447,NULL,NULL,NULL,3,289,0,NULL,NULL,145,'MPEG:AudioBitrate',NULL,'2012-04-20 12:01:53','2012-04-20 12:01:53'),(449,NULL,NULL,NULL,3,291,0,NULL,NULL,146,'MPEG:AudioLayer',NULL,'2012-04-20 12:01:53','2012-04-20 12:01:53'),(451,NULL,NULL,NULL,3,293,0,NULL,NULL,147,'MPEG:ChannelMode',NULL,'2012-04-20 12:01:53','2012-04-20 12:01:53'),(453,NULL,NULL,NULL,3,295,0,NULL,NULL,148,'MPEG:CopyrightFlag',NULL,'2012-04-20 12:01:53','2012-04-20 12:01:53'),(455,NULL,NULL,NULL,3,297,0,NULL,NULL,149,'MPEG:Emphasis',NULL,'2012-04-20 12:01:53','2012-04-20 12:01:53'),(457,NULL,NULL,NULL,3,299,0,NULL,NULL,150,'MPEG:Encoder',NULL,'2012-04-20 12:01:53','2012-04-20 12:01:53'),(459,NULL,NULL,NULL,3,301,0,NULL,NULL,151,'MPEG:IntensityStereo',NULL,'2012-04-20 12:01:53','2012-04-20 12:01:53'),(461,NULL,NULL,NULL,3,303,0,NULL,NULL,152,'MPEG:LameBitrate',NULL,'2012-04-20 12:01:53','2012-04-20 12:01:53'),(463,NULL,NULL,NULL,3,305,0,NULL,NULL,153,'MPEG:LameLowPassFilter',NULL,'2012-04-20 12:01:53','2012-04-20 12:01:53'),(465,NULL,NULL,NULL,3,307,0,NULL,NULL,154,'MPEG:LameMethod',NULL,'2012-04-20 12:01:53','2012-04-20 12:01:53'),(467,NULL,NULL,NULL,3,309,0,NULL,NULL,155,'MPEG:LameQuality',NULL,'2012-04-20 12:01:53','2012-04-20 12:01:53'),(469,NULL,NULL,NULL,3,311,0,NULL,NULL,156,'MPEG:LameStereoMode',NULL,'2012-04-20 12:01:53','2012-04-20 12:01:53'),(471,NULL,NULL,NULL,3,313,0,NULL,NULL,157,'MPEG:LameVBRQuality',NULL,'2012-04-20 12:01:53','2012-04-20 12:01:53'),(473,NULL,NULL,NULL,3,315,0,NULL,NULL,158,'MPEG:MPEGAudioVersion',NULL,'2012-04-20 12:01:53','2012-04-20 12:01:53'),(475,NULL,NULL,NULL,3,317,0,NULL,NULL,159,'MPEG:MSStereo',NULL,'2012-04-20 12:01:53','2012-04-20 12:01:53'),(477,NULL,NULL,NULL,3,319,0,NULL,NULL,160,'MPEG:OriginalMedia',NULL,'2012-04-20 12:01:53','2012-04-20 12:01:53'),(479,NULL,NULL,NULL,3,321,0,NULL,NULL,161,'MPEG:SampleRate',NULL,'2012-04-20 12:01:53','2012-04-20 12:01:53'),(481,NULL,NULL,NULL,3,323,0,NULL,NULL,162,'File:ID3Size',NULL,'2012-04-20 12:01:53','2012-04-20 12:01:53'),(483,NULL,NULL,NULL,3,325,0,NULL,NULL,163,'ID3v1:Album',NULL,'2012-04-20 12:01:53','2012-04-20 12:01:53'),(485,NULL,NULL,NULL,3,327,0,NULL,NULL,164,'ID3v1:Artist',NULL,'2012-04-20 12:01:53','2012-04-20 12:01:53'),(487,NULL,NULL,NULL,3,329,0,NULL,NULL,165,'ID3v1:Comment',NULL,'2012-04-20 12:01:53','2012-04-20 12:01:53'),(489,NULL,NULL,NULL,3,331,0,NULL,NULL,166,'ID3v1:Genre',NULL,'2012-04-20 12:01:53','2012-04-20 12:01:53'),(491,NULL,NULL,NULL,3,333,0,NULL,NULL,167,'ID3v1:Track',NULL,'2012-04-20 12:01:53','2012-04-20 12:01:53'),(493,NULL,NULL,NULL,3,335,0,NULL,NULL,168,'ID3v1:Year',NULL,'2012-04-20 12:01:53','2012-04-20 12:01:53'),(495,NULL,NULL,NULL,3,337,0,NULL,NULL,169,'Composite:DateTimeOriginal',NULL,'2012-04-20 12:01:53','2012-04-20 12:01:53'),(497,NULL,NULL,1981,23,123,0,NULL,NULL,5,NULL,NULL,'2012-04-20 12:01:53','2012-04-20 12:01:53'),(499,NULL,NULL,1981,15,123,0,NULL,NULL,13,NULL,NULL,'2012-04-20 12:01:53','2012-04-20 12:01:53'),(501,NULL,NULL,1993,23,339,0,NULL,NULL,4,NULL,NULL,'2012-04-20 12:01:53','2012-04-20 12:01:53'),(503,NULL,NULL,1993,15,339,0,NULL,NULL,12,NULL,NULL,'2012-04-20 12:01:53','2012-04-20 12:01:53'),(505,NULL,NULL,1811,23,331,0,NULL,NULL,3,NULL,NULL,'2012-04-20 12:01:53','2012-04-20 12:01:53'),(507,NULL,2035,2157,25,341,0,NULL,NULL,7,NULL,NULL,'2012-04-20 12:01:53','2012-04-20 12:01:53'),(509,NULL,2033,2031,25,343,0,NULL,NULL,5,NULL,NULL,'2012-04-20 12:01:53','2012-04-20 12:01:53'),(511,NULL,NULL,2037,25,345,0,NULL,NULL,1,NULL,NULL,'2012-04-20 12:01:53','2012-04-20 12:01:53'),(513,NULL,2041,2039,25,347,0,NULL,NULL,6,NULL,NULL,'2012-04-20 12:01:53','2012-04-20 12:01:53'),(515,NULL,2045,2043,25,349,0,NULL,NULL,11,NULL,NULL,'2012-04-20 12:01:53','2012-04-20 12:01:53'),(517,NULL,2049,2047,25,357,0,NULL,NULL,9,NULL,NULL,'2012-04-20 12:01:53','2012-04-20 12:01:53'),(519,NULL,2159,2051,25,355,0,NULL,NULL,8,NULL,NULL,'2012-04-20 12:01:53','2012-04-20 12:01:53'),(521,NULL,2057,2055,25,351,0,NULL,NULL,2,NULL,NULL,'2012-04-20 12:01:53','2012-04-20 12:01:53'),(523,NULL,NULL,2059,25,353,0,NULL,NULL,10,NULL,NULL,'2012-04-20 12:01:53','2012-04-20 12:01:53'),(525,NULL,NULL,NULL,3,359,0,NULL,NULL,170,'Track2:CompositionTimeToSample',NULL,'2012-04-20 12:01:53','2012-04-20 12:01:53'),(527,NULL,NULL,NULL,3,361,0,NULL,NULL,171,'Track2:CompositionToDecodeTimelineMapping',NULL,'2012-04-20 12:01:53','2012-04-20 12:01:53'),(529,NULL,NULL,NULL,3,363,0,NULL,NULL,172,'Track2:IdependentAndDisposableSamples',NULL,'2012-04-20 12:01:53','2012-04-20 12:01:53'),(531,NULL,NULL,NULL,3,365,0,NULL,NULL,173,'Track2:Unknown_tapt',NULL,'2012-04-20 12:01:53','2012-04-20 12:01:53'),(533,NULL,NULL,NULL,3,367,0,NULL,NULL,174,'QuickTime:ComAppleFinalcutstudioMediaUuid',NULL,'2012-04-20 12:01:53','2012-04-20 12:01:53'),(535,NULL,NULL,NULL,3,369,0,NULL,NULL,175,'Track1:Unknown_stps',NULL,'2012-04-20 12:01:53','2012-04-20 12:01:53'),(537,NULL,NULL,NULL,3,371,0,NULL,NULL,176,'Track1:Unknown_tmcd',NULL,'2012-04-20 12:01:53','2012-04-20 12:01:53'),(539,NULL,NULL,NULL,3,373,0,NULL,NULL,177,'Track3:GenBalance',NULL,'2012-04-20 12:01:53','2012-04-20 12:01:53'),(541,NULL,NULL,NULL,3,375,0,NULL,NULL,178,'Track3:GenFlags',NULL,'2012-04-20 12:01:53','2012-04-20 12:01:53'),(543,NULL,NULL,NULL,3,377,0,NULL,NULL,179,'Track3:GenGraphicsMode',NULL,'2012-04-20 12:01:53','2012-04-20 12:01:53'),(545,NULL,NULL,NULL,3,379,0,NULL,NULL,180,'Track3:GenMediaVersion',NULL,'2012-04-20 12:01:53','2012-04-20 12:01:53'),(547,NULL,NULL,NULL,3,381,0,NULL,NULL,181,'Track3:GenOpColor',NULL,'2012-04-20 12:01:53','2012-04-20 12:01:53'),(549,NULL,NULL,NULL,3,383,0,NULL,NULL,182,'Track3:OtherFormat',NULL,'2012-04-20 12:01:53','2012-04-20 12:01:53'),(551,NULL,NULL,NULL,3,385,0,NULL,NULL,183,'Track3:Unknown_kgtt',NULL,'2012-04-20 12:01:53','2012-04-20 12:01:53'),(553,NULL,NULL,NULL,3,387,0,NULL,NULL,184,'XMP-photoshop:SupplementalCategories',NULL,'2012-04-20 12:01:53','2012-04-20 12:01:53'),(555,NULL,NULL,NULL,3,389,0,NULL,NULL,185,'XMP-photoshop:Urgency',NULL,'2012-04-20 12:01:53','2012-04-20 12:01:53'),(557,NULL,NULL,1811,15,331,0,NULL,NULL,11,NULL,NULL,'2012-04-20 12:01:53','2012-04-20 12:01:53'),(559,NULL,NULL,2235,27,391,0,NULL,NULL,0,NULL,NULL,'2012-04-20 12:01:53','2012-04-20 12:01:53'),(561,NULL,NULL,2237,27,395,0,NULL,NULL,1,NULL,NULL,'2012-04-20 12:01:53','2012-04-20 12:01:53'),(563,NULL,NULL,2239,27,393,0,NULL,NULL,2,NULL,NULL,'2012-04-20 12:01:53','2012-04-20 12:01:53'),(565,NULL,NULL,1993,19,339,0,NULL,NULL,6,NULL,NULL,'2012-04-20 12:01:53','2012-04-20 12:01:53'),(567,NULL,NULL,1811,19,331,0,NULL,NULL,5,NULL,NULL,'2012-04-20 12:01:53','2012-04-20 12:01:53'),(569,NULL,2335,2331,25,397,0,NULL,NULL,3,NULL,NULL,'2012-04-20 12:01:53','2012-04-20 12:01:53'),(571,NULL,2407,2405,25,399,0,NULL,NULL,4,NULL,NULL,'2012-04-20 12:01:53','2012-04-20 12:01:53'),(573,NULL,NULL,NULL,3,401,0,NULL,NULL,186,'QuickTime:AudioGain',NULL,'2012-04-20 12:01:53','2012-04-20 12:01:53'),(575,NULL,NULL,NULL,3,403,0,NULL,NULL,187,'QuickTime:Bass',NULL,'2012-04-20 12:01:53','2012-04-20 12:01:53'),(577,NULL,NULL,NULL,3,405,0,NULL,NULL,188,'QuickTime:Brightness',NULL,'2012-04-20 12:01:53','2012-04-20 12:01:53'),(579,NULL,NULL,NULL,3,407,0,NULL,NULL,189,'QuickTime:Color',NULL,'2012-04-20 12:01:53','2012-04-20 12:01:53'),(581,NULL,NULL,NULL,3,409,0,NULL,NULL,190,'QuickTime:Contrast',NULL,'2012-04-20 12:01:53','2012-04-20 12:01:53'),(583,NULL,NULL,NULL,3,411,0,NULL,NULL,191,'QuickTime:Mute',NULL,'2012-04-20 12:01:53','2012-04-20 12:01:53'),(585,NULL,NULL,NULL,3,413,0,NULL,NULL,192,'QuickTime:PitchShift',NULL,'2012-04-20 12:01:53','2012-04-20 12:01:53'),(587,NULL,NULL,NULL,3,415,0,NULL,NULL,193,'QuickTime:PlayAllFrames',NULL,'2012-04-20 12:01:53','2012-04-20 12:01:53'),(589,NULL,NULL,NULL,3,417,0,NULL,NULL,194,'QuickTime:PlaySelection',NULL,'2012-04-20 12:01:53','2012-04-20 12:01:53'),(591,NULL,NULL,NULL,3,419,0,NULL,NULL,195,'QuickTime:PlayerVersion',NULL,'2012-04-20 12:01:53','2012-04-20 12:01:53'),(593,NULL,NULL,NULL,3,421,0,NULL,NULL,196,'QuickTime:Tint',NULL,'2012-04-20 12:01:53','2012-04-20 12:01:53'),(595,NULL,NULL,NULL,3,423,0,NULL,NULL,197,'QuickTime:Trebel',NULL,'2012-04-20 12:01:53','2012-04-20 12:01:53'),(597,NULL,NULL,NULL,3,425,0,NULL,NULL,198,'QuickTime:Version',NULL,'2012-04-20 12:01:53','2012-04-20 12:01:53'),(599,NULL,NULL,NULL,3,427,0,NULL,NULL,199,'QuickTime:WindowLocation',NULL,'2012-04-20 12:01:53','2012-04-20 12:01:53'),(601,NULL,NULL,NULL,3,429,0,NULL,NULL,200,'Track2:Unknown_load',NULL,'2012-04-20 12:01:53','2012-04-20 12:01:53'),(603,NULL,NULL,NULL,3,431,0,NULL,NULL,201,'XMP-photoshop:Instructions',NULL,'2012-04-20 12:01:53','2012-04-20 12:01:53'),(605,NULL,NULL,NULL,3,433,0,NULL,NULL,202,'QuickTime:Unknown_0x009b',NULL,'2012-04-20 12:01:53','2012-04-20 12:01:53'),(607,NULL,NULL,NULL,3,435,0,NULL,NULL,203,'QuickTime:Unknown_apmd',NULL,'2012-04-20 12:01:53','2012-04-20 12:01:53'),(609,NULL,NULL,NULL,3,437,0,NULL,NULL,204,'QuickTime:UserData_TSC',NULL,'2012-04-20 12:01:53','2012-04-20 12:01:53'),(611,NULL,NULL,NULL,3,439,0,NULL,NULL,205,'QuickTime:UserData_TSZ',NULL,'2012-04-20 12:01:53','2012-04-20 12:01:53'),(613,NULL,NULL,NULL,3,441,0,NULL,NULL,206,'Track1:Unknown_cios',NULL,'2012-04-20 12:01:53','2012-04-20 12:01:53'),(615,NULL,NULL,NULL,3,443,0,NULL,NULL,207,'ID3v2_2:EncodedBy',NULL,'2012-04-20 12:01:53','2012-04-20 12:01:53'),(617,NULL,NULL,NULL,3,445,0,NULL,NULL,208,'XMP-photoshop:DocumentAncestors',NULL,'2012-04-20 12:01:53','2012-04-20 12:01:53'),(619,NULL,NULL,NULL,3,447,0,NULL,NULL,209,'XMP-photoshop:TextLayerName',NULL,'2012-04-20 12:01:53','2012-04-20 12:01:53'),(621,NULL,NULL,NULL,3,449,0,NULL,NULL,210,'XMP-photoshop:TextLayerText',NULL,'2012-04-20 12:01:53','2012-04-20 12:01:53'),(623,NULL,NULL,NULL,3,451,0,NULL,NULL,211,'QuickTime:UserData_enc',NULL,'2012-04-20 12:01:53','2012-04-20 12:01:53'),(625,NULL,235,237,2,53,0,NULL,NULL,26,'ObjRights.copyright',NULL,'2012-04-20 12:01:53','2012-04-20 12:01:53'),(627,NULL,NULL,NULL,3,453,0,NULL,NULL,212,'QuickTime:SourceCredits',NULL,'2012-04-20 12:01:53','2012-04-20 12:01:53'),(629,NULL,NULL,NULL,3,455,0,NULL,NULL,213,'QuickTime:UserData_PRD',NULL,'2012-04-20 12:01:53','2012-04-20 12:01:53'),(631,NULL,NULL,NULL,3,457,0,NULL,NULL,214,'QuickTime:UserData_key',NULL,'2012-04-20 12:01:53','2012-04-20 12:01:53'),(633,NULL,NULL,NULL,3,459,0,NULL,NULL,215,'QuickTime:CompressorVersion',NULL,'2012-04-20 12:01:53','2012-04-20 12:01:53'),(635,NULL,NULL,NULL,3,461,0,NULL,NULL,216,'QuickTime:Unknown_CNDM',NULL,'2012-04-20 12:01:53','2012-04-20 12:01:53'),(637,NULL,NULL,NULL,3,463,0,NULL,NULL,217,'QuickTime:Unknown_free',NULL,'2012-04-20 12:01:53','2012-04-20 12:01:53'),(639,NULL,NULL,NULL,3,465,0,NULL,NULL,218,'Composite:Aperture',NULL,'2012-04-20 12:01:53','2012-04-20 12:01:53'),(641,NULL,NULL,NULL,3,467,0,NULL,NULL,219,'Composite:DriveMode',NULL,'2012-04-20 12:01:53','2012-04-20 12:01:53'),(643,NULL,NULL,NULL,3,469,0,NULL,NULL,220,'Composite:FocalLength35efl',NULL,'2012-04-20 12:01:53','2012-04-20 12:01:53'),(645,NULL,NULL,NULL,3,471,0,NULL,NULL,221,'Composite:Lens',NULL,'2012-04-20 12:01:53','2012-04-20 12:01:53'),(647,NULL,NULL,NULL,3,473,0,NULL,NULL,222,'Composite:Lens35efl',NULL,'2012-04-20 12:01:53','2012-04-20 12:01:53'),(649,NULL,NULL,NULL,3,475,0,NULL,NULL,223,'Composite:LensID',NULL,'2012-04-20 12:01:53','2012-04-20 12:01:53'),(651,NULL,NULL,NULL,3,477,0,NULL,NULL,224,'Composite:ShootingMode',NULL,'2012-04-20 12:01:53','2012-04-20 12:01:53'),(653,NULL,NULL,NULL,3,479,0,NULL,NULL,225,'Composite:ShutterSpeed',NULL,'2012-04-20 12:01:53','2012-04-20 12:01:53'),(655,NULL,NULL,NULL,3,481,0,NULL,NULL,226,'Canon:CanonFlashInfo',NULL,'2012-04-20 12:01:53','2012-04-20 12:01:53'),(657,NULL,NULL,NULL,3,483,0,NULL,NULL,227,'Canon:CanonFlashMode',NULL,'2012-04-20 12:01:53','2012-04-20 12:01:53'),(659,NULL,NULL,NULL,3,485,0,NULL,NULL,228,'Canon:FlashActivity',NULL,'2012-04-20 12:01:53','2012-04-20 12:01:53'),(661,NULL,NULL,NULL,3,487,0,NULL,NULL,229,'Canon:FlashBits',NULL,'2012-04-20 12:01:53','2012-04-20 12:01:53'),(663,NULL,NULL,NULL,3,489,0,NULL,NULL,230,'Canon:FlashExposureComp',NULL,'2012-04-20 12:01:53','2012-04-20 12:01:53'),(665,NULL,NULL,NULL,3,491,0,NULL,NULL,231,'Canon:FlashGuideNumber',NULL,'2012-04-20 12:01:53','2012-04-20 12:01:53'),(667,NULL,NULL,NULL,3,493,0,NULL,NULL,232,'Canon:FlashOutput',NULL,'2012-04-20 12:01:53','2012-04-20 12:01:53'),(669,NULL,NULL,NULL,3,495,0,NULL,NULL,233,'Canon:ManualFlashOutput',NULL,'2012-04-20 12:01:53','2012-04-20 12:01:53'),(671,NULL,NULL,NULL,3,497,0,NULL,NULL,234,'ExifIFD:Flash',NULL,'2012-04-20 12:01:53','2012-04-20 12:01:53'),(673,NULL,NULL,NULL,3,499,0,NULL,NULL,235,'ExifIFD:FlashpixVersion',NULL,'2012-04-20 12:01:53','2012-04-20 12:01:53'),(675,NULL,NULL,NULL,3,501,0,NULL,NULL,236,'RIFF:FrameCount',NULL,'2012-04-20 12:01:53','2012-04-20 12:01:53'),(677,NULL,NULL,NULL,3,503,0,NULL,NULL,237,'RIFF:FrameRate',NULL,'2012-04-20 12:01:53','2012-04-20 12:01:53'),(679,NULL,NULL,NULL,3,505,0,NULL,NULL,238,'RIFF:MaxDataRate',NULL,'2012-04-20 12:01:53','2012-04-20 12:01:53'),(681,NULL,NULL,NULL,3,507,0,NULL,NULL,239,'RIFF:Quality',NULL,'2012-04-20 12:01:53','2012-04-20 12:01:53'),(683,NULL,NULL,NULL,3,509,0,NULL,NULL,240,'RIFF:SampleSize',NULL,'2012-04-20 12:01:53','2012-04-20 12:01:53'),(685,NULL,NULL,NULL,3,511,0,NULL,NULL,241,'RIFF:Software',NULL,'2012-04-20 12:01:53','2012-04-20 12:01:53'),(687,NULL,NULL,NULL,3,513,0,NULL,NULL,242,'RIFF:StreamCount',NULL,'2012-04-20 12:01:53','2012-04-20 12:01:53'),(689,NULL,NULL,NULL,3,515,0,NULL,NULL,243,'RIFF:StreamType',NULL,'2012-04-20 12:01:53','2012-04-20 12:01:53'),(691,NULL,NULL,NULL,3,517,0,NULL,NULL,244,'RIFF:VideoCodec',NULL,'2012-04-20 12:01:53','2012-04-20 12:01:53'),(693,NULL,NULL,NULL,3,519,0,NULL,NULL,245,'RIFF:VideoFrameCount',NULL,'2012-04-20 12:01:53','2012-04-20 12:01:53'),(694,NULL,NULL,NULL,3,520,0,NULL,NULL,246,'MPEG:VBRBytes',NULL,'2012-04-20 12:01:53','2012-04-20 12:01:53'),(696,NULL,NULL,NULL,3,522,0,NULL,NULL,247,'MPEG:VBRFrames',NULL,'2012-04-20 12:01:53','2012-04-20 12:01:53'),(698,NULL,NULL,NULL,3,524,0,NULL,NULL,248,'ID3v2_4:EncoderSettings',NULL,'2012-04-20 12:01:53','2012-04-20 12:01:53'),(700,NULL,NULL,NULL,3,526,0,NULL,NULL,249,'ID3v2_4:EncodingTime',NULL,'2012-04-20 12:01:53','2012-04-20 12:01:53'),(702,NULL,NULL,NULL,3,528,0,NULL,NULL,250,'ID3v2_4:ReleaseTime',NULL,'2012-04-20 12:01:53','2012-04-20 12:01:53'),(704,NULL,NULL,NULL,3,530,0,NULL,NULL,251,'ID3v2_4:UserDefinedText',NULL,'2012-04-20 12:01:53','2012-04-20 12:01:53'),(709,NULL,NULL,3269,29,545,0,NULL,NULL,9,NULL,NULL,'2012-04-20 12:01:53','2012-04-20 12:01:53'),(711,NULL,3273,3271,29,535,0,NULL,NULL,3,NULL,NULL,'2012-04-20 12:01:53','2012-04-20 12:01:53'),(713,NULL,3277,3275,29,539,0,NULL,NULL,6,NULL,NULL,'2012-04-20 12:01:53','2012-04-20 12:01:53'),(715,NULL,3281,3279,29,537,0,NULL,NULL,5,NULL,NULL,'2012-04-20 12:01:53','2012-04-20 12:01:53'),(717,NULL,NULL,3283,29,541,0,NULL,NULL,7,NULL,NULL,'2012-04-20 12:01:53','2012-04-20 12:01:53'),(719,NULL,NULL,3285,29,533,0,NULL,NULL,1,NULL,NULL,'2012-04-20 12:01:53','2012-04-20 12:01:53'),(721,NULL,3369,3287,29,543,0,NULL,NULL,8,NULL,NULL,'2012-04-20 12:01:53','2012-04-20 12:01:53'),(723,NULL,NULL,3373,29,549,0,NULL,NULL,4,NULL,NULL,'2012-04-20 12:01:53','2012-04-20 12:01:53'),(725,NULL,NULL,3375,29,547,0,NULL,NULL,2,NULL,NULL,'2012-04-20 12:01:53','2012-04-20 12:01:53'),(727,NULL,NULL,NULL,3,551,0,NULL,NULL,252,'QuickTime:Unknown_Cr8r',NULL,'2012-04-20 12:01:53','2012-04-20 12:01:53'),(729,NULL,NULL,NULL,3,553,0,NULL,NULL,253,'QuickTime:Unknown_FIEL',NULL,'2012-04-20 12:01:53','2012-04-20 12:01:53'),(731,NULL,NULL,NULL,3,555,0,NULL,NULL,254,'QuickTime:Unknown_FXTC',NULL,'2012-04-20 12:01:53','2012-04-20 12:01:53'),(733,NULL,NULL,NULL,3,557,0,NULL,NULL,255,'QuickTime:Unknown_aeLK',NULL,'2012-04-20 12:01:53','2012-04-20 12:01:53'),(735,NULL,NULL,NULL,3,559,0,NULL,NULL,256,'RIFF:TextJunk',NULL,'2012-04-20 12:01:53','2012-04-20 12:01:53'),(737,NULL,NULL,NULL,3,561,0,NULL,NULL,257,'RIFF:TotalFrameCount',NULL,'2012-04-20 12:01:53','2012-04-20 12:01:53'),(739,NULL,NULL,NULL,3,563,0,NULL,NULL,258,'QuickTime:Requirements',NULL,'2012-04-20 12:01:53','2012-04-20 12:01:53'),(741,NULL,NULL,NULL,3,565,0,NULL,NULL,259,'QuickTime:CreationDate-deu',NULL,'2012-04-20 12:01:53','2012-04-20 12:01:53'),(743,NULL,NULL,NULL,3,567,0,NULL,NULL,260,'QuickTime:Make-deu',NULL,'2012-04-20 12:01:53','2012-04-20 12:01:53'),(745,NULL,NULL,NULL,3,569,0,NULL,NULL,261,'QuickTime:Model-deu',NULL,'2012-04-20 12:01:53','2012-04-20 12:01:53'),(747,NULL,NULL,NULL,3,571,0,NULL,NULL,262,'QuickTime:Software-deu',NULL,'2012-04-20 12:01:53','2012-04-20 12:01:53'),(749,NULL,NULL,NULL,3,573,0,NULL,NULL,263,'RIFF:AudioCodec',NULL,'2012-04-20 12:01:53','2012-04-20 12:01:53'),(751,NULL,NULL,NULL,3,575,0,NULL,NULL,264,'RIFF:AudioSampleCount',NULL,'2012-04-20 12:01:53','2012-04-20 12:01:53'),(753,NULL,NULL,NULL,3,577,0,NULL,NULL,265,'RIFF:AvgBytesPerSec',NULL,'2012-04-20 12:01:53','2012-04-20 12:01:53'),(755,NULL,NULL,NULL,3,579,0,NULL,NULL,266,'RIFF:BitsPerSample',NULL,'2012-04-20 12:01:53','2012-04-20 12:01:53'),(757,NULL,NULL,NULL,3,581,0,NULL,NULL,267,'RIFF:Encoding',NULL,'2012-04-20 12:01:53','2012-04-20 12:01:53'),(759,NULL,NULL,NULL,3,583,0,NULL,NULL,268,'RIFF:NumChannels',NULL,'2012-04-20 12:01:53','2012-04-20 12:01:53'),(761,NULL,NULL,3839,31,585,0,NULL,NULL,0,NULL,NULL,'2012-04-20 12:01:53','2012-04-20 12:01:53'),(763,NULL,NULL,3841,31,593,0,NULL,NULL,1,NULL,NULL,'2012-04-20 12:01:53','2012-04-20 12:01:53'),(765,NULL,NULL,3843,31,587,0,NULL,NULL,2,NULL,NULL,'2012-04-20 12:01:53','2012-04-20 12:01:53'),(767,NULL,NULL,3851,31,589,0,NULL,NULL,3,NULL,NULL,'2012-04-20 12:01:53','2012-04-20 12:01:53'),(769,NULL,NULL,3849,31,591,0,NULL,NULL,4,NULL,NULL,'2012-04-20 12:01:53','2012-04-20 12:01:53'),(771,NULL,NULL,NULL,3,595,0,NULL,NULL,269,'QuickTime:UserData_TIM',NULL,'2012-04-20 12:01:53','2012-04-20 12:01:53'),(773,NULL,NULL,NULL,3,597,0,NULL,NULL,270,'Track1:ChunkOffset64',NULL,'2012-04-20 12:01:53','2012-04-20 12:01:53'),(775,NULL,NULL,NULL,3,599,0,NULL,NULL,271,'Track2:NullMediaHeader',NULL,'2012-04-20 12:01:53','2012-04-20 12:01:53'),(777,NULL,NULL,NULL,3,601,0,NULL,NULL,272,'XMP-xmpMM:PantryFlashFired',NULL,'2012-04-20 12:01:53','2012-04-20 12:01:53'),(779,NULL,NULL,NULL,3,603,0,NULL,NULL,273,'XMP-xmpMM:PantryFlashFunction',NULL,'2012-04-20 12:01:53','2012-04-20 12:01:53'),(781,NULL,NULL,NULL,3,605,0,NULL,NULL,274,'XMP-xmpMM:PantryFlashMode',NULL,'2012-04-20 12:01:53','2012-04-20 12:01:53'),(783,NULL,NULL,NULL,3,607,0,NULL,NULL,275,'XMP-xmpMM:PantryFlashRedEyeMode',NULL,'2012-04-20 12:01:53','2012-04-20 12:01:53'),(785,NULL,NULL,NULL,3,609,0,NULL,NULL,276,'XMP-xmpMM:PantryFlashReturn',NULL,'2012-04-20 12:01:53','2012-04-20 12:01:53'),(787,NULL,NULL,NULL,3,615,0,NULL,NULL,277,'QuickTime:ComAppleFinalcutstudioMediaHistoryUuid',NULL,'2012-04-20 12:01:53','2012-04-20 12:01:53'),(789,NULL,NULL,NULL,3,617,0,NULL,NULL,278,'QuickTime:Unknown_0x010a',NULL,'2012-04-20 12:01:53','2012-04-20 12:01:53'),(791,NULL,NULL,NULL,3,619,0,NULL,NULL,279,'Track1:ChapterList',NULL,'2012-04-20 12:01:53','2012-04-20 12:01:53'),(793,NULL,NULL,NULL,3,621,0,NULL,NULL,280,'Track4:Text',NULL,'2012-04-20 12:01:53','2012-04-20 12:01:53'),(795,NULL,NULL,NULL,3,623,0,NULL,NULL,281,'Track4:Unknown_kgit',NULL,'2012-04-20 12:01:53','2012-04-20 12:01:53'),(797,NULL,NULL,4365,1,613,0,NULL,NULL,6,NULL,NULL,'2012-04-20 12:01:53','2012-04-20 12:01:53'),(799,NULL,NULL,4355,6,613,0,NULL,NULL,5,NULL,NULL,'2012-04-20 12:01:53','2012-04-20 12:01:53'),(801,NULL,NULL,NULL,3,625,0,NULL,NULL,282,'QuickTime:ComAppleProappsClipID',NULL,'2012-04-20 12:01:53','2012-04-20 12:01:53'),(803,NULL,NULL,NULL,3,627,0,NULL,NULL,283,'QuickTime:ComAppleProappsIsGood',NULL,'2012-04-20 12:01:53','2012-04-20 12:01:53'),(805,NULL,NULL,NULL,3,629,0,NULL,NULL,284,'QuickTime:ComAppleProappsOriginalFormat',NULL,'2012-04-20 12:01:53','2012-04-20 12:01:53'),(807,NULL,NULL,NULL,3,631,0,NULL,NULL,285,'QuickTime:ComAppleProappsReel',NULL,'2012-04-20 12:01:53','2012-04-20 12:01:53'),(809,NULL,NULL,NULL,3,633,0,NULL,NULL,286,'QuickTime:ComSonyBprlMxfUmid',NULL,'2012-04-20 12:01:53','2012-04-20 12:01:53'),(811,NULL,NULL,NULL,3,635,0,NULL,NULL,287,'QuickTime:ComSonyBprlXdcamradplugVersion',NULL,'2012-04-20 12:01:53','2012-04-20 12:01:53'),(813,NULL,NULL,NULL,3,637,0,NULL,NULL,288,'QuickTime:ComSonyProfessionaldiscNonrealtimemetaLastupdate',NULL,'2012-04-20 12:01:53','2012-04-20 12:01:53'),(815,NULL,NULL,NULL,3,639,0,NULL,NULL,289,'QuickTime:OrgSmpteMxfPackageMaterialPackageid',NULL,'2012-04-20 12:01:53','2012-04-20 12:01:53'),(817,NULL,NULL,NULL,3,641,0,NULL,NULL,290,'QuickTime:Unknown_kgcg',NULL,'2012-04-20 12:01:53','2012-04-20 12:01:53'),(819,NULL,NULL,NULL,3,643,0,NULL,NULL,291,'QuickTime:Unknown_kgsi',NULL,'2012-04-20 12:01:53','2012-04-20 12:01:53'),(821,NULL,NULL,4561,33,613,0,NULL,NULL,0,NULL,NULL,'2012-06-12 13:00:04','2012-06-12 13:00:04'),(823,NULL,NULL,4563,33,75,0,NULL,NULL,1,NULL,NULL,'2012-06-12 13:00:22','2012-06-12 13:00:22'),(825,NULL,NULL,347,33,61,0,NULL,NULL,2,NULL,NULL,'2012-06-12 13:03:46','2012-06-12 13:03:46'),(827,NULL,NULL,4565,33,149,0,NULL,NULL,3,NULL,NULL,'2012-06-12 13:05:00','2012-06-12 13:05:00'),(829,NULL,NULL,206,35,31,0,NULL,NULL,0,NULL,NULL,'2012-06-12 13:15:25','2012-06-12 13:15:25'),(831,NULL,NULL,200,35,7,0,NULL,NULL,1,NULL,NULL,'2012-06-12 13:15:49','2012-06-12 13:15:49'),(833,NULL,NULL,189,35,24,0,NULL,NULL,2,NULL,NULL,'2012-06-12 13:16:10','2012-06-12 13:16:10'),(835,NULL,NULL,4569,33,645,0,NULL,NULL,4,NULL,NULL,'2012-06-12 13:42:53','2012-06-12 13:42:53'),(837,NULL,NULL,4571,33,647,0,NULL,NULL,5,NULL,NULL,'2012-06-12 13:43:18','2012-06-12 13:43:18');
/*!40000 ALTER TABLE `meta_key_definitions` ENABLE KEYS */;
UNLOCK TABLES;

--
-- Table structure for table `meta_keys`
--

DROP TABLE IF EXISTS `meta_keys`;
/*!40101 SET @saved_cs_client     = @@character_set_client */;
/*!40101 SET character_set_client = utf8 */;
CREATE TABLE `meta_keys` (
  `id` int(11) NOT NULL AUTO_INCREMENT,
  `is_dynamic` tinyint(1) DEFAULT NULL,
  `is_extensible_list` tinyint(1) DEFAULT NULL,
  `label` varchar(255) CHARACTER SET utf8 DEFAULT NULL,
  `meta_datum_object_type` varchar(255) CHARACTER SET utf8 DEFAULT NULL,
  PRIMARY KEY (`id`),
  UNIQUE KEY `index_meta_keys_on_label` (`label`)
) ENGINE=InnoDB AUTO_INCREMENT=648 DEFAULT CHARSET=latin1;
/*!40101 SET character_set_client = @saved_cs_client */;

--
-- Dumping data for table `meta_keys`
--

LOCK TABLES `meta_keys` WRITE;
/*!40000 ALTER TABLE `meta_keys` DISABLE KEYS */;
INSERT INTO `meta_keys` VALUES (1,NULL,NULL,'identifier','MetaDatumString'),(2,NULL,NULL,'urn','MetaDatumString'),(3,NULL,NULL,'title','MetaDatumString'),(4,NULL,NULL,'subtitle','MetaDatumString'),(5,NULL,NULL,'author','MetaDatumPeople'),(6,NULL,NULL,'additional authors','MetaDatumPeople'),(7,NULL,NULL,'institutional affiliation','MetaDatumDepartments'),(8,NULL,NULL,'portrayed object dates','MetaDatumDate'),(9,NULL,NULL,'keywords','MetaDatumKeywords'),(10,NULL,NULL,'classification','MetaDatumString'),(11,NULL,NULL,'portrayed object location','MetaDatumString'),(12,NULL,NULL,'portrayed object city','MetaDatumString'),(13,NULL,NULL,'portrayed object state','MetaDatumString'),(14,NULL,NULL,'portrayed object country','MetaDatumString'),(15,NULL,NULL,'portrayed object country code','MetaDatumCountry'),(16,NULL,NULL,'portrayed person','MetaDatumString'),(17,NULL,NULL,'portrayed institution','MetaDatumString'),(18,NULL,NULL,'other creative participants','MetaDatumString'),(19,NULL,NULL,'other document participants','MetaDatumString'),(20,NULL,NULL,'participating institution','MetaDatumString'),(21,NULL,NULL,'patron','MetaDatumString'),(22,NULL,0,'academic year','MetaDatumMetaTerms'),(23,NULL,NULL,'project leader','MetaDatumString'),(24,NULL,0,'project type','MetaDatumMetaTerms'),(25,NULL,NULL,'description','MetaDatumString'),(26,NULL,NULL,'short description','MetaDatumString'),(27,NULL,NULL,'public caption','MetaDatumString'),(28,NULL,NULL,'remark','MetaDatumString'),(29,NULL,NULL,'hyperlinks','MetaDatumString'),(30,NULL,NULL,'tags','MetaDatumString'),(31,NULL,0,'type','MetaDatumMetaTerms'),(32,NULL,NULL,'scene','MetaDatumString'),(33,NULL,NULL,'subject code','MetaDatumString'),(34,NULL,NULL,'coverage','MetaDatumString'),(35,NULL,NULL,'language','MetaDatumString'),(36,NULL,NULL,'relation','MetaDatumString'),(37,NULL,NULL,'creator','MetaDatumPeople'),(38,NULL,NULL,'creator address','MetaDatumString'),(39,NULL,NULL,'creator city','MetaDatumString'),(40,NULL,NULL,'creator state','MetaDatumString'),(41,NULL,NULL,'creator postal code','MetaDatumString'),(42,NULL,NULL,'creator country','MetaDatumString'),(43,NULL,NULL,'creator work telephone','MetaDatumString'),(44,NULL,NULL,'creator work email','MetaDatumString'),(45,NULL,NULL,'creator work url','MetaDatumString'),(46,NULL,NULL,'creator position','MetaDatumString'),(47,NULL,NULL,'source','MetaDatumString'),(48,NULL,NULL,'source side','MetaDatumString'),(49,NULL,NULL,'source image','MetaDatumString'),(50,NULL,NULL,'source plate','MetaDatumString'),(51,NULL,NULL,'source isbn','MetaDatumString'),(52,NULL,NULL,'copyright notice','MetaDatumString'),(53,NULL,NULL,'copyright status','MetaDatumCopyright'),(54,1,NULL,'copyright usage','MetaDatumString'),(55,1,NULL,'copyright url','MetaDatumString'),(56,NULL,NULL,'provider','MetaDatumString'),(57,NULL,NULL,'portrayed object dimensions','MetaDatumString'),(58,NULL,1,'portrayed object materials','MetaDatumMetaTerms'),(59,NULL,NULL,'rating','MetaDatumString'),(60,0,NULL,'uploaded by','MetaDatumUsers'),(61,1,NULL,'uploaded at','MetaDatumDate'),(62,NULL,NULL,'description author','MetaDatumPeople'),(63,NULL,NULL,'publisher','MetaDatumString'),(64,NULL,NULL,'format','MetaDatumString'),(65,NULL,NULL,'date created','MetaDatumDate'),(66,NULL,NULL,'transmission reference','MetaDatumString'),(67,NULL,NULL,'objectnumber','MetaDatumString'),(68,NULL,NULL,'objectname','MetaDatumString'),(69,NULL,NULL,'color mode','MetaDatumString'),(70,NULL,NULL,'history','MetaDatumString'),(71,NULL,NULL,'intellectual genre','MetaDatumString'),(72,NULL,NULL,'creator contact info','MetaDatumString'),(73,NULL,NULL,'project title','MetaDatumString'),(74,1,NULL,'public access','MetaDatumString'),(75,1,NULL,'edited by','MetaDatumString'),(76,1,NULL,'media type','MetaDatumString'),(77,NULL,NULL,'description author before import','MetaDatumPeople'),(78,NULL,NULL,'description author before snapshot','MetaDatumPeople'),(79,NULL,NULL,'sidecar for extension','MetaDatumString'),(81,NULL,1,'LV_Landschaftstyp','MetaDatumMetaTerms'),(83,NULL,1,'LV_Verwendungszweck','MetaDatumMetaTerms'),(85,NULL,1,'LV_Bildwirkung','MetaDatumMetaTerms'),(87,NULL,0,'LV_Bildzeit','MetaDatumMetaTerms'),(89,NULL,1,'LV_Farbe','MetaDatumMetaTerms'),(91,NULL,1,'LV_Landschaftselemente','MetaDatumMetaTerms'),(93,NULL,1,'LV_Wetter/Klima','MetaDatumMetaTerms'),(95,NULL,0,'LV_Horizontlinie','MetaDatumMetaTerms'),(97,NULL,0,'LV_Ra?umliche Wahrnehmung','MetaDatumMetaTerms'),(99,NULL,0,'LV_Abstraktionsgrad','MetaDatumMetaTerms'),(101,NULL,NULL,'category','MetaDatumString'),(103,NULL,1,'SL_Resourcen','MetaDatumMetaTerms'),(105,NULL,1,'SO_Ordnungen','MetaDatumMetaTerms'),(107,NULL,1,'CA_Konzept','MetaDatumMetaTerms'),(109,NULL,1,'CA_Informationstechnologie','MetaDatumMetaTerms'),(111,NULL,1,'CA_Zweck','MetaDatumMetaTerms'),(113,NULL,1,'CA_Thema','MetaDatumMetaTerms'),(115,NULL,1,'CA_Kontext','MetaDatumMetaTerms'),(117,NULL,1,'CA_Ausgangsmaterial','MetaDatumMetaTerms'),(119,NULL,1,'CA_Daten','MetaDatumMetaTerms'),(121,NULL,1,'CA_Sinnstiftung','MetaDatumMetaTerms'),(123,NULL,1,'epoch','MetaDatumMetaTerms'),(125,NULL,1,'SO_Elemente','MetaDatumMetaTerms'),(127,NULL,1,'SO_Kontext','MetaDatumMetaTerms'),(129,NULL,1,'SO_Medium','MetaDatumMetaTerms'),(133,NULL,1,'VFO_Ansätze','MetaDatumMetaTerms'),(137,NULL,1,'VFO_Ausstellungen','MetaDatumMetaTerms'),(139,NULL,NULL,'create date','MetaDatumString'),(141,NULL,NULL,'current time','MetaDatumString'),(143,NULL,NULL,'duration','MetaDatumString'),(145,NULL,NULL,'free','MetaDatumString'),(147,NULL,NULL,'matrix structure','MetaDatumString'),(149,NULL,NULL,'modify date','MetaDatumString'),(151,NULL,NULL,'movie data','MetaDatumString'),(153,NULL,NULL,'movie data size','MetaDatumString'),(155,NULL,NULL,'movie header version','MetaDatumString'),(157,NULL,NULL,'next track id','MetaDatumString'),(159,NULL,NULL,'poster time','MetaDatumString'),(161,NULL,NULL,'preferred rate','MetaDatumString'),(163,NULL,NULL,'preferred volume','MetaDatumString'),(165,NULL,NULL,'preview duration','MetaDatumString'),(167,NULL,NULL,'preview time','MetaDatumString'),(169,NULL,NULL,'selection duration','MetaDatumString'),(171,NULL,NULL,'selection time','MetaDatumString'),(173,NULL,NULL,'time scale','MetaDatumString'),(175,NULL,NULL,'wide','MetaDatumString'),(177,NULL,NULL,'audio bits per sample','MetaDatumString'),(179,NULL,NULL,'audio channels','MetaDatumString'),(181,NULL,NULL,'audio format','MetaDatumString'),(183,NULL,NULL,'audio sample rate','MetaDatumString'),(185,NULL,NULL,'balance','MetaDatumString'),(187,NULL,NULL,'chunk offset','MetaDatumString'),(189,NULL,NULL,'handler class','MetaDatumString'),(191,NULL,NULL,'handler description','MetaDatumString'),(193,NULL,NULL,'handler type','MetaDatumString'),(195,NULL,NULL,'handler vendor id','MetaDatumString'),(197,NULL,NULL,'media create date','MetaDatumString'),(199,NULL,NULL,'media duration','MetaDatumString'),(201,NULL,NULL,'media header version','MetaDatumString'),(203,NULL,NULL,'media modify date','MetaDatumString'),(205,NULL,NULL,'media time scale','MetaDatumString'),(207,NULL,NULL,'sample sizes','MetaDatumString'),(209,NULL,NULL,'sample to chunk','MetaDatumString'),(211,NULL,NULL,'time to sample table','MetaDatumString'),(213,NULL,NULL,'track create date','MetaDatumString'),(215,NULL,NULL,'track duration','MetaDatumString'),(217,NULL,NULL,'track header version','MetaDatumString'),(219,NULL,NULL,'track id','MetaDatumString'),(221,NULL,NULL,'track layer','MetaDatumString'),(223,NULL,NULL,'track modify date','MetaDatumString'),(225,NULL,NULL,'track volume','MetaDatumString'),(227,NULL,NULL,'unknown alis','MetaDatumString'),(229,NULL,NULL,'unknown edts','MetaDatumString'),(231,NULL,NULL,'bit depth','MetaDatumString'),(233,NULL,NULL,'compressor id','MetaDatumString'),(235,NULL,NULL,'compressor name','MetaDatumString'),(237,NULL,NULL,'graphics mode','MetaDatumString'),(239,NULL,NULL,'image height','MetaDatumString'),(241,NULL,NULL,'image width','MetaDatumString'),(243,NULL,NULL,'op color','MetaDatumString'),(245,NULL,NULL,'source image height','MetaDatumString'),(247,NULL,NULL,'source image width','MetaDatumString'),(249,NULL,NULL,'sync sample table','MetaDatumString'),(251,NULL,NULL,'vendor id','MetaDatumString'),(253,NULL,NULL,'video frame rate','MetaDatumString'),(255,NULL,NULL,'x resolution','MetaDatumString'),(257,NULL,NULL,'y resolution','MetaDatumString'),(259,NULL,NULL,'avg bitrate','MetaDatumString'),(261,NULL,NULL,'image size','MetaDatumString'),(263,NULL,NULL,'rotation','MetaDatumString'),(265,NULL,NULL,'track number','MetaDatumString'),(267,NULL,NULL,'media language code','MetaDatumString'),(269,NULL,NULL,'compatible brands','MetaDatumString'),(271,NULL,NULL,'major brand','MetaDatumString'),(273,NULL,NULL,'minor version','MetaDatumString'),(275,NULL,NULL,'initial object descriptor','MetaDatumString'),(277,NULL,NULL,'unknown gshh','MetaDatumString'),(279,NULL,NULL,'unknown gspm','MetaDatumString'),(281,NULL,NULL,'unknown gspu','MetaDatumString'),(283,NULL,NULL,'unknown gssd','MetaDatumString'),(285,NULL,NULL,'unknown gsst','MetaDatumString'),(287,NULL,NULL,'unknown gstd','MetaDatumString'),(289,NULL,NULL,'audio bitrate','MetaDatumString'),(291,NULL,NULL,'audio layer','MetaDatumString'),(293,NULL,NULL,'channel mode','MetaDatumString'),(295,NULL,NULL,'copyright flag','MetaDatumString'),(297,NULL,NULL,'emphasis','MetaDatumString'),(299,NULL,NULL,'encoder','MetaDatumString'),(301,NULL,NULL,'intensity stereo','MetaDatumString'),(303,NULL,NULL,'lame bitrate','MetaDatumString'),(305,NULL,NULL,'lame low pass filter','MetaDatumString'),(307,NULL,NULL,'lame method','MetaDatumString'),(309,NULL,NULL,'lame quality','MetaDatumString'),(311,NULL,NULL,'lame stereo mode','MetaDatumString'),(313,NULL,NULL,'lame vbr quality','MetaDatumString'),(315,NULL,NULL,'mpeg audio version','MetaDatumString'),(317,NULL,NULL,'ms stereo','MetaDatumString'),(319,NULL,NULL,'original media','MetaDatumString'),(321,NULL,NULL,'sample rate','MetaDatumString'),(323,NULL,NULL,'id3 size','MetaDatumString'),(325,NULL,NULL,'album','MetaDatumString'),(327,NULL,NULL,'artist','MetaDatumString'),(329,NULL,NULL,'comment','MetaDatumString'),(331,NULL,1,'genre','MetaDatumMetaTerms'),(333,NULL,NULL,'track','MetaDatumString'),(335,NULL,NULL,'year','MetaDatumString'),(337,NULL,NULL,'date time original','MetaDatumString'),(339,NULL,1,'style','MetaDatumMetaTerms'),(341,NULL,NULL,'Zett_Ansprechsperson','MetaDatumPeople'),(343,NULL,NULL,'Zett_Artikel','MetaDatumString'),(345,NULL,0,'Zett_Ausgabe','MetaDatumMetaTerms'),(347,NULL,NULL,'Zett_Autorinnen','MetaDatumPeople'),(349,NULL,NULL,'Zett_Kommentar','MetaDatumString'),(351,NULL,0,'Zett_Sparte','MetaDatumMetaTerms'),(353,NULL,0,'Zett_Status','MetaDatumMetaTerms'),(355,NULL,NULL,'Zett_Redaktion','MetaDatumPeople'),(357,NULL,NULL,'Zett_Produktion','MetaDatumPeople'),(359,NULL,NULL,'composition time to sample','MetaDatumString'),(361,NULL,NULL,'composition to decode timeline mapping','MetaDatumString'),(363,NULL,NULL,'idependent and disposable samples','MetaDatumString'),(365,NULL,NULL,'unknown tapt','MetaDatumString'),(367,NULL,NULL,'com apple finalcutstudio media uuid','MetaDatumString'),(369,NULL,NULL,'unknown stps','MetaDatumString'),(371,NULL,NULL,'unknown tmcd','MetaDatumString'),(373,NULL,NULL,'gen balance','MetaDatumString'),(375,NULL,NULL,'gen flags','MetaDatumString'),(377,NULL,NULL,'gen graphics mode','MetaDatumString'),(379,NULL,NULL,'gen media version','MetaDatumString'),(381,NULL,NULL,'gen op color','MetaDatumString'),(383,NULL,NULL,'other format','MetaDatumString'),(385,NULL,NULL,'unknown kgtt','MetaDatumString'),(387,NULL,NULL,'supplemental categories','MetaDatumString'),(389,NULL,NULL,'urgency','MetaDatumString'),(391,NULL,1,'Toni_Blickrichtung','MetaDatumMetaTerms'),(393,NULL,NULL,'Toni_Prozess','MetaDatumString'),(395,NULL,1,'Toni_Objekt','MetaDatumMetaTerms'),(397,NULL,NULL,'Zett_Artikelbildnr','MetaDatumString'),(399,NULL,NULL,'Zett_Artikel_Arbeitstitel','MetaDatumString'),(401,NULL,NULL,'audio gain','MetaDatumString'),(403,NULL,NULL,'bass','MetaDatumString'),(405,NULL,NULL,'brightness','MetaDatumString'),(407,NULL,NULL,'color','MetaDatumString'),(409,NULL,NULL,'contrast','MetaDatumString'),(411,NULL,NULL,'mute','MetaDatumString'),(413,NULL,NULL,'pitch shift','MetaDatumString'),(415,NULL,NULL,'play all frames','MetaDatumString'),(417,NULL,NULL,'play selection','MetaDatumString'),(419,NULL,NULL,'player version','MetaDatumString'),(421,NULL,NULL,'tint','MetaDatumString'),(423,NULL,NULL,'trebel','MetaDatumString'),(425,NULL,NULL,'version','MetaDatumString'),(427,NULL,NULL,'window location','MetaDatumString'),(429,NULL,NULL,'unknown load','MetaDatumString'),(431,NULL,NULL,'instructions','MetaDatumString'),(433,NULL,NULL,'unknown 0x009b','MetaDatumString'),(435,NULL,NULL,'unknown apmd','MetaDatumString'),(437,NULL,NULL,'user data tsc','MetaDatumString'),(439,NULL,NULL,'user data tsz','MetaDatumString'),(441,NULL,NULL,'unknown cios','MetaDatumString'),(443,NULL,NULL,'encoded by','MetaDatumString'),(445,NULL,NULL,'document ancestors','MetaDatumString'),(447,NULL,NULL,'text layer name','MetaDatumString'),(449,NULL,NULL,'text layer text','MetaDatumString'),(451,NULL,NULL,'user data enc','MetaDatumString'),(453,NULL,NULL,'source credits','MetaDatumString'),(455,NULL,NULL,'user data prd','MetaDatumString'),(457,NULL,NULL,'user data key','MetaDatumString'),(459,NULL,NULL,'compressor version','MetaDatumString'),(461,NULL,NULL,'unknown cndm','MetaDatumString'),(463,NULL,NULL,'unknown free','MetaDatumString'),(465,NULL,NULL,'aperture','MetaDatumString'),(467,NULL,NULL,'drive mode','MetaDatumString'),(469,NULL,NULL,'focal length35efl','MetaDatumString'),(471,NULL,NULL,'lens','MetaDatumString'),(473,NULL,NULL,'lens35efl','MetaDatumString'),(475,NULL,NULL,'lens id','MetaDatumString'),(477,NULL,NULL,'shooting mode','MetaDatumString'),(479,NULL,NULL,'shutter speed','MetaDatumString'),(481,NULL,NULL,'canon flash info','MetaDatumString'),(483,NULL,NULL,'canon flash mode','MetaDatumString'),(485,NULL,NULL,'flash activity','MetaDatumString'),(487,NULL,NULL,'flash bits','MetaDatumString'),(489,NULL,NULL,'flash exposure comp','MetaDatumString'),(491,NULL,NULL,'flash guide number','MetaDatumString'),(493,NULL,NULL,'flash output','MetaDatumString'),(495,NULL,NULL,'manual flash output','MetaDatumString'),(497,NULL,NULL,'flash','MetaDatumString'),(499,NULL,NULL,'flashpix version','MetaDatumString'),(501,NULL,NULL,'frame count','MetaDatumString'),(503,NULL,NULL,'frame rate','MetaDatumString'),(505,NULL,NULL,'max data rate','MetaDatumString'),(507,NULL,NULL,'quality','MetaDatumString'),(509,NULL,NULL,'sample size','MetaDatumString'),(511,NULL,NULL,'software','MetaDatumString'),(513,NULL,NULL,'stream count','MetaDatumString'),(515,NULL,NULL,'stream type','MetaDatumString'),(517,NULL,NULL,'video codec','MetaDatumString'),(519,NULL,NULL,'video frame count','MetaDatumString'),(520,NULL,NULL,'vbr bytes','MetaDatumString'),(522,NULL,NULL,'vbr frames','MetaDatumString'),(524,NULL,NULL,'encoder settings','MetaDatumString'),(526,NULL,NULL,'encoding time','MetaDatumString'),(528,NULL,NULL,'release time','MetaDatumString'),(530,NULL,NULL,'user defined text','MetaDatumString'),(533,NULL,0,'FI_Veröffentlichungen','MetaDatumMetaTerms'),(535,NULL,0,'FI_Fachveranstaltungen','MetaDatumMetaTerms'),(537,NULL,0,'FI_Verbreitung','MetaDatumMetaTerms'),(539,NULL,0,'FI_Transfer','MetaDatumMetaTerms'),(541,NULL,0,'FI_Vernetzung','MetaDatumMetaTerms'),(543,NULL,0,'FI_Wissenschaftsbetrieb','MetaDatumMetaTerms'),(545,NULL,0,'FI_Drittmittel','MetaDatumMetaTerms'),(547,NULL,NULL,'FI_Veröffentlichungen_Text','MetaDatumString'),(549,NULL,NULL,'FI_Fachveranstaltungen_Text','MetaDatumString'),(551,NULL,NULL,'unknown cr8r','MetaDatumString'),(553,NULL,NULL,'unknown fiel','MetaDatumString'),(555,NULL,NULL,'unknown fxtc','MetaDatumString'),(557,NULL,NULL,'unknown ae lk','MetaDatumString'),(559,NULL,NULL,'text junk','MetaDatumString'),(561,NULL,NULL,'total frame count','MetaDatumString'),(563,NULL,NULL,'requirements','MetaDatumString'),(565,NULL,NULL,'creation date deu','MetaDatumString'),(567,NULL,NULL,'make deu','MetaDatumString'),(569,NULL,NULL,'model deu','MetaDatumString'),(571,NULL,NULL,'software deu','MetaDatumString'),(573,NULL,NULL,'audio codec','MetaDatumString'),(575,NULL,NULL,'audio sample count','MetaDatumString'),(577,NULL,NULL,'avg bytes per sec','MetaDatumString'),(579,NULL,NULL,'bits per sample','MetaDatumString'),(581,NULL,NULL,'encoding','MetaDatumString'),(583,NULL,NULL,'num channels','MetaDatumString'),(585,NULL,0,'PA_Artefakttyp','MetaDatumMetaTerms'),(587,NULL,1,'PA_Überlieferungsleistung','MetaDatumMetaTerms'),(589,NULL,1,'PA_Vermittlungspotential','MetaDatumMetaTerms'),(591,NULL,NULL,'PA_KommentarArtefakte','MetaDatumString'),(593,NULL,1,'PA_ArtefakttypDifferenzierung','MetaDatumMetaTerms'),(595,NULL,NULL,'user data tim','MetaDatumString'),(597,NULL,NULL,'chunk offset64','MetaDatumString'),(599,NULL,NULL,'null media header','MetaDatumString'),(601,NULL,NULL,'pantry flash fired','MetaDatumString'),(603,NULL,NULL,'pantry flash function','MetaDatumString'),(605,NULL,NULL,'pantry flash mode','MetaDatumString'),(607,NULL,NULL,'pantry flash red eye mode','MetaDatumString'),(609,NULL,NULL,'pantry flash return','MetaDatumString'),(611,NULL,NULL,'Status Archivierung','MetaDatumMetaTerms'),(613,1,NULL,'owner','MetaDatumUsers'),(615,NULL,NULL,'com apple finalcutstudio media history uuid','MetaDatumString'),(617,NULL,NULL,'unknown 0x010a','MetaDatumString'),(619,NULL,NULL,'chapter list','MetaDatumString'),(621,NULL,NULL,'text','MetaDatumString'),(623,NULL,NULL,'unknown kgit','MetaDatumString'),(625,NULL,NULL,'com apple proapps clip id','MetaDatumString'),(627,NULL,NULL,'com apple proapps is good','MetaDatumString'),(629,NULL,NULL,'com apple proapps original format','MetaDatumString'),(631,NULL,NULL,'com apple proapps reel','MetaDatumString'),(633,NULL,NULL,'com sony bprl mxf umid','MetaDatumString'),(635,NULL,NULL,'com sony bprl xdcamradplug version','MetaDatumString'),(637,NULL,NULL,'com sony professionaldisc nonrealtimemeta lastupdate','MetaDatumString'),(639,NULL,NULL,'org smpte mxf package material packageid','MetaDatumString'),(641,NULL,NULL,'unknown kgcg','MetaDatumString'),(643,NULL,NULL,'unknown kgsi','MetaDatumString'),(645,1,NULL,'parent media_resources','MetaDatumString'),(647,1,NULL,'child media_resources','MetaDatumString');
/*!40000 ALTER TABLE `meta_keys` ENABLE KEYS */;
UNLOCK TABLES;

--
-- Table structure for table `meta_keys_meta_terms`
--

DROP TABLE IF EXISTS `meta_keys_meta_terms`;
/*!40101 SET @saved_cs_client     = @@character_set_client */;
/*!40101 SET character_set_client = utf8 */;
CREATE TABLE `meta_keys_meta_terms` (
  `id` int(11) NOT NULL AUTO_INCREMENT,
  `meta_key_id` int(11) NOT NULL,
  `meta_term_id` int(11) NOT NULL,
  `position` int(11) NOT NULL DEFAULT '0',
  PRIMARY KEY (`id`),
  UNIQUE KEY `index_meta_keys_meta_terms_on_meta_key_id_and_meta_term_id` (`meta_key_id`,`meta_term_id`),
  KEY `index_meta_keys_meta_terms_on_position` (`position`),
  KEY `meta_keys_meta_terms_meta_term_id_fk` (`meta_term_id`),
  CONSTRAINT `meta_keys_meta_terms_meta_term_id_fk` FOREIGN KEY (`meta_term_id`) REFERENCES `meta_terms` (`id`) ON DELETE CASCADE,
  CONSTRAINT `meta_keys_meta_terms_meta_key_id_fk` FOREIGN KEY (`meta_key_id`) REFERENCES `meta_keys` (`id`) ON DELETE CASCADE
) ENGINE=InnoDB AUTO_INCREMENT=548 DEFAULT CHARSET=latin1;
/*!40101 SET character_set_client = @saved_cs_client */;

--
-- Dumping data for table `meta_keys_meta_terms`
--

LOCK TABLES `meta_keys_meta_terms` WRITE;
/*!40000 ALTER TABLE `meta_keys_meta_terms` DISABLE KEYS */;
INSERT INTO `meta_keys_meta_terms` VALUES (1,22,60,0),(2,22,61,1),(3,22,62,2),(4,22,63,3),(5,22,64,4),(6,22,340,5),(7,22,341,6),(8,22,2131,7),(9,22,2321,8),(10,22,2666,9),(11,22,2668,10),(12,24,85,0),(13,24,86,1),(14,24,87,2),(15,24,88,3),(16,24,89,4),(17,24,90,5),(18,24,91,6),(19,31,73,0),(20,31,74,1),(21,31,75,2),(22,31,76,3),(23,31,77,4),(24,31,78,5),(25,31,79,6),(26,31,80,7),(27,31,83,8),(28,58,801,0),(29,58,885,1),(30,58,1387,2),(31,58,1571,3),(32,58,2161,4),(33,58,2163,5),(34,58,2165,6),(35,58,2167,7),(36,58,2169,8),(37,58,2171,9),(38,58,2173,10),(39,58,2175,11),(40,58,2177,12),(41,58,2179,13),(42,58,2181,14),(43,58,2183,15),(44,58,2185,16),(45,58,2187,17),(46,58,2189,18),(47,58,2191,19),(48,58,2193,20),(49,58,2195,21),(50,58,2197,22),(51,58,2199,23),(52,58,2201,24),(53,58,2203,25),(54,58,2205,26),(55,58,2207,27),(56,58,2209,28),(57,58,2211,29),(58,58,2339,30),(59,58,2351,31),(60,58,2353,32),(61,58,2355,33),(62,58,2591,34),(63,58,2706,35),(64,58,3140,36),(65,58,3235,37),(66,58,3543,38),(67,58,3637,39),(68,58,3639,40),(69,58,3647,41),(70,58,3651,42),(71,58,3707,43),(72,58,3709,44),(73,58,3711,45),(74,58,3713,46),(75,58,3925,47),(76,58,4361,48),(77,81,443,0),(78,81,1063,1),(79,81,1065,2),(80,81,1081,3),(81,81,1083,4),(82,81,1085,5),(83,81,1087,6),(84,81,1089,7),(85,81,1091,8),(86,81,1093,9),(87,81,1095,10),(88,81,1097,11),(89,81,1191,12),(90,81,1225,13),(91,81,1227,14),(92,81,1229,15),(93,81,1263,16),(94,81,1363,17),(95,81,2369,18),(96,81,2371,19),(97,81,2377,20),(98,81,2379,21),(99,81,2395,22),(100,83,79,0),(101,83,1017,1),(102,83,1019,2),(103,83,1067,3),(104,83,1069,4),(105,83,1071,5),(106,83,1073,6),(107,83,1075,7),(108,83,1077,8),(109,83,1079,9),(110,83,1111,10),(111,83,1113,11),(112,83,1115,12),(113,85,1021,0),(114,85,1153,1),(115,85,1161,2),(116,85,1163,3),(117,85,1165,4),(118,85,1167,5),(119,85,1205,6),(120,85,1207,7),(121,85,1209,8),(122,85,1249,9),(123,85,1251,10),(124,85,1253,11),(125,85,1285,12),(126,85,1287,13),(127,85,1289,14),(128,85,1311,15),(129,85,1313,16),(130,85,1315,17),(131,85,1335,18),(132,85,1361,19),(133,85,1371,20),(134,85,1377,21),(135,85,1391,22),(136,85,1393,23),(137,85,1399,24),(138,85,1401,25),(139,85,1403,26),(140,85,1425,27),(141,85,1429,28),(142,85,1449,29),(143,85,1451,30),(144,85,1453,31),(145,85,1455,32),(146,85,2385,33),(147,85,2397,34),(148,87,1033,0),(149,87,1035,1),(150,87,1037,2),(151,87,1039,3),(152,87,1043,4),(153,87,1045,5),(154,87,1047,6),(155,87,1049,7),(156,87,1051,8),(157,87,1053,9),(158,87,1195,10),(159,87,1197,11),(160,87,1413,12),(161,89,741,0),(162,89,1149,1),(163,89,1169,2),(164,89,1171,3),(165,89,1173,4),(166,89,1211,5),(167,89,1213,6),(168,89,1231,7),(169,89,1241,8),(170,89,1243,9),(171,89,1245,10),(172,89,1255,11),(173,89,1261,12),(174,89,1267,13),(175,89,1305,14),(176,89,1323,15),(177,89,1331,16),(178,89,1367,17),(179,89,1457,18),(180,89,2389,19),(181,89,2555,20),(182,91,336,0),(183,91,431,1),(184,91,433,2),(185,91,435,3),(186,91,443,4),(187,91,461,5),(188,91,1175,6),(189,91,1177,7),(190,91,1179,8),(191,91,1181,9),(192,91,1183,10),(193,91,1215,11),(194,91,1217,12),(195,91,1219,13),(196,91,1221,14),(197,91,1223,15),(198,91,1233,16),(199,91,1235,17),(200,91,1247,18),(201,91,1257,19),(202,91,1259,20),(203,91,1269,21),(204,91,1273,22),(205,91,1275,23),(206,91,1277,24),(207,91,1279,25),(208,91,1291,26),(209,91,1293,27),(210,91,1295,28),(211,91,1297,29),(212,91,1299,30),(213,91,1301,31),(214,91,1303,32),(215,91,1307,33),(216,91,1309,34),(217,91,1317,35),(218,91,1319,36),(219,91,1321,37),(220,91,1325,38),(221,91,1327,39),(222,91,1329,40),(223,91,1337,41),(224,91,1339,42),(225,91,1341,43),(226,91,1343,44),(227,91,1345,45),(228,91,1347,46),(229,91,1349,47),(230,91,1351,48),(231,91,1355,49),(232,91,1357,50),(233,91,1359,51),(234,91,1365,52),(235,91,1375,53),(236,91,1379,54),(237,91,1395,55),(238,91,1397,56),(239,91,1405,57),(240,91,1407,58),(241,91,1409,59),(242,91,1427,60),(243,91,1459,61),(244,91,2367,62),(245,91,2373,63),(246,91,2381,64),(247,91,2383,65),(248,91,2387,66),(249,91,2391,67),(250,91,2393,68),(251,91,2399,69),(252,91,2547,70),(253,91,2553,71),(254,93,1117,0),(255,93,1119,1),(256,93,1121,2),(257,93,1125,3),(258,93,1127,4),(259,93,1129,5),(260,93,1131,6),(261,93,1133,7),(262,93,1135,8),(263,93,1139,9),(264,93,1159,10),(265,93,1239,11),(266,93,1265,12),(267,93,1333,13),(268,93,1417,14),(269,95,1057,0),(270,95,1059,1),(271,95,1061,2),(272,95,1199,3),(273,97,1099,0),(274,97,1101,1),(275,97,1103,2),(276,97,1105,3),(277,97,1107,4),(278,97,1109,5),(279,97,1201,6),(280,99,1021,0),(281,99,1023,1),(282,99,1025,2),(283,99,1027,3),(284,99,1029,4),(285,99,1031,5),(286,103,1479,0),(287,103,1481,1),(288,103,1483,2),(289,103,1485,3),(290,103,1487,4),(291,105,1493,0),(292,105,1495,1),(293,105,1497,2),(294,105,1499,3),(295,105,1501,4),(296,107,1593,0),(297,107,1771,1),(298,107,1773,2),(299,107,1775,3),(300,107,1777,4),(301,107,1791,5),(302,109,1387,0),(303,109,1551,1),(304,109,1561,2),(305,109,1589,3),(306,109,1725,4),(307,109,1727,5),(308,109,1729,6),(309,109,1731,7),(310,109,1733,8),(311,109,1735,9),(312,109,1737,10),(313,109,1739,11),(314,109,1741,12),(315,109,1743,13),(316,109,1747,14),(317,109,1749,15),(318,109,1751,16),(319,111,88,0),(320,111,1671,1),(321,111,1701,2),(322,111,1705,3),(323,111,1709,4),(324,111,1715,5),(325,111,3613,6),(326,113,1543,0),(327,113,1663,1),(328,113,1675,2),(329,113,1685,3),(330,113,1687,4),(331,113,1689,5),(332,113,1691,6),(333,113,1693,7),(334,113,1695,8),(335,113,1697,9),(336,113,1699,10),(337,113,1805,11),(338,115,89,0),(339,115,1463,1),(340,115,1659,2),(341,115,1717,3),(342,115,1793,4),(343,117,1655,0),(344,117,1721,1),(345,117,1723,2),(346,117,1789,3),(347,117,3593,4),(348,117,3595,5),(349,117,3597,6),(350,119,1521,0),(351,119,1657,1),(352,119,1753,2),(353,119,1755,3),(354,119,1757,4),(355,121,1561,0),(356,121,1623,1),(357,121,1629,2),(358,121,1661,3),(359,121,1759,4),(360,121,1761,5),(361,121,1763,6),(362,121,1765,7),(363,121,1767,8),(364,121,1769,9),(365,121,1795,10),(366,121,1797,11),(367,121,1799,12),(368,121,1801,13),(369,123,667,0),(370,123,1535,1),(371,123,1653,2),(372,123,1941,3),(373,123,1947,4),(374,123,1949,5),(375,123,1951,6),(376,123,1953,7),(377,123,1955,8),(378,123,1961,9),(379,123,1963,10),(380,123,1967,11),(381,123,1969,12),(382,123,1971,13),(383,123,1973,14),(384,123,1977,15),(385,123,1979,16),(386,123,1983,17),(387,123,1985,18),(388,123,1987,19),(389,123,1989,20),(390,123,1991,21),(391,123,2551,22),(392,125,1647,0),(393,125,1905,1),(394,125,2005,2),(395,125,2007,3),(396,125,2009,4),(397,127,1649,0),(398,127,2001,1),(399,127,2003,2),(400,129,1651,0),(401,129,1999,1),(402,133,1609,0),(403,133,1613,1),(404,133,1843,2),(405,133,1845,3),(406,133,1847,4),(407,133,1849,5),(408,133,1851,6),(409,133,1853,7),(410,133,1855,8),(411,133,1857,9),(412,133,1859,10),(413,133,1861,11),(414,133,1863,12),(415,133,1865,13),(416,133,1867,14),(417,137,1869,0),(418,137,1871,1),(419,137,1873,2),(420,137,1875,3),(421,137,1877,4),(422,331,447,0),(423,331,669,1),(424,331,1619,2),(425,331,1879,3),(426,331,1881,4),(427,331,2225,5),(428,339,655,0),(429,339,1827,1),(430,339,1831,2),(431,339,1833,3),(432,339,1835,4),(433,339,1837,5),(434,339,1839,6),(435,339,1841,7),(436,339,1995,8),(437,339,1997,9),(438,339,2549,10),(439,339,2557,11),(440,345,2097,1),(441,345,2099,2),(442,345,2101,3),(443,345,2103,4),(444,345,2105,5),(445,345,2409,6),(446,351,74,0),(447,351,83,1),(448,351,2075,2),(449,351,2077,3),(450,351,2079,4),(451,351,2081,5),(452,351,2083,6),(453,351,2085,7),(454,351,2087,8),(455,351,2089,9),(456,351,2091,10),(457,351,2093,11),(458,351,2095,12),(459,353,2061,0),(460,353,2063,1),(461,353,2065,2),(462,353,2067,3),(463,353,2069,4),(464,353,2071,5),(465,353,2073,6),(466,353,2107,7),(467,391,2243,0),(468,391,2249,1),(469,391,2253,2),(470,395,2241,0),(471,395,2245,1),(472,395,2247,2),(473,395,2251,3),(474,533,1603,0),(475,533,3289,1),(476,533,3291,2),(477,533,3293,3),(478,533,3295,4),(479,533,3297,5),(480,533,3299,6),(481,533,3301,7),(482,533,3303,8),(483,533,3305,9),(484,533,3307,10),(485,533,3309,11),(486,535,3311,0),(487,535,3313,1),(488,535,3315,2),(489,535,3317,3),(490,535,3319,4),(491,537,3321,0),(492,537,3323,1),(493,537,3325,2),(494,537,3327,3),(495,537,3329,4),(496,537,3331,5),(497,539,3333,0),(498,539,3335,1),(499,539,3337,2),(500,539,3339,3),(501,541,3341,0),(502,541,3343,1),(503,541,3345,2),(504,541,3347,3),(505,543,3349,0),(506,543,3351,1),(507,543,3353,2),(508,543,3355,3),(509,545,3357,0),(510,545,3359,1),(511,545,3361,2),(512,545,3363,3),(513,545,3365,4),(514,545,3367,5),(515,585,879,0),(516,585,3859,1),(517,585,3861,2),(518,585,3863,3),(519,585,3865,4),(520,585,4299,5),(521,585,4301,6),(522,585,4303,7),(523,345,4573,7),(525,345,4575,8),(527,345,4577,9),(529,345,4579,10),(531,345,4581,11),(533,345,4583,12),(535,345,4585,13),(537,345,4587,14),(539,345,4589,15),(541,345,4591,16),(543,345,4593,17),(545,345,4595,18),(547,345,4597,19);
/*!40000 ALTER TABLE `meta_keys_meta_terms` ENABLE KEYS */;
UNLOCK TABLES;

--
-- Table structure for table `meta_terms`
--

DROP TABLE IF EXISTS `meta_terms`;
/*!40101 SET @saved_cs_client     = @@character_set_client */;
/*!40101 SET character_set_client = utf8 */;
CREATE TABLE `meta_terms` (
  `id` int(11) NOT NULL AUTO_INCREMENT,
  `en_gb` varchar(255) CHARACTER SET utf8 DEFAULT NULL,
  `de_ch` varchar(255) CHARACTER SET utf8 DEFAULT NULL,
  PRIMARY KEY (`id`),
  KEY `index_meta_terms_on_en_gb` (`en_gb`),
  KEY `index_meta_terms_on_de_ch` (`de_ch`)
) ENGINE=InnoDB AUTO_INCREMENT=4598 DEFAULT CHARSET=latin1;
/*!40101 SET character_set_client = @saved_cs_client */;

--
-- Dumping data for table `meta_terms`
--

LOCK TABLES `meta_terms` WRITE;
/*!40000 ALTER TABLE `meta_terms` DISABLE KEYS */;
INSERT INTO `meta_terms` VALUES (1,'Title','Titel'),(2,'The title of the media entry','Titel des Medieneintrags'),(3,'Author','Autor/in'),(4,'Creator of the depicted work','Urheber/in des abgebildeten Werkes'),(5,'Date Created','Datum'),(6,'Date of creation of media content (e.g. 1878, 1.3.2003 or Spring semester 2011) - not of the media file.','Datum der Erstellung des Medieninhalts (z.B. 1878, 1.3.2003 oder Frühlingssemester 2011) - Nicht das Datum, an dem die Datei entstanden ist.'),(7,'Content Keywords','Schlagworte zu Inhalt und Motiv'),(8,'Keywords describing the media entry content','Schlagworte zu Inhalt und Motiv des Medieneintrags'),(9,'Copyright','Copyright'),(10,'Copyright owner','Besitzer/in der Nutzungs- und Verwertungsrechte'),(11,'Uploaded by','Hochgeladen von'),(12,'Uploaded at','Hochgeladen am'),(13,'Archive number','Archivnummer'),(14,'Object Name','Objektbezeichnung'),(15,'The title of the media entry.','Titel des Medieneintrags.'),(16,'Subtitle','Untertitel'),(17,'The subtitle or other titles of the media entry.','Untertitel oder weitere Titel des Medieneintrags.'),(18,'Description','Beschreibung'),(19,'Description of the media content.','Eine frei zu wählende Beschreibung des Medieninhalts.'),(20,'Classification','Klassification'),(21,'Remark','Bemerkung'),(22,'Internal Remark - Free Text.','Interne Bemerkung - Freier Text.'),(23,'Datierung/Darstellungsdatum','Datierung/Darstellungsdatum'),(24,'Description (objects.chat)','Beschreibung (objects.chat)'),(25,'Copyright','Rechte'),(26,'Dimensions','Bemaßungsetikett'),(27,'Material/Technik','Material/Technik'),(28,'The subtitle of the media entry','Untertitel des Medieneintrags'),(29,'Creator of the depicted work','Urheber/in des abgebildeten Werkes.\r\nWer hat das abgebildete Werk erschaffen? Handelt es sich um einen historischen Künstler oder eine zeitgenössische Komponistin? Sind Sie selbst die Urheberin / der Urheber des Werkes?\r\nEs können auch Künstlernamen einge'),(30,'Institutional Affiliation','Bereich ZHdK'),(31,'Institutional Affiliation of the Author of the work to the ZHdK.','Der Bereich an der ZHdK, in dem das abgebildete Werk entstanden ist.'),(32,'Dates','Datum'),(33,'Location','Standort'),(34,'Location of the depicted object','Standort des abgebildeten Objektes'),(35,'City','Stadt'),(36,'City of the depicted object','Stadt des abgebildeten Objektes'),(37,'County','Kanton/Bundesland'),(38,'County of the depicted object','Kanton/Bundesland des abgebildeten Objektes'),(39,'Country','Land'),(40,'Country of the depicted object','Land des abgebildeten Objektes'),(41,'ISO-Country code','ISO-Ländercode'),(42,'ISO-Country code of the depicted object','ISO-Ländercode des abgebildeten Objektes'),(43,'Portrayed Person','Porträtierte Person/en'),(44,'Portrayed Institution','Porträtierte Institution'),(45,'E.g. Zürich Museum of Art','Z.B. Gebäude oder Innenräume einer Institution'),(46,'Other participants','Mitwirkende / weitere Personen'),(47,'Persons, who contributed to the shown contents of, e.g. Scenery maker or Assistant Director.','Personen, die zum abgebildeten Inhalt beigetragen haben, z.B. Bühnenbildner oder die Regieassistenz.'),(48,'Partner Institution','Partner / beteiligte Institutionen'),(49,'Patron','Auftrag durch'),(50,'Study Year','Studienjahr'),(51,'1. Semester Bachelor','1. Semester Bachelor'),(52,'2. Semester Bachelor','2. Semester Bachelor'),(53,'3. Semester Bachelor','3. Semester Bachelor'),(54,'4. Semester Bachelor','4. Semester Bachelor'),(55,'5. Semester Bachelor','5. Semester Bachelor'),(57,'1. Semester Master','1. Semester Master'),(58,'2. Semester Master','2. Semester Master'),(59,'3. Semester Master','3. Semester Master'),(60,'MAS (Master of Advanced Studies)','MAS (Master of Advanced Studies)'),(61,'DAS (Diploma of Advanced Studies)','DAS (Diploma of Advanced Studies)'),(62,'CAS (Certificate of Advanced Studies)','CAS (Certificate of Advanced Studies)'),(63,'Doktoratsprogramm','Doktoratsprogramm'),(64,'sonstiges','sonstiges'),(65,'Lecturer/Project Leader','Dozierende/Projektleitung'),(66,'Public Caption','Bildlegende'),(67,'Public Caption - For use in the media and press.','Bildunterschrift, die für einen bestimmten Kontext Gültigkeit hat, z.B. für Publikation in Jahrbuch, Presse oder Website. Bildlegende ist nicht identisch mit dem Titel des Medieneintrags.'),(68,'Remarks about the Media Entry.','Beschreibung des Medieninhalts.'),(69,'Remarks about the Media Entry.','Bemerkungen zum Medieninhalt.'),(70,'Internet Links (URL)','Internet Links (URL)'),(71,'Art type','Gattung'),(72,'General category of the art portrayed','Allgemeine Gattung der Kunst in Bezug auf das Ausdrucksmedium'),(73,'Architektur','Architektur'),(74,'Design','Design'),(75,'Film','Film'),(76,'Fotografie','Fotografie'),(77,'Tanz','Tanz'),(78,'Theater','Theater'),(79,'Kunst','Kunst'),(80,'Literatur','Literatur'),(83,'Musik','Musik'),(84,'ZHdK Project Type','ZHdK-Projekttyp'),(85,'Abschlussarbeit','Abschlussarbeit'),(86,'Ausstellung','Ausstellung'),(87,'Dokumentation','Dokumentation'),(88,'','Forschung'),(89,'Lehre','im Studienverlauf entstanden'),(90,'Lehrmittel','Lehrmittel'),(91,'Recherche','Recherche'),(92,'Photographer','Fotograf/in'),(93,'Creator of the digital file (e.g. Photographer).','Urheber/in der Abbildung.'),(94,'Address of Creator','Adresse'),(95,'Post-Code','Postleitzahl'),(96,'Telephone','Telefonnummer'),(97,'Email Address','E-Mail-Adresse'),(98,'Website of the Creator','Website'),(99,'Job-title','Berufsbezeichnung'),(100,'Other participants','Weitere Personen Medienerstellung'),(101,'People who contributed to the creation of the illustrating medium, e.g. photographic assistant, stylist, cutter, image editor.','Personen, die zur Erstellung des Medieninhalts beigetragen haben: z.B. Assisstenz, Stylist, Cutter, Bildbearbeitung.'),(102,'Date Created','Erstellungsdatum'),(103,'Date of creation of media object','Datum der Erstellung des Medienobjektes resp. der Datei'),(104,'Source','Quelle'),(105,'The described resource may be derived from the related resource in whole or in part. z.B. a URL or a book.','Quelle, aus der das Medium stammt z.B. URL, Buch, Sender.'),(106,'Provider','Angeboten durch'),(107,'E.g. Studio Publikationen, ZHdK Kommunikation','Z.B. Studio Publikationen, ZHdK Kommunikation'),(108,'Dimensions','Dimensionen'),(109,'E.g. 60 x 80 cm, 5 x 18 x 17 m, 5:22 h, 32 min.','flächig, räumlich, zeitlich, z.B. 60 x 80 cm, 5 x 18 x 17 m, 5:22 h, 32 min'),(110,'Material / Format','Material / Format'),(111,'e.g. Oil on Canvas, PAL, Paper','z.B. Öl auf Leinwand, PAL, Baryt-Abzug'),(112,'Title of the set.','Titel des Sets'),(113,'Author of the set.','Autor/in des Sets'),(114,'Date of creation of the set (e.g. 1.3.2003 or spring semester 2011) - not of the media files.','Datum der Erstellung des Sets (z.B. 1.3.2003 oder Frühlingssemester 2011) - Nicht das Datum, an dem die Dateien entstanden sind.'),(115,'Copyright owner','Besitzer/in der Nutzungs- und Verwertungsrechte. Diese können z.B. beim Autor/Urheber des Werkes oder bei einer Institution liegen. Handelt es sich um Werke, die an der ZHdK im Rahmen von Lehre und Forschung entstanden sind, liegt ohne Sonderregelung das '),(116,'Copyright Status','Copyright-Status'),(117,NULL,'Ist das Werk urheberrechtlich geschützt oder gemeinfrei?'),(118,'Usage conditions','Nutzungsbedingungen'),(119,'Copyright-Info URL','URL für Copyright-Informationen'),(120,'Copyright URL for detailed description of usage rights of the work.','Internetlink zur detaillierten Beschreibung der Nutzungsbedingungen wie z.B. Lizenztexte und Publikationsdisclaimer.'),(121,'','Ist das Werk urheberrechtlich geschützt oder gemeinfrei?'),(122,'Creator of the depicted work','Urheber/in des abgebildeten Werkes.\r\nWer hat das abgebildete Werk erschaffen? Handelt es sich um einen historischen Künstler oder eine zeitgenössische Komponistin? Sind Sie selbst die Urheberin / der Urheber des Werkes?\r\nEs können auch Künstlernamen einge'),(123,'Creator of the depicted work','Urheber/in des abgebildeten Werkes.\r\nWer hat das abgebildete Werk erschaffen? Handelt es sich um einen historischen Künstler oder eine zeitgenössische Komponistin? Sind Sie selbst die Urheberin / der Urheber des Werkes?\r\nAuch Künstlernamen sind möglich.'),(124,'Creator of the depicted work','Urheber/in des Werkes. Wer hat das Werk erschaffen? Handelt es sich um einen historischen Künstler oder eine zeitgenössische Komponistin? Sind Sie selbst die Urheberin / der Urheber des Werkes? Auch Künstlernamen sind möglich.'),(125,'Date of creation of media content (e.g. 1878, 1.3.2003 or Spring semester 2011) - not of the media file.','Datum der Erschaffung des Werkes (z.B. 1878, 2.3.2008 oder Frühlingssemester 2011) - Nicht das Datum, an dem die Datei oder die Abbildung des Werkes entstanden ist.'),(126,'Keywords describing the media entry content','Schlagworte zu Inhalt und Motiv des Medieneintrags. Was ist zu sehen oder zu hören? Welche Themen behandelt das Werk? Welche bildlichen oder muskalischen Motive lassen sich benennen? '),(127,'General category of the art portrayed','Allgemeine Gattung der Kunst in Bezug auf das Ausdrucksmedium. Mit welchen künstlerischen Medien arbeitet das Werk?'),(128,'Public Caption - For use in the media and press.','Bildunterschrift, die nur für einen bestimmten Kontext Gültigkeit hat, z.B. für eine Publikation in Jahrbuch, Presse oder Website. Die Bildlegende ist nicht identisch mit dem Titel des Medieneintrags.'),(129,'Remarks about the Media Entry.','Beschreibung des Medieninhalts. Hier können Sie eine ausführliche Beschreibung des Werkes einbringen.'),(130,'Remarks about the Media Entry.','Bemerkungen zum Medieninhalt. Hier ist Platz für individuelle oder projektbezogene Bemerkungen. Diese können auch vorläufig sein oder von mehreren Personen editiert werden. '),(131,'','Gibt es auf einer Internetseite weitere Informationen zum Medieneintrag? Ist das Werk etwa Bestandteil einer Internetanwendung?'),(132,'Location of the depicted object','Standort des Werkes, z.B. eine Institution oder ein historischer Ort. In welchem Museum / welcher Sammlung befindet sich das Werk? Wo genau steht das abgebildete Gebäude? (Frage: auch Aufführungsort?)'),(133,'','Wer ist auf der Fotografie abgebildet? Welche Person thematisiert der Film?'),(134,'E.g. Zürich Museum of Art','Ist eine Institution Thema des Werkes? Sind Gebäude oder Innenräume abgebildet? Ist die Institution durch ihre Mitarbeiter/innen oder durch ihre Tätigkeit vorgestellt?'),(135,'Persons, who contributed to the shown contents of, e.g. Scenery maker or Assistant Director.','Personen, die zum Werk beigetragen haben, z.B. Bühnenbildner oder die Regieassistenz.'),(136,'','Eingabehilfe: Departement, Studienvertiefung'),(137,'Institutional Affiliation of the Author of the work to the ZHdK.','Der Bereich an der ZHdK, in dem das Werk entstanden ist. '),(138,'','Einzelne Schlagworte, durch Return/Enter getrennt.'),(139,'','Eingabeform: Nachname, Vorname'),(140,'','Freie Eingabe'),(141,'','Welche Person hat den Auftrag für das Werk gegeben? Welche Institution hat das Werk gefördert?'),(142,'','Wurde mit einem Forschungspartner zusammengearbeitet? Ist eine Institution an der Entstehung beteiligt?'),(143,'','Ausführliche Beschreibung'),(144,'','Umfangreicher Freitext'),(145,'','Wer hat das Projekt geleitet? Hier können Dozierende, Mentoren oder Projektverantwortliche eingetragen werden.'),(146,'','Wer hat das Projekt geleitet? Hier können Dozierende, Mentor/innen oder Projektverantwortliche eingetragen werden.'),(147,'','In welchem Studienjahr wurde das Werk erstellt? - Für Abschlussarbeiten kann zusätzlich bei ZHdK-Projekttyp das entsprechende Feld ausgewählt werden.'),(148,'','In welchem Studienjahr wurde das Werk erstellt? - Für Abschlussarbeiten kann zusätzlich bei \"ZHdK-Projekttyp\" das entsprechende Feld ausgewählt werden.'),(149,'','Mehrfachauswahl möglich'),(150,'','Um was für eine Art von Arbeit handelt es sich bei dem Werk?'),(151,'','Mehrfachauswahl bei längeren Projekten möglich'),(152,'People who contributed to the creation of the illustrating medium, e.g. photographic assistant, stylist, cutter, image editor.','Personen, die zur Erstellung des Medienobjekts beigetragen haben: z.B. Assisstenz, Stylist, Cutter, Bildbearbeitung.'),(153,'The title of the media entry','Titel des Werkes'),(154,'The subtitle of the media entry','Untertitel des Werkes'),(155,'Keywords describing the media entry content','Schlagworte zu Inhalt und Motiv des Werkes. Was ist zu sehen oder zu hören? Welche Themen behandelt das Werk? Welche bildlichen oder muskalischen Motive lassen sich benennen? '),(156,'Keywords describing the media entry content','Schlagworte zu Inhalt und Motiv des Werkes. Was ist zu sehen oder zu hören? Welche Themen behandelt das Werk? Welche bildlichen, dramaturgischen, filmischen oder musikalischen Motive lassen sich benennen? '),(157,'General category of the art portrayed','Allgemeine Gattung der Kunst in Bezug auf das Ausdrucksmedium. In welchem künstlerischen Medium artikuliert sich das Werk?'),(158,'','Umfangreicher Freitext möglich'),(159,'','Gibt es auf einer Internetseite weitere Informationen zum Werk? Ist das Werk etwa Bestandteil einer Internetanwendung?'),(160,'','Gibt es auf einer Internetseite weitere Informationen zum Werk? Ist es etwa Bestandteil einer Internetanwendung?'),(161,'City of the depicted object',''),(162,'County of the depicted object',''),(163,'Country of the depicted object',''),(164,'ISO-Country code of the depicted object',''),(165,'Remarks about the Media Entry.','Bemerkungen zum Medieninhalt. Diese können individuell, projektbezogen oder vorläufig sein und von mehreren Personen editiert werden. '),(166,'Institutional Affiliation of the Author of the work to the ZHdK.','Der Bereich an der ZHdK, in dem das Werk entstanden ist. Hier können Studienvertiefungen, Institute und Abteilungen genannt werden.'),(167,'','Eingabevorschlag: Assistenz Köstumprobe: Barbara Beispiel'),(168,'Persons, who contributed to the shown contents of, e.g. Scenery maker or Assistant Director.','Personen, die zum Werk beigetragen haben, z.B. Bühnenbildner oder die Regieassistenz. Die entsprechende Funktion sollte ebenfalls genannt werden.'),(169,'','In welchem Studienjahr wurde das Werk erstellt?'),(170,'Creator of the digital file (e.g. Photographer).','Urheber/in der Abbildung'),(171,'E.g. Studio Publikationen, ZHdK Kommunikation','Wer stellt das Medienobjekt zur Verfügung? Z.B. Lehrmittel können durch eine Studienverstiefung oder Pressematerialien durch das Studio Publikationen bereitgestellt werden.'),(172,'E.g. Studio Publikationen, ZHdK Kommunikation','Wer stellt das Medienobjekt zur Verfügung? Z.B. Lehrmittel können durch eine Studienvertiefung oder Pressematerialien durch die Services bereitgestellt werden. Aber auch externe Anbieter können hier genannt werden.'),(173,'E.g. Studio Publikationen, ZHdK Kommunikation','Wer stellt das Medienobjekt zur Verfügung? Z.B. Lehrmittel können durch eine Studienvertiefung oder Pressematerialien durch die Services bereitgestellt werden. Aber auch externe Anbieter dürfen hier genannt werden.'),(174,'','Eingabemöglichkeiten: z.B. 60 x 80 cm, 5 x 18 x 17 m, 5:22 h, 32 min'),(175,'E.g. 60 x 80 cm, 5 x 18 x 17 m, 5:22 h, 32 min.','Wie groß ist das Kunstwerk? Wie lange dauert das Musikstück? Angaben zu Fläche, Raum und Zeit können hier eingetragen werden.'),(176,'People who contributed to the creation of the illustrating medium, e.g. photographic assistant, stylist, cutter, image editor.','Personen, die zur Erstellung des Medienobjekts beigetragen haben: z.B. Assisstenz, Stylist, Cutter, Bildbearbeitung. Die entsprechende Funktion sollte ebenfalls genannt werden.'),(177,'','Eingabevorschlag: Bildbearbeitung: Mirco Muster'),(178,'People who contributed to the creation of the illustrating medium, e.g. photographic assistant, stylist, cutter, image editor.','Personen, die zur Erstellung des Medienobjekts beigetragen haben: z.B. Assistenz, Stylist, Cutter, Bildbearbeitung. Die entsprechende Funktion sollte ebenfalls genannt werden.'),(179,'Date of creation of media object','Datum der Erstellung des Medienobjektes resp. der Datei. Wann wurde die Fotografie aufgenommen oder das Computerrendering erzeugt? - Das Erstelldatum des Medienobjekts kann verschieden sein zum Erstelldatum des Werkes.'),(180,'','Freie Eingabe oder Übernahme der technischen Information.'),(181,'e.g. Oil on Canvas, PAL, Paper','Auf welchem physikalischen Träger befindet sich das Medium? z.B. Öl auf Leinwand, PAL, Baryt-Abzug. Auch digitale Formate können genant werden.'),(182,'Creator of the digital file (e.g. Photographer).','Urheber/in des Mediums. Dies kann eine Fotografin, ein Filmer, eine Zeichnerin sein. Die Person wird genannt, wenn sie sich vom Urhber/in des Werkes unterscheidet.'),(183,'Creator of the digital file (e.g. Photographer).','Urheber/in des Mediums. Dies kann eine Fotografin, ein Filmer, eine Zeichnerin sein. Die Person wird genannt, wenn sie sich von der Urheber/in des Werkes unterscheidet.'),(184,'Photographer','Medienersteller/in'),(185,'','Eingabevorschläge: z.B. 60 x 80 cm, 5 x 18 x 17 m, 5:22 h, 32 min'),(186,'','Eingabeformat: http://www.beispiel.ch'),(187,'The title of the work','Titel des Werkes'),(188,'','Der Bereich an der ZHdK, in dem das Werk entstanden ist. Hier können Studienvertiefungen, Institute und Abteilungen genannt werden.'),(189,'','ZHdK-Projekttyp'),(190,'','Projektname'),(191,'','Wie war der Titel des Lehr- oder Forschungsprojektes? '),(192,'','Eingabehilfe für Literaturnachweise: Nachname, Vorname: Titel, Ort Jahr'),(193,'','Wer stellt das Medienobjekt zur Verfügung? Z.B. Lehrmittel können durch eine Studienvertiefung oder Pressematerialien durch die Services bereitgestellt werden. Aber auch externe Anbieter dürfen hier genannt werden.'),(194,'','Titel'),(195,'','MIZ-Archiv: Titel'),(196,'','Untertitel'),(197,'','MIZ-Archiv: Untertitel'),(198,'','Autor/in'),(199,'','MIZ-Archiv: Urheber/in'),(200,'','Bereich ZHdK'),(201,'','MIZ-Archiv: Bereich'),(202,'','Datum'),(203,'','MIZ-Archiv: Datierung/Darstellungsdatum'),(204,'','Schlagworte zu Inhalt und Motiv'),(205,'','MIZ-Archiv: Stichworte'),(206,'','Gattung'),(207,'','MIZ-Archiv: Gattung'),(208,'','Beschreibung'),(209,'','MIZ-Archiv: Kurzbeschreibung'),(210,'','Bildlegende'),(211,'','MIZ-Archiv: Legende'),(212,'','Bemerkung'),(213,'','MIZ-Archiv: Bemerkung'),(214,'','Internet Links (URL)'),(215,'','MIZ-Archiv: Web-Link'),(216,'','Porträtierte Person/en'),(217,'','MIZ-Archiv: Porträtierte Person'),(218,'','Porträtierte Institution'),(219,'','MIZ-Archiv: Porträtierte Institution'),(220,'','Mitwirkende / weitere Personen'),(221,'','MIZ-Archiv: Beteiligte Personen'),(222,'','Partner / beteiligte Institutionen'),(223,'','MIZ-Archiv: Beteiligte Institution'),(224,'','Auftrag durch'),(225,'','MIZ-Archiv: Auftraggeber'),(226,'','Studienjahr'),(227,'','MIZ-Archiv: Studienjahr'),(228,'','Doz'),(229,'','Dozierende/Projektleitung'),(230,'','MIZ-Archiv: Projektleitung'),(231,'','Medienersteller/in'),(232,'','MIZ-Archiv: FotografIn'),(233,'','Weitere Personen Medienerstellung'),(234,'','MIZ-Archiv: Weitere Personen'),(235,'','Copyright'),(236,'','MIZ-Archiv: Rechte'),(237,'','Copyright-Status'),(238,'','MIZ-Archiv: Art der Objektrechte'),(239,'','Nutzungsbedingungen'),(240,'','MIZ-Archiv: Einschränkungen'),(241,'','URL für Copyright-Informationen'),(242,'','Angeboten durch'),(243,'','MIZ-Archiv: Verwaltet durch'),(244,'','Dimensionen'),(245,'','MIZ-Archiv: Bemaßungsetikett'),(246,'','Material/Format'),(247,'','MIZ-Archiv: Material/Technik'),(248,'Keywords describing the media entry content','Schlagworte zu Inhalt und Motiv des Werkes. Was ist zu sehen oder zu hören? Welche Themen behandelt das Werk?'),(249,'Public Caption - For use in the media and press.','Bildunterschrift, die nur für einen bestimmten Kontext Gültigkeit hat, z.B. für eine Publikation in einem Jahrbuch, durch die Presse oder auf einer Website. Die Bildlegende ist nicht identisch mit dem Titel des Medieneintrags.'),(250,'Public Caption - For use in the media and press.','Bildunterschrift, die nur für einen bestimmten Kontext Gültigkeit hat, z.B. für eine Publikation in einem Jahrbuch, durch die Presse oder auf einer Website. Die Bildlegende ist nicht identisch mit dem Titel des Werks.'),(251,'Remarks about the Media Entry.','Beschreibung des Werks. Hier können Sie eine ausführliche Beschreibung des Werkes einfügen.'),(252,'Remarks about the Media Entry.','Bemerkungen zum Werk. Diese können individuell, projektbezogen oder vorläufig sein. '),(253,'','Gibt es auf einer Internetseite weitere Informationen zum Werk? Ist es etwa Bestandteil einer Internetanwendung? Oder besteht eine Projektwebsite?'),(254,'Dates','Datierung'),(255,'Location','Standort/Aufführungsort'),(256,'Location of the depicted object','Standort des Werkes, z.B. eine Institution oder ein historischer Ort. In welchem Museum / welcher Sammlung befindet sich das Werk? Wo genau steht das abgebildete Gebäude?'),(257,'Creator of the digital file (e.g. Photographer).','Urheber/in des Mediums. Dies kann z.B. eine Fotografin, ein Filmer, eine Zeichnerin sein. Die Person wird genannt, wenn sie sich von der Urheber/in des Werkes unterscheidet. - Es ist nicht notwendig, Personen einzutragen, die z.B. die Reprografie, Kopie o'),(258,'Creator of the digital file (e.g. Photographer).','Urheber/in des Mediums. Dies kann z.B. eine Fotografin, ein Filmer, eine Zeichnerin sein. Die Person wird genannt, wenn sie sich von der Urheber/in des Werkes unterscheidet. - Nicht eingetragen werden Personen, welche lediglich die digitale Reproduktion d'),(259,'Creator of the digital file (e.g. Photographer).','Urheber/in des Mediums, z.B. eine Fotografin, ein Filmer, eine Zeichnerin. Die Person wird genannt, wenn sie sich von der Urheber/in des Werkes unterscheidet. - Nicht eingetragen werden Personen, welche lediglich die digitale Reproduktion des Werkes erste'),(260,'Creator of the digital file (e.g. Photographer).','Urheber/in des Mediums, z.B. eine Fotografin, ein Filmer, eine Zeichnerin. Diese Person unterscheidet sich von der Urheber/in des Werkes. - Nicht eingetragen werden Personen, welche lediglich die digitale Reproduktion des Werkes erstellt haben.'),(261,'The described resource may be derived from the related resource in whole or in part. z.B. a URL or a book.','Quelle, aus der das Medium stammt z.B. eine URL, ein Buch, ein Radio- oder TV-Sender.'),(262,'The described resource may be derived from the related resource in whole or in part. z.B. a URL or a book.','Die Quelle, aus der das Medium stammt, z.B. eine URL, ein Buch, ein Radio- oder TV-Sender.'),(263,'e.g. Oil on Canvas, PAL, Paper','Auf welchem physikalischen Träger befindet sich das Medium? Z.B. Öl auf Leinwand, PAL, Baryt-Abzug. Auch digitale Formate können genannt werden.'),(264,'Date of creation of media object','Datum der Erstellung des Medienobjektes resp. der Datei. Wann wurde die Fotografie aufgenommen oder das Computerrendering erzeugt? - Das Erstelldatum des Medienobjekts kann verschieden sein zur Datierung des Werkes.'),(265,'Date of creation of media object','Datum der Erstellung des Medienobjektes resp. der Datei. Wann wurde die Fotografie aufgenommen oder das Computerrendering erzeugt? - Das Erstellungsdatum des Medienobjekts kann verschieden sein zur Datierung des Werkes.'),(266,'Material / Format','Material/Format'),(267,'Date of creation of media object','Datum der Erstellung des Mediums. Wann wurde die Fotografie aufgenommen oder das Computerrendering erzeugt? - Das Erstellungsdatum des Mediums kann verschieden sein zur Datierung des Werkes.'),(268,'Creator of the depicted work','Urheber/in des Werkes. Wer hat das Werk erschaffen? Handelt es sich um einen historischen Künstler oder eine zeitgenössische Komponistin? Sind Sie selbst Urheber/in des Werkes? Auch Künstlernamen sind möglich.'),(269,'Date of creation of media content (e.g. 1878, 1.3.2003 or Spring semester 2011) - not of the media file.','Datum der Erschaffung des Werkes (z.B. 1878, 2.3.2008 oder Frühlingssemester 2011) - Nicht das Datum, an dem die Datei oder das Medium der Abbildung oder der Wiedergabe des Werkes entstanden ist.'),(270,'General category of the art portrayed','Allgemeine Gattung der Kunst. In welchem künstlerischen Medium artikuliert sich das Werk? Welche künstlerischen Mittel werden zum Ausdruck genutzt?'),(271,'Public Caption - For use in the media and press.','Bildunterschrift, die nur für einen bestimmten Kontext Gültigkeit hat, z.B. für eine Publikation in einem Jahrbuch, durch die Presse oder auf einer Website. - Die Bildlegende ist nicht identisch mit dem Titel des Werks.'),(272,'Remarks about the Media Entry.','Hier können Sie eine ausführliche Beschreibung des Werkes einfügen.'),(273,'Remarks about the Media Entry.','Bemerkungen zum Werk können individuell, projektbezogen oder vorläufig sein. '),(274,'Date Created','Datierung'),(275,'Date of creation of media content (e.g. 1878, 1.3.2003 or Spring semester 2011) - not of the media file.',''),(276,'The title of the work',''),(277,'Creator of the depicted work',''),(278,'Keywords describing the media entry content',''),(279,'Copyright owner',''),(280,'Author of the set.',''),(281,'Title of the set.',''),(282,'Date of creation of the set (e.g. 1.3.2003 or spring semester 2011) - not of the media files.',''),(283,'','Um was für eine Art von Arbeit handelt es sich bei dem Werk? In welchem Zusammenhang steht es zu Lehre und Forschung an der ZHdK?'),(284,'Core','Core'),(285,'TMS','TMS'),(286,'IO Interface','IO Interface'),(287,'Media Content','Media Content'),(288,'Media Object','Media Object'),(289,'Album','Album'),(290,'Upload','Upload'),(291,'ZHdK-Bereich','ZHdK-Bereich'),(292,'MIZ-Archiv','MIZ-Archiv'),(293,'Media Content','Werk'),(294,'Media Object','Medium'),(295,'Album','Set'),(296,'Copyright','Credits'),(297,'ZHdK','ZHdK'),(298,'Credits','Credits'),(299,'Set','Set'),(300,'project title','Projekttitel'),(301,'','Ist das Werk im Kontext eines Projektes entstanden? Wie lautet der Titel dieses Projektes? Das kann eine Lehrveranstaltung, ein Forschungsprojekt oder eine persönliche Arbeit sein.'),(302,'Keywords','Schlagworte zu Inhalt und Motiv'),(303,'Title','Titel des Sets'),(304,'only MIZ-Archive','nur MIZ-Archiv'),(305,'','Projekttitel'),(306,'','Titel/Projekttitel'),(307,'','UrheberIn'),(308,'','Offen für Internet'),(309,'','public access=1'),(310,'','Bereich'),(311,'','Datierung'),(312,'MIZ-Archiv','MIZ-Archiv_alt'),(313,'','Titel/Projektname'),(314,'','Kurzbeschreibung'),(315,'','Datierung/Darstellungsdatum'),(316,'','Stichworte'),(317,'type','Gattung'),(318,'','Legende'),(319,'','Web-Link'),(320,'','Porträtierte Person'),(321,'','Beteiligte Personen'),(322,'','Beteiligte Institution'),(323,'','Auftraggeber'),(324,'','Projektleitung'),(325,'','FotografIn'),(326,'','Weitere Personen'),(327,'','Rechte'),(328,'','Art der Objektrechte'),(329,'','Einschränkungen'),(330,'','Verwaltet durch'),(331,'','Bemaßungsetikett'),(332,'material/format','Material/Format'),(333,'','Material/Technik'),(334,'','Standort/Aufführungsort'),(335,'','Geografie'),(336,'','Stadt'),(337,'','Kanton/Bundesland'),(338,'','Land'),(339,'','ISO-Ländercode'),(340,'Grundstudium Diplom','Grundstudium Diplom'),(341,'Hauptstudium Diplom','Hauptstudium Diplom'),(342,'','Letzte Aktualisierung durch'),(343,'','ErfasserIn'),(344,'','Medienart'),(345,'Uploaded by','Hochgeladen von / am'),(346,'','Public access'),(347,'','Hochgeladen am'),(348,'description author','Beschreibung durch'),(349,'','Beschreibung durch'),(350,'','Erfasser/in'),(351,'','Beschreibung durch (vor dem Import ins Medienarchiv)'),(352,'','Erfasser/in (vor dem Import ins Medienarchiv)'),(353,'','Beschreibung durch (vor dem Kopieren fürs MIZ-Archiv)'),(354,'','Erfasser/in (vor dem vor dem Kopieren fürs MIZ-Achiv)'),(355,'','Beschreibung durch (vor dem Hochladen ins Medienarchiv)'),(356,'','Erfasser/in (vor dem Hochladen ins Medienarchiv)'),(357,'','In welchem Zusammenhang steht das Werk zu Lehre und Forschung an der ZHdK? Was für ein Typ ist das Werk?'),(358,'','In welchem Zusammenhang steht das Werk zu Lehre und Forschung an der ZHdK?'),(359,'','Eingabeformat: http://www.beispiel.ch [Datum des letzten Zugriffs]'),(360,'','Gibt es auf einer Internetseite weitere Informationen zum Werk? Ist es etwa Bestandteil einer Internetanwendung? Oder besteht eine Projektwebsite? Bitte fügen Sie unbedingt das Datum des letzten Zugriffs hinzu!'),(361,'Copyright owner','Besitzer/in der Nutzungs- und Verwertungsrechte. Diese können z.B. beim Autor/Urheber des Werkes oder bei einer Institution liegen. Bei Werken, die an der ZHdK in Lehre und Forschung entstanden sind, liegt ohne Sonderregelung das Copyright bei der ZHdK.'),(362,'','Eingabevorschläge: z.B. Videostill, Öl auf Leinwand, PAL, Baryt-Abzug'),(363,'e.g. Oil on Canvas, PAL, Paper','Auf welchem physikalischen Träger befindet sich das Medium? Auch digitale Formate können genannt werden.'),(364,'','Name oder Institution: z.B. Barbara Beispiel, Archiv der Künste Zürich, unbekannt'),(365,'','Unter welchen Bedingungen ist die Nutzung des Werkes erlaubt?'),(366,'','Name oder Institution: z.B. ZHdK MIZ, Agentur für Medien Zürich, Archiv Prof. Müller'),(367,'Copyright URL for detailed description of usage rights of the work.','Internetlink zur detaillierten Beschreibung der Nutzungsbedingungen wie z.B. Lizenztexte und Publikationsdisclaimer. Bitte fügen Sie unbedingt das Datum des letzten Zugriffs hinzu!'),(368,'','Autor/in der Metadaten. Wer hat die Verschlagwortung im Medienarchiv vorgenommen?'),(369,'','Autor/in der Metadaten. Wer hat die Verschlagwortung vorgenommen, bevor das File ins Medienarchiv geladen wurde?'),(370,'','Autor/in der Metadaten. Wer hat die Verschlagwortung im Medienarchiv vorgenommen, bevor eine Kopie fürs MIZ-Archiv erstellt wurde?'),(371,'','Autor/in der Metadaten. Wer hat die Verschlagwortung der vorliegenden Kopie fürs MIZ-Archiv vorgenommen?'),(372,'','Urheber/in der Werke des Sets. Wer hat diese erschaffen? Handelt es sich um einen historischen Künstler oder eine zeitgenössische Komponistin? Sind Sie selbst Urheber/in der Werke? Auch Künstlernamen sind möglich.'),(373,'','Titel des Sets ODER Titel der gesammelten Werke des Sets'),(374,'','Sind die Werkw im Kontext eines Projektes entstanden? Wie lautet der Titel dieses Projektes? Das kann eine Lehrveranstaltung, ein Forschungsprojekt oder eine persönliche Arbeit sein.'),(375,'','Sind die Werke im Kontext eines Projektes entstanden? Wie lautet der Titel dieses Projektes? Das kann eine Lehrveranstaltung, ein Forschungsprojekt oder eine persönliche Arbeit sein.'),(376,'Date of creation of the set (e.g. 1.3.2003 or spring semester 2011) - not of the media files.','Datum der Erschaffung der zusammengestellten Werke (z.B. 1878, 2.3.2008 oder Frühlingssemester 2011) - Nicht das Datum, an dem die Datei oder das Medium der Abbildung oder der Wiedergabe des Werkes entstanden ist.'),(377,'','Schlagworte zu Inhalt und Motiv der zusammengestellten Werke. Was ist zu sehen oder zu hören? Welche Themen behandeln die Werke?'),(378,'','Hier können Sie eine ausführliche Beschreibung des Werkes einfügen.'),(379,'','Set bearbeitet durch'),(380,'','Autor/in des Sets. Wer hat die Zusammenstellung und Verschlagwortung des Sets vorgenommen?'),(381,'','Set zusammengestellt durch'),(382,'','Hier können Sie eine ausführliche Beschreibung der Werke oder des Sets einfügen.'),(383,'','Zusammenstellung durch'),(384,'','Der Titel des Sets bezeichnet entweder die enthaltene Zusammenstellung der Werke (z.B. Vorlesung \"Internationale Kunstpraxis\") oder den Titel des Werkes, das darin in mehreren Ansichten zu sehen ist (z.B. Grossmünster Zürich).'),(385,'Date of creation of the set (e.g. 1.3.2003 or spring semester 2011) - not of the media files.','Datum der Erschaffung der zusammengestellten Werke (z.B. 1878, 2.3.2008 oder Frühlingssemester 2011)'),(386,'','Urheber/in der Werke, die in dem Sets gruppiert sind. Wer hat diese erschaffen? Handelt es sich um einen historischen Künstler oder eine zeitgenössische Komponistin? Sind Sie selbst Urheber/in der Werke? Auch Künstlernamen sind möglich.'),(387,'','Sind die zusammengestellte Werke oder das Set im Kontext eines Projektes entstanden? Wie lautet der Titel dieses Projektes? Das kann eine Lehrveranstaltung, ein Forschungsprojekt oder eine persönliche Arbeit sein.'),(388,'','Sind die zusammengestellten Werke oder ist das Set im Kontext eines Projektes entstanden? Wie lautet der Titel dieses Projektes? Das kann eine Lehrveranstaltung, ein Forschungsprojekt oder eine persönliche Arbeit sein.'),(389,'Date of creation of the set (e.g. 1.3.2003 or spring semester 2011) - not of the media files.','Datum der Zusammenstellung des Sets (z.B. Frühlingssemester 2011) oder der Erschaffung der Werke (z.B. 1878, 2.3.2008).'),(390,'','Schlagworte zur Zusammenstellung der Werke als Set bzw. zu Inhalt und Motiv der einzelnen Werke. Was ist zu sehen oder zu hören? Welche Themen behandeln das Set bzw. welche die Werke?'),(391,'','Hier können Sie eine ausführliche Beschreibung des Sets oder der Werke einfügen.'),(392,'Author','Autor/in der Werke'),(393,'','Erstellt von'),(394,'','Erstellt am'),(395,'','Der Titel des Sets bezeichnet die Zusammenstellung der Medieneinträge.'),(396,'Author','Autor/in des Sets'),(397,'','Wer hat das Set zusammengestellt?'),(398,'','Schlagworte zum Set bzw. zu Inhalt und Motiv der einzelnen Werke. Was ist zu sehen oder zu hören? Welche Themen behandeln das Set bzw. welche die Werke?'),(399,'','Hier können Sie eine ausführliche Beschreibung des Sets einfügen.'),(400,'','Schlagworte zum Set. Was ist zu sehen oder zu hören? Welche Themen behandelt das Set?'),(401,'','Wer hat die Zusammenstellung und Verschlagwortung des Sets vorgenommen?'),(403,'madek core Inhalt und Motiv (bezieht sich auf den Medieninhalt)','madek core Inhalt und Motiv (bezieht sich auf den Medieninhalt)'),(405,'Diplomarbeit','Diplomarbeit'),(407,'Portrait','Portrait'),(409,'Menschenbild','Menschenbild'),(411,'Buch','Buch'),(413,'Intimität','Intimität'),(415,'Sticker','Sticker'),(417,'madek Inhalt','madek Inhalt'),(419,'Stefanie Ammann - Portrait aus der Serie Studentenportraits fürs Zett','Stefanie Ammann - Portrait aus der Serie Studentenportraits fürs Zett'),(421,'irgendwas','irgendwas'),(423,'Hase','Hase'),(425,'Rüebli','Rüebli'),(427,'Tanne','Tanne'),(429,'Sonne','Sonne'),(431,'Blumen','Blumen'),(433,'Wiese','Wiese'),(435,'Wolken','Wolken'),(437,'dies und das','dies und das'),(439,'Shanghai Weltausstellung 2010','Shanghai Weltausstellung 2010'),(441,'Shanghai Weltausstellung','Shanghai Weltausstellung'),(443,'Bucht','Bucht'),(445,'Berlin','Berlin'),(447,'Landschaft','Landschaft'),(449,'Aufsicht','Aufsicht'),(451,'Landschaftsvisualisierung','Landschaftsvisualisierung'),(453,'Park','Park'),(455,'Ponton','Ponton'),(457,'Jahresausstellung','Jahresausstellung'),(459,'See','See'),(461,'Fluss','Fluss'),(463,'Deich','Deich'),(465,'Farn','Farn'),(467,'Gras','Gras'),(469,'Helikopter','Helikopter'),(471,'Feuer','Feuer'),(473,'Vernissage','Vernissage'),(475,'Museum für Gestaltung','Museum für Gestaltung'),(477,'Farbe','Farbe'),(479,'Indien','Indien'),(481,'Reise','Reise'),(483,'Pigmente','Pigmente'),(485,'Sexualität','Sexualität'),(487,'Liebe','Liebe'),(489,'Körper','Körper'),(491,'Macht','Macht'),(493,'Linienfuehrung diagonal','Linienfuehrung diagonal'),(495,'Linienfuehrung vertikal','Linienfuehrung vertikal'),(497,'perspektivische Konvergenz','perspektivische Konvergenz'),(499,'relative Groesse','relative Groesse'),(501,'relative Hoehe','relative Hoehe'),(503,'Schatten','Schatten'),(505,'print','print'),(507,'Landschaftsmalerei','Landschaftsmalerei'),(509,'aus Harenberg Museum der Malerei','aus Harenberg Museum der Malerei'),(511,'Ebenen','Ebenen'),(513,'Farbigkeit vorne','Farbigkeit vorne'),(515,'Figur Grund','Figur Grund'),(517,'Linienfuehrung horizontal','Linienfuehrung horizontal'),(519,'Prinzip Aehnlichkeit','Prinzip Aehnlichkeit'),(521,'Prinzip Naehe','Prinzip Naehe'),(523,'Prinzip Nähe','Prinzip Nähe'),(525,'Prinzip Ähnlichkeit','Prinzip Ähnlichkeit'),(527,'Strukturreichtum vorne','Strukturreichtum vorne'),(529,'Vorder- Hintergrund','Vorder- Hintergrund'),(531,'Prinzip gute Fortsetzung','Prinzip gute Fortsetzung'),(533,'Dunkelheit vorne','Dunkelheit vorne'),(535,'Durchgang','Durchgang'),(537,'Helligkeit hinten','Helligkeit hinten'),(539,'Kontrast vorne','Kontrast vorne'),(541,'Schaerfe vorne','Schaerfe vorne'),(543,'Unschaerfe hinten','Unschaerfe hinten'),(545,'Vorder-Mittelgrund','Vorder-Mittelgrund'),(547,'Luftperspektive','Luftperspektive'),(549,'Verblauung','Verblauung'),(551,'Symmetrie','Symmetrie'),(553,'Texturgradient','Texturgradient'),(555,'Buch gemalte Gärten','Buch gemalte Gärten'),(557,'Verdeckung, Staffelung','Verdeckung, Staffelung'),(559,'Vorder-Mittel-Hintergrund','Vorder-Mittel-Hintergrund'),(561,'kalt warm','kalt warm'),(563,'Linienführung diagonal','Linienführung diagonal'),(565,'Prinzip gemeinsames Schicksal','Prinzip gemeinsames Schicksal'),(567,'Staffelung','Staffelung'),(569,'Ungewoehnliche Perspektive','Ungewoehnliche Perspektive'),(571,'Vogelschau','Vogelschau'),(573,'Vogelschauperspektive','Vogelschauperspektive'),(575,'hell dunkel','hell dunkel'),(577,'Perspektive','Perspektive'),(579,'Schärfe vorne','Schärfe vorne'),(581,'Gegenlicht','Gegenlicht'),(583,'Horizont tief','Horizont tief'),(585,'Optischer Rahmen','Optischer Rahmen'),(587,'Goldener Schnitt','Goldener Schnitt'),(589,'Linienführung horizontal','Linienführung horizontal'),(591,'Linienführung vertikal','Linienführung vertikal'),(593,'Horizont hoch','Horizont hoch'),(595,'relative Grösse','relative Grösse'),(597,'relative Höhe','relative Höhe'),(599,'Vorder-Hintergrund','Vorder-Hintergrund'),(601,'Prinzip Vertrautheit','Prinzip Vertrautheit'),(603,'Schweizer Maler','Schweizer Maler'),(605,'von Anker bis Zünd','von Anker bis Zünd'),(607,'Linienführung Vertikale','Linienführung Vertikale'),(609,'Unschärfe hinten','Unschärfe hinten'),(611,'Prinzip der guten Fortsetzung','Prinzip der guten Fortsetzung'),(613,'Garten','Garten'),(615,'Unschärfe hinen','Unschärfe hinen'),(617,'Mittel- Hintergrund','Mittel- Hintergrund'),(619,'Farbliche Auszeichnung','Farbliche Auszeichnung'),(621,'Fotomontage','Fotomontage'),(623,'Reduktion','Reduktion'),(625,'Abstrakte 3D-Visualisierung','Abstrakte 3D-Visualisierung'),(627,'Typische 3D-Visualisierung','Typische 3D-Visualisierung'),(629,'Realitätsnahe 3D-Visualisierung','Realitätsnahe 3D-Visualisierung'),(631,'Landschaftsplanung','Landschaftsplanung'),(633,'Umweltplanung','Umweltplanung'),(635,'Mischtechnik','Mischtechnik'),(637,'Physikalische Modelle','Physikalische Modelle'),(639,'Schnitte','Schnitte'),(641,'Karten','Karten'),(643,'Pläne','Pläne'),(645,'Schnitt','Schnitt'),(647,'Räumliche Zeichnung','Räumliche Zeichnung'),(649,'Gruppenporträt','Gruppenporträt'),(651,'Projekt MAdeK','Projekt MAdeK'),(653,'Leonardo Da Vinci','Leonardo Da Vinci'),(655,'Konzeptkunst','Konzeptkunst'),(657,'Beispiel','Beispiel'),(659,'Verschlagwortung','Verschlagwortung'),(661,'Medienarchiv','Medienarchiv'),(663,'Nutzung','Nutzung'),(665,'digital','digital'),(667,'20. Jahrhundert','20. Jahrhundert'),(669,'Porträt','Porträt'),(671,'tandoori','tandoori'),(673,'indian food','indian food'),(675,'india','india'),(677,'asia','asia'),(679,'chili','chili'),(681,'chili pepper','chili pepper'),(683,'red','red'),(685,'ingredient','ingredient'),(687,'pepper','pepper'),(689,'paprika','paprika'),(691,'cumin','cumin'),(693,'curry','curry'),(695,'powder','powder'),(697,'tropical','tropical'),(699,'exotic','exotic'),(701,'island','island'),(703,'sun','sun'),(705,'vegetable','vegetable'),(707,'vegetarian','vegetarian'),(709,'chicken','chicken'),(711,'lamb','lamb'),(713,'herbal','herbal'),(715,'cuisine','cuisine'),(717,'restaurant','restaurant'),(719,'hot','hot'),(721,'background','background'),(723,'spice','spice'),(725,'spicy','spicy'),(727,'healthiness','healthiness'),(729,'paste','paste'),(731,'kebab','kebab'),(733,'yaourt','yaourt'),(735,'yoghurt','yoghurt'),(737,'barbecue','barbecue'),(739,'BBQ','BBQ'),(741,'blau','blau'),(743,'Keramik','Keramik'),(745,'Form','Form'),(747,'Gussform','Gussform'),(749,'Volume3','Volume3'),(751,'BAE','BAE'),(753,'volume trois','volume trois'),(755,'Profil Design','Profil Design'),(757,'LED-ColourLab','LED-ColourLab'),(759,'Zürcher Hochschule der Künste','Zürcher Hochschule der Künste'),(761,'FarbLicht','FarbLicht'),(763,'Gewerbemuseum Winterthur','Gewerbemuseum Winterthur'),(765,'Farb-Licht Zentrum (FLZ)','Farb-Licht Zentrum (FLZ)'),(767,'FarbLicht-Muster','FarbLicht-Muster'),(769,'Bauen','Bauen'),(771,'Kooperationsprojekt','Kooperationsprojekt'),(773,'Lebensraum Schule','Lebensraum Schule'),(775,'Partizipation','Partizipation'),(777,'Raumgestaltung','Raumgestaltung'),(779,'Schulische Freizeit','Schulische Freizeit'),(781,'Untersiggenthal','Untersiggenthal'),(783,'Zett','Zett'),(785,'Bildvorschläge','Bildvorschläge'),(787,'Artikel','Artikel'),(789,'Medienarchiv der Künste','Medienarchiv der Künste'),(791,'Workshop','Workshop'),(793,'Partizipative Designstrategien','Partizipative Designstrategien'),(795,'Partizipatives Design','Partizipatives Design'),(797,'Designmethoden','Designmethoden'),(799,'Partizipative Designtrategien','Partizipative Designtrategien'),(801,'Screenshot','Screenshot'),(803,'Interface','Interface'),(805,'Projektteam','Projektteam'),(807,'iBrowsing','iBrowsing'),(809,'Interaktionsformen','Interaktionsformen'),(811,'Arbeitsfläche','Arbeitsfläche'),(813,'Wissensanordnung','Wissensanordnung'),(815,'Visualisierung','Visualisierung'),(817,'Pra?sentationsformen','Pra?sentationsformen'),(819,'Seminar','Seminar'),(821,'Video','Video'),(823,'Projektion','Projektion'),(825,'Text','Text'),(827,'Medienkunst','Medienkunst'),(829,'Papier','Papier'),(831,'Material/Medium','Material/Medium'),(833,'Offsetdruck','Offsetdruck'),(835,'Druck','Druck'),(837,'Bildtechnik/Herstellungsverfahren Original','Bildtechnik/Herstellungsverfahren Original'),(839,'Tortendiagramm','Tortendiagramm'),(841,'Diagrammatisch','Diagrammatisch'),(843,'Darstellungsmodus/graphische Methode','Darstellungsmodus/graphische Methode'),(845,'Fachpresse','Fachpresse'),(847,'Presse/Medien','Presse/Medien'),(849,'Gebrauchskontext','Gebrauchskontext'),(851,'populärwissenschaftliches Sachbuch','populärwissenschaftliches Sachbuch'),(853,'Veranschaulichung','Veranschaulichung'),(855,'Funktion','Funktion'),(857,'Popularisierung','Popularisierung'),(859,'Klimatologie','Klimatologie'),(861,'Disziplinärer Hintergrund','Disziplinärer Hintergrund'),(863,'Kurve/Graph','Kurve/Graph'),(865,'Temperatur','Temperatur'),(867,'Motiv','Motiv'),(869,'Emissionen/Atmosphäre/Luft','Emissionen/Atmosphäre/Luft'),(871,'Karte','Karte'),(873,'Farbskala','Farbskala'),(875,'Farbigkeit','Farbigkeit'),(877,'Balkendiagramm','Balkendiagramm'),(879,'Anderes','Anderes'),(881,'wasserfarben','wasserfarben'),(883,'haus','haus'),(885,'zeichnung','zeichnung'),(887,'Klima','Klima'),(889,'Grafik','Grafik'),(891,'Statistik','Statistik'),(893,'test','test'),(895,'Dialog','Dialog'),(897,'Palaver','Palaver'),(899,'Installation','Installation'),(901,'Performance','Performance'),(903,'Closed Circuit','Closed Circuit'),(905,'knowbotic research','knowbotic research'),(907,'Inszenierungen','Inszenierungen'),(909,'Creator of the depicted work','Urheber/in des Werkes. Wer hat das Werk erschaffen? Handelt es sich um einen historischen Künstler oder eine zeitgenössische Komponistin? Sind Sie selbst Urheber/in des Werkes? Auch Pseudonyme und Personengruppen (z.B. Künstlergruppen, Ateliers, Firmen) s'),(911,'Creator of the depicted work','Urheber/in des Werkes. Wer hat das Werk erschaffen? Handelt es sich um einen historischen Künstler oder eine zeitgenössische Komponistin? Sind Sie selbst Urheber/in des Werkes? Auch Pseudonyme und Personengruppen (z.B. Künstlergruppen, Ateliers, Firmen) s'),(913,'Creator of the depicted work','Urheber/in des Werkes. Wer hat das Werk erschaffen? Handelt es sich um einen historischen Künstler oder eine zeitgenössische Komponistin? Sind Sie selbst Urheber/in? Auch Pseudonyme und Personengruppen (z.B. Künstlergruppen, Ateliers, Firmen) sind möglich'),(915,'Creator of the depicted work','Urheber/in des Werkes. Wer hat das Werk erschaffen? Handelt es sich um einen historischen Künstler oder eine zeitgenössische Komponistin? Sind Sie selbst Urheber/in? Auch Pseudonyme und Personengruppen (z.B. Künstlergruppen, Ateliers, Firmen) sind möglich'),(917,'Creator of the depicted work','Urheber/in des Werkes. Wer hat das Werk erschaffen? Handelt es sich um einen historischen Künstler oder eine zeitgenössische Komponistin? Sind Sie selbst Urheber/in? Auch Pseudonyme und Personengruppen (z.B. Künstlergruppe, Atelier, Firma) sind möglich.'),(919,'Projects ZHdK','Projekte ZHdK'),(921,'Ausstellung Museum für Gestaltung','Ausstellung Museum für Gestaltung'),(923,'Cynthia Gavranic','Cynthia Gavranic'),(925,'ExoMars','ExoMars'),(927,'Roboter - Von Motion zu Emotion','Roboter - Von Motion zu Emotion'),(929,'Date of creation of media content - not of the media file.','Datum der Erschaffung des Werkes - nicht das Datum, an dem die Datei oder das Medium der Abbildung / der Wiedergabe des Werkes entstanden ist. Eingabe einer Zeitspanne: Leerzeichen Bindestrich Leerzeichen / \" - \".'),(931,'Date of creation of media content - not of the media file.','Datum der Erschaffung des Werkes - nicht das Datum, an dem die Datei oder das Medium der Abbildung / der Wiedergabe entstanden ist. Eingabe einer Zeitspanne: Leerzeichen Bindestrich Leerzeichen / \" - \".'),(933,'Date of creation of media content - not of the media file.','Datum der Erschaffung des Werkes - nicht das Datum, an dem die Datei oder das Medium der Abbildung / der Wiedergabe entstanden ist.\nEingabe einer Zeitspanne: Leerzeichen Bindestrich Leerzeichen / \" - \".'),(935,'Date of creation of media content - not of the media file.','Datum der Erschaffung des Werkes - nicht das Datum, an dem die Datei oder das Medium der Abbildung / der Wiedergabe entstanden ist.\nEingabe einer Zeitspanne: 1923 - 1929 (Leerzeichen Bindestrich Leerzeichen).'),(937,'','Wenn vorhanden, wird das Kamera-Datum angezeigt.'),(939,'Polizei- & Fahndungsfotografie','Polizei- & Fahndungsfotografie'),(941,'Selbstportrait','Selbstportrait'),(947,'Stichwörter','Stichwörter'),(949,'Projektdokumentation','Projektdokumentation'),(951,'Sachaufnahme','Sachaufnahme'),(953,'Bachelor-Diplom  Industrial Design 2010','Bachelor-Diplom  Industrial Design 2010'),(955,'Ausstellungsdokumentation','Ausstellungsdokumentation'),(957,'who is who','who is who'),(959,'Gruppenportrait','Gruppenportrait'),(961,'Zett 2-10','Zett 2-10'),(963,'Toni Areal','Toni Areal'),(965,'Opening Scene','Opening Scene'),(967,'Studentenportaits','Studentenportaits'),(969,'Zett 1-10','Zett 1-10'),(973,'Scientific Visualization','Scientific Visualization'),(975,'','Mehrfachauswahl möglich durch Halten der shift-Taste oder der ctrl- bzw. cmd-Taste.'),(977,'Visualization of Landscape','Landschaftsvisualisierung'),(979,'','Landschaftstyp'),(981,'','Mehrfachauswahl und Hinzufügen von Werten möglich'),(983,'','Verwendungszweck'),(985,'','Bildwirkung'),(987,'','Einzelne Schlagworte, durch Return/Enter getrennt'),(989,'','Gesamteindruck der Darstellung, Ausdrucksqualita?t, Atmospha?re'),(991,'','Bildzeit'),(993,'','Jahreszeit bzw. Tageszeit'),(995,'','Farbe'),(997,'','Zentraler Farbton des Bildes, vorherrschende Farben.'),(999,'','Landschaftselemente'),(1001,'','Angaben zu Gela?ndeformation, Gewa?sser, Infrastruktur, Mensch/Tier, Vegetation usw.'),(1003,'','Wetter/Klima'),(1005,'','Horizontlinie'),(1007,'','Wo liegt der Horizont im Bild?'),(1009,'','Räumliche Wahrnehmung'),(1011,'','Abstraktionsgrad'),(1013,'','Beschreibt den Grad der A?hnlichkeit zwischen dem abgebildeten und realen Gegenstand. '),(1015,'','Zentraler Farbton des Bildes, vorherrschende Farben'),(1017,'','Ausstellung'),(1019,'','Abstimmungsunterlagen'),(1021,'','abstrakt'),(1023,'','schematisch'),(1025,'','stilisiert'),(1027,'','realistisch'),(1029,'','naturalistisch'),(1031,'','fotografisch'),(1033,'','Frühling'),(1035,'','Sommer'),(1037,'','Herbst'),(1039,'','Winter'),(1043,'','Morgen'),(1045,'','Vormittag'),(1047,'','Mittag'),(1049,'','Nachmittag'),(1051,'','Abend'),(1053,'','Nacht'),(1057,'','oben'),(1059,'','mittig'),(1061,'','unten'),(1063,'','Agglomeration'),(1065,'','Erholungszone'),(1067,'','Architekturbild'),(1069,'','Illustration'),(1071,'','Computerspiel'),(1073,'','Dekoration'),(1075,'','Dokumentation'),(1077,'','Forschung'),(1079,'','Lehrmittel'),(1081,'','Gebirgslandschaft'),(1083,'','Industrielandschaft'),(1085,'','Landwirtschaft'),(1087,'','Naturlandschaft'),(1089,'','Parklandschaft'),(1091,'','Siedlungsgebiet'),(1093,'','Stadtlandschaft'),(1095,'','Tourismusgebiet'),(1097,'','Verkehrslandschaft'),(1099,'','Vogelperspektive'),(1101,'','Zentralperspektive'),(1103,'','Froschperspektive'),(1105,'','Atmosphärische Perspektive'),(1107,'','Verblauung'),(1109,'','Texturgradient'),(1111,'','Projektvisualisierung'),(1113,'','Wandbild'),(1115,'','Wettbewerb'),(1117,'','Abendrot'),(1119,'','Bewölkung/wolkig'),(1121,'','Gewitter'),(1125,'','Morgenrot'),(1127,'','Nebel'),(1129,'','Regen'),(1131,'','Schnee'),(1133,'','Sonnenschein'),(1135,'','Sturm'),(1139,'','Wind'),(1141,'Ausstellung Bibiotheksgang','Ausstellung Bibiotheksgang'),(1143,'Jérome Sprenger','Jérome Sprenger'),(1145,'Student Vertiefung Interaction Design','Student Vertiefung Interaction Design'),(1147,'Studentenportrait aus Zett-Serie','Studentenportrait aus Zett-Serie'),(1149,'rot','rot'),(1151,'bunt','bunt'),(1153,'farbig','farbig'),(1155,'Gletscher','Gletscher'),(1157,'Schneeflanke','Schneeflanke'),(1159,'unbestimmt','unbestimmt'),(1161,'idyllisch','idyllisch'),(1163,'verlassen','verlassen'),(1165,'friedlich','friedlich'),(1167,'ländlich','ländlich'),(1169,'grün','grün'),(1171,'braun','braun'),(1173,'gedeckte Farben','gedeckte Farben'),(1175,'Hügel','Hügel'),(1177,'Hecken','Hecken'),(1179,'Bäume','Bäume'),(1181,'Bauernhof','Bauernhof'),(1183,'Zäune','Zäune'),(1187,'','ghjgkjhgk'),(1189,'','hinweis'),(1191,'Wüste','Wüste'),(1193,'landwirtschaftlich','landwirtschaftlich'),(1195,'','unbestimmte Jahreszeit'),(1197,'','unbestimmte Tageszeit'),(1199,'','unbestimmt'),(1201,'','unbestimmt'),(1203,'Landschaftsarchitektur','Landschaftsarchitektur'),(1205,'kühl','kühl'),(1207,'distanziert','distanziert'),(1209,'modern','modern'),(1211,'weiss','weiss'),(1213,'hellblau','hellblau'),(1215,'Palmen','Palmen'),(1217,'Gebäude','Gebäude'),(1219,'Menschen','Menschen'),(1221,'Autos','Autos'),(1223,'Strasse','Strasse'),(1225,'Küstenlandschaft','Küstenlandschaft'),(1227,'Savannenlandschaft','Savannenlandschaft'),(1229,'Ebene','Ebene'),(1231,'Gelb','Gelb'),(1233,'Mensch','Mensch'),(1235,'Kaktus','Kaktus'),(1237,'Gebirge','Gebirge'),(1239,'Dunst','Dunst'),(1241,'Blautöne','Blautöne'),(1243,'Grautöne','Grautöne'),(1245,'Oker','Oker'),(1247,'Berge','Berge'),(1249,'Stille','Stille'),(1251,'Erhabenheit','Erhabenheit'),(1253,'Einsamkeit','Einsamkeit'),(1255,'Grüntöne','Grüntöne'),(1257,'Weg','Weg'),(1259,'Himmel','Himmel'),(1261,'Brauntöne','Brauntöne'),(1263,'Hügellandschaft','Hügellandschaft'),(1265,'','bedeckt'),(1267,'Gelbtöne','Gelbtöne'),(1269,'Büsche','Büsche'),(1271,'Ruhe','Ruhe'),(1273,'Reiter','Reiter'),(1275,'Wald','Wald'),(1277,'Tiere','Tiere'),(1279,'Schloss','Schloss'),(1281,'Audio','Audio'),(1283,'öffentlicher Raum','öffentlicher Raum'),(1285,'unwirtlich','unwirtlich'),(1287,'technisch','technisch'),(1289,'unfreundlich','unfreundlich'),(1291,'Wohnblöcke','Wohnblöcke'),(1293,'Kinder','Kinder'),(1295,'Krahn','Krahn'),(1297,'Baustelle','Baustelle'),(1299,'Sandkasten','Sandkasten'),(1301,'Schaukel','Schaukel'),(1303,'Platz ','Platz '),(1305,'Weisstöne','Weisstöne'),(1307,'Mauer','Mauer'),(1309,'Mittelgebirge','Mittelgebirge'),(1311,'utopisch','utopisch'),(1313,'fantastisch','fantastisch'),(1315,'futuristisch','futuristisch'),(1317,'Küste','Küste'),(1319,'Felsen','Felsen'),(1321,'Meer','Meer'),(1323,'Rottöne','Rottöne'),(1325,'Gewässer','Gewässer'),(1327,'Wege','Wege'),(1329,'Flachland','Flachland'),(1331,'Beige','Beige'),(1333,'Nachthimmel','Nachthimmel'),(1335,'ruhig','ruhig'),(1337,'Kanal','Kanal'),(1339,'Boot','Boot'),(1341,'Brücke','Brücke'),(1343,'Gebirge','Gebirge'),(1345,'Schiffe','Schiffe'),(1347,'Grünfläche','Grünfläche'),(1349,'Plätze','Plätze'),(1351,'Tannen','Tannen'),(1353,'Natur','Natur'),(1355,'Häuser','Häuser'),(1357,'Berg','Berg'),(1359,'Bach','Bach'),(1361,'naturnah','naturnah'),(1363,'Uferlandschaft','Uferlandschaft'),(1365,'Hafen','Hafen'),(1367,'Violetttöne','Violetttöne'),(1369,'Raumplanung','Raumplanung'),(1371,'technologisch','technologisch'),(1375,'Wiesen','Wiesen'),(1377,'reduziert','reduziert'),(1379,'Strassen','Strassen'),(1381,'Vision','Vision'),(1383,'Game','Game'),(1385,'Fantasy','Fantasy'),(1387,'Rendering','Rendering'),(1389,'Landschaftsviualisierung','Landschaftsviualisierung'),(1391,'einladend','einladend'),(1393,'verspielt','verspielt'),(1395,'Steg','Steg'),(1397,'Hütten','Hütten'),(1399,'künstlich','künstlich'),(1401,'dramatisch','dramatisch'),(1403,'düster','düster'),(1405,'Brücken','Brücken'),(1407,'Flussbett','Flussbett'),(1409,'Hochgebirge','Hochgebirge'),(1411,'sauber','sauber'),(1413,'','Tag'),(1415,'','Subjektiver Eindruck der Darstellung, Ausdrucksqualita?t oder Atmospha?re, z.B. dramatisch, kalt, einladend.'),(1417,'','wolkenlos'),(1419,'Nutzungspolicy','Nutzungspolicy'),(1421,'Beispiele','Beispiele'),(1423,'Diskussionsgrundlage','Diskussionsgrundlage'),(1425,'clean','clean'),(1427,'Hirsch','Hirsch'),(1429,'perfekt','perfekt'),(1431,'Rights','Rechte'),(1433,'Deutschland','Deutschland'),(1435,'Dorf','Dorf'),(1437,'Fachwerk','Fachwerk'),(1439,'Frühe Neuzeit','Frühe Neuzeit'),(1441,'Horizont','Horizont'),(1443,'Malerei','Malerei'),(1445,'whiteboard','whiteboard'),(1447,'Gemüse','Gemüse'),(1449,'warm','warm'),(1451,'romantisch','romantisch'),(1453,'befremdend','befremdend'),(1455,'irritierend','irritierend'),(1457,'Rosa','Rosa'),(1459,'Strand','Strand'),(1461,'Produktmanagement','Produktmanagement'),(1463,'','öffentliche Institution'),(1465,'Vögel','Vögel'),(1467,'Schweiz','Schweiz'),(1469,'Schweizer','Schweizer'),(1471,'Supply Lines','Supply Lines'),(1473,'Visions of Global Resource Circulation. A Collaborative Art, Research and Exhibition Project','Visions of Global Resource Circulation. A Collaborative Art, Research and Exhibition Project'),(1475,'oil','oil'),(1477,'niger delta','niger delta'),(1479,'silver','Silber'),(1481,'gold','Gold'),(1483,'water','Wasser'),(1485,'oil','Öl'),(1487,'cotton','Baumwolle'),(1489,'Resources','Ressourcen'),(1491,'Orders of Columns','Säulenordnungen'),(1493,'','Tuskische Ordnung'),(1495,'','Dorica'),(1497,'','Ionica'),(1499,'','Corinthia'),(1501,'','Composita'),(1503,'','Ordnung'),(1505,'Hello','Hello'),(1507,'','Mehrfachauswahl möglich. Tippen Sie den Teil einer ZHdK-Abkürzung oder eines ZHdK-Bereichs in das Eingabefeld, um Vorschläge zu erhalten.'),(1509,'Grünzeug','Grünzeug'),(1511,'Flachdach','Flachdach'),(1513,'Licht','Licht'),(1515,'Thesaurus','Thesaurus'),(1517,'Hierarchie','Hierarchie'),(1519,'Datenbank','Datenbank'),(1521,'Metadaten','Metadaten'),(1523,'Architekturtraktat','Architekturtraktat'),(1525,'online','online'),(1527,'Vignola','Vignola'),(1529,'Blum','Blum'),(1531,'Palladio','Palladio'),(1533,'Antike','Antike'),(1535,'Renaissance','Renaissance'),(1537,'Screenshots','Screenshots'),(1539,'HyperImage','HyperImage'),(1541,'Bilddatenbank','Bilddatenbank'),(1543,'Architekturtheorie','Architekturtheorie'),(1545,'Architekturzeichnungen','Architekturzeichnungen'),(1547,'Hierarchischer Zugang','Hierarchischer Zugang'),(1549,'Regeln','Regeln'),(1551,'Shape Grammar','Formengrammatik'),(1553,'Shape Grammar','Shape Grammar'),(1555,'Volute','Volute'),(1557,'Frontispiz','Frontispiz'),(1559,'Säulen','Säulen'),(1561,'','Bildbearbeitung'),(1563,'Grundrisse','Grundrisse'),(1565,'XML','XML'),(1567,'CBIR','CBIR'),(1569,'CAD','CAD'),(1571,'Reprint','Reprint'),(1573,'Cesariano','Cesariano'),(1575,'Forssman','Forssman'),(1577,'Analyse','Analyse'),(1579,'Vergleich','Vergleich'),(1581,'Terminologie','Terminologie'),(1583,'E-Learning','E-Learning'),(1585,'Vernetzung','Vernetzung'),(1587,'','Digitale Architekturgeschichte'),(1589,'','Computergrafik 2D'),(1591,'','---Analyse'),(1593,'','Netz, Netzwerk, Vernetzung'),(1595,'','Konzept'),(1597,'','Informationstechnologie'),(1599,'','Zweck und Absicht'),(1601,'Villen','Villen'),(1603,'Software','Software'),(1605,'Generative Architektur','Generative Architektur'),(1607,'Hilfe','Hilfe'),(1609,'Selbstporträt','Selbstporträt'),(1611,'1990er','1990er'),(1613,'Inszenierte Fotografie','Inszenierte Fotografie'),(1615,'1980er Jahre','1980er Jahre'),(1617,'Reisefotografie','Reisefotografie'),(1619,'Objekt','Objekt'),(1621,'HyperColumn','HyperColumn'),(1623,'','Bildbeschreibung'),(1625,'Visuelles Browsen','Visuelles Browsen'),(1627,'Index-Browser','Index-Browser'),(1629,'','Bildanordnung'),(1631,'','Computergestützte Architekturgeschichte'),(1633,'','Konzepte einer computergestützten Architekturgeschichte'),(1635,'','Zweck'),(1637,'','Ausgangsmaterial'),(1639,'','Erzeugte Daten'),(1641,'','Kontext'),(1643,'','Techniken der Sinnstiftung'),(1645,'','Thema'),(1647,'','Basis'),(1649,'','Architekturtraktat'),(1651,'','Holzschnitt'),(1653,'','Frührenaissance'),(1655,'','Architekturtraktat'),(1657,'','Punkte'),(1659,'','Universität'),(1661,'','Hierarchische Wissensordnung'),(1663,'','Säulenlehre'),(1665,'','Stil-Epoche'),(1667,'','Elemente'),(1669,'','Medium'),(1671,'','Lehre und Vermittlung'),(1673,'Darstellung','Darstellung'),(1675,'Antike Architektur','Antike Architektur'),(1677,'Chitham','Chitham'),(1679,'Sagredo','Sagredo'),(1681,'Säulenbuch','Säulenbuch'),(1683,'Vill','Vill'),(1685,'','Terminologie Säulenordnungen'),(1687,'','Entwicklung der Ordnungen'),(1689,'','Aufbau der Ordnungen'),(1691,'','Monografie'),(1693,'','Stil-Epoche'),(1695,'','Systematisierung in der Architektur'),(1697,'','Antikenrezeption'),(1699,'','Verhältnis Architekturtheorie und Baupraxis'),(1701,'','Publikation'),(1705,'Archivierung','Archivierung'),(1709,'Bereitstellung / Open Access','Bereitstellung / Open Access'),(1711,'','--- Darstellung / Visualisierung'),(1715,'','Erfassen'),(1717,'','staatliche Förderung'),(1719,'','---Experiment'),(1721,'','Messdaten'),(1723,'','weitere historische Quellen'),(1725,'','Beschreibungssprache'),(1727,'','Datenbanksystem'),(1729,'','Hypertext'),(1731,'','Semantic Web'),(1733,'','Geoinformationssystem (GIS)'),(1735,'','Social Web / Web 2.0'),(1737,'','Content Based Image Retrival (CBIR)'),(1739,'','Digitalisierung'),(1741,'','Generative Algorithmen'),(1743,'','Internet'),(1747,'','Computergrafik 3D'),(1749,'','Animation'),(1751,'','Hypermedia / Multimedia'),(1753,'Linien','Linien'),(1755,'Pixel','Pixel'),(1757,'Links','Links'),(1759,'','Bottom-Up-Wissen'),(1761,'','Netzwerk'),(1763,'','Regel (Ontologie, Formengrammatik usw.)'),(1765,'','Erkenntnis redaktionell erzeugt'),(1767,'','Ergebnis berechnet'),(1769,'','Simulation'),(1771,'Vektor, Linie, Visualisierung','Vektor, Linie, Visualisierung'),(1773,'Archiv, Speicher, Datenbank','Archiv, Speicher, Datenbank'),(1775,'Regel, Grammatik, Logik','Regel, Grammatik, Logik'),(1777,'Struktur - Inhalt - Form','Struktur - Inhalt - Form'),(1789,'','architekturgeschichtliches Wissen'),(1791,'Digitale Architekturgeschichte','Digitale Architekturgeschichte'),(1793,'','private Initiative'),(1795,'','Analyse'),(1797,'','Rekonstruktion'),(1799,'','Überblick'),(1801,'','Darstellung / Visualisierung'),(1803,'','Techniken der Sinnstiftung / Vorgehensweise'),(1805,'Entwurfsprozess in der Architektur','Entwurfsprozess in der Architektur'),(1807,'Computer Aided Design','Computer Aided Design'),(1809,'','Lehrmittel Fotografie'),(1811,'','Genre'),(1813,'','Ansätze/Phänomene'),(1815,'','Anwendungs- und Kunstrichtungen'),(1817,'','Namen/Gruppen'),(1819,'','Ausstellungen/Projekte'),(1821,'','Chronometrische Kategorien'),(1823,'','Technik'),(1825,'','Geografische Kategorien'),(1827,'Piktoralismus','Piktoralismus'),(1829,'Futurismus & Vortizismus','Futurismus & Vortizismus'),(1831,'Das Neue Sehen','Das Neue Sehen'),(1833,'Reine Fotografie','Reine Fotografie'),(1835,'Fotografie & Propaganda','Fotografie & Propaganda'),(1837,'Surrealismus','Surrealismus'),(1839,'Subjektive Fotografie','Subjektive Fotografie'),(1841,'Neorealismus','Neorealismus'),(1843,'Bildjournalismus','Bildjournalismus'),(1845,'Kriegsfotografie','Kriegsfotografie'),(1847,'Dokumentarfotografie','Dokumentarfotografie'),(1849,'Strassenfotografie','Strassenfotografie'),(1851,'Soziale Fotografie','Soziale Fotografie'),(1853,'Magazinfotografie','Magazinfotografie'),(1855,'Modefotografie','Modefotografie'),(1857,'Akt- und Erotikfotografie','Akt- und Erotikfotografie'),(1859,'Architekturfotografie','Architekturfotografie'),(1861,'Wissenschaftliche Fotografie','Wissenschaftliche Fotografie'),(1863,'Polizei- und Fahndungsfotografie','Polizei- und Fahndungsfotografie'),(1865,'Amateurfotografie','Amateurfotografie'),(1867,'Chronofotografie','Chronofotografie'),(1869,'FSA','FSA'),(1871,'Film und Foto','Film und Foto'),(1873,'Family of Man','Family of Man'),(1875,'New Topographic','New Topographic'),(1877,'Photokina','Photokina'),(1879,'Stadt','Stadt'),(1881,'Ereignis','Ereignis'),(1883,'','Angaben sind identische mit \"Datierung\" (Werk).'),(1885,'','Eingefügte Werte sind identisch mit \"Land\" (Werk).'),(1887,'','Angaben sind identisch mit \"Datierung\" (Werk).'),(1889,'','Eingefügte Werte sind identisch mit \"Datierung\" (Werk).'),(1891,'','Eingefügte Werte sind identische mit \"Material/Format\" (Medium).'),(1893,'','Hier kann der Editor für Personengruppen genutzt werden. Eingefügte Werte sind identisch mit \"Autor/in\" (Werk).'),(1895,'Brudermord','Brudermord'),(1897,'Guitarre','Guitarre'),(1899,'Blutrache','Blutrache'),(1901,'Western','Western'),(1903,'Präsentation','Präsentation'),(1905,'Säule','Säule'),(1907,'Geschichte ZHdK','Geschichte ZHdK'),(1909,'Title','Titel des Werkes'),(1911,'','auch ein Serientitel kann hier eingetragen werden'),(1913,'The title of the work','Titel des Werkes oder einer Werkserie. '),(1915,'','oder Titel einer Werkserie'),(1917,'The subtitle of the media entry','Der Untertitel erweitert den Titel des Werks oder der Werkserie mit zusätzlichen Informationen. Nicht zu verwechseln mit der Bildlegende oder dem Untertitel eines Films (siehe dort).'),(1919,'Title','Titel des Werks'),(1921,'Gitarre','Gitarre'),(1923,'Uranium','Uranium'),(1925,'Sahara Chronicle','Sahara Chronicle'),(1927,'Caspian oil geography ','Caspian oil geography '),(1929,'pipeline','pipeline'),(1931,'oil workers','oil workers'),(1933,'farmers','farmers'),(1935,'prostitutes','prostitutes'),(1937,'Bachelor of Arts in Design','Bachelor of Arts in Design'),(1939,'Altes Ägypten','Altes Ägypten'),(1941,'Barock','Barock'),(1943,'Byzantinisch','Byzantinisch'),(1945,'Etruskisch','Etruskisch'),(1947,'Gotik','Gotik'),(1949,'Griechische Antike','Griechische Antike'),(1951,'Hellenismus','Hellenismus'),(1953,'Klassizismus','Klassizismus'),(1955,'Magna Graeca','Magna Graeca'),(1957,'Mesopotamien','Mesopotamien'),(1959,'Minoisch','Minoisch'),(1961,'Mittelalter','Mittelalter'),(1963,'Moderne','Moderne'),(1965,'Mykenisch','Mykenisch'),(1967,'Postmoderne','Postmoderne'),(1969,'Rokoko','Rokoko'),(1971,'Romanik','Romanik'),(1973,'Römische Antike','Römische Antike'),(1975,'Spätantike','Spätantike'),(1977,'unbekannt','unbekannt'),(1979,'seit 1990','seit 1990'),(1981,'','Epoche'),(1983,'19. Jahrhundert','19. Jahrhundert'),(1985,'Jahrhundertwende','Jahrhundertwende'),(1987,'1920er','1920er'),(1989,'1930er','1930er'),(1991,'1940er','1940er'),(1993,'','Stil- und Kunstrichtungen'),(1995,'Futurismus','Futurismus'),(1997,'Vortizismus','Vortizismus'),(1999,'Stein','Stein'),(2001,'Palast','Palast'),(2003,'Repräsentationsbau','Repräsentationsbau'),(2005,'Basis','Basis'),(2007,'Kapitell','Kapitell'),(2009,'Gebälk','Gebälk'),(2011,'Study Year','Studienabschnitt'),(2013,'','In welchem Studienabschnitt wurde das Werk erstellt?'),(2015,'Fotorgrafiegeschichte','Fotorgrafiegeschichte'),(2017,'Studio Publikationen','Studio Publikationen'),(2019,'Industrial Design','Industrial Design'),(2021,'Lautsprecher','Lautsprecher'),(2023,'Sound','Sound'),(2025,'','Produktion Zett'),(2027,'','Ansprechsperson'),(2029,'','Für Rückfragen, welche die Abbildung betreffen.'),(2031,'','Artikel'),(2033,'','Titel des Artikels, zu dem das Bild gehört.'),(2035,'','Für Rückfragen, welche das Bild betreffen.'),(2037,'','Ausgabe Zett'),(2039,'','Autor/innen des Artikels'),(2041,'','Autor/innen des Artikels, dem das Bild zugeordnet wird.'),(2043,'','Kommentar'),(2045,'','Kommentar zum Bild'),(2047,'','Verantwortliche/r Produktion'),(2049,'','Wer ist verantwortlich für dieses Bild im Prozess der Produktion?'),(2051,'','Verantwortliche/r Redaktion'),(2053,'','Wer ist verantwortlich für dieses Bild im Prozess der Redaktion??'),(2055,'','Sparte'),(2057,'','Zu welcher Sparte im Zett gehört das Bild?'),(2059,'','Status'),(2061,'Vorschlag von Redaktionsteam','Vorschlag von Redaktionsteam'),(2063,'Materialsuche','Materialsuche'),(2065,'Vorauswahl','Vorauswahl'),(2067,'Engere Auswahl','Engere Auswahl'),(2069,'Definitive Auswahl','Definitive Auswahl'),(2071,'Online-Ergänzung zum Artikel','Online-Ergänzung zum Artikel'),(2073,'nicht geeignet','nicht geeignet'),(2075,'Coverbild','Coverbild'),(2077,'Kurzmeldungen','Kurzmeldungen'),(2079,'Leute','Leute'),(2081,'Alumni','Alumni'),(2083,'Services','Services'),(2085,'Museum','Museum'),(2087,'Kulturanalyse und Vermittlung','Kulturanalyse und Vermittlung'),(2089,'Kunst & Medien','Kunst & Medien'),(2091,'Darstellende Künste und Film','Darstellende Künste und Film'),(2093,'Hochschule','Hochschule'),(2095,'Letzte Seite','Letzte Seite'),(2097,'zett 3-2010','zett 3-2010'),(2099,'zett 1-2011','zett 1-2011'),(2101,'zett 2-2011','zett 2-2011'),(2103,'zett 3-2011','zett 3-2011'),(2105,'zett 1-2012','zett 1-2012'),(2107,'Vorschlag von Autor/innen','Vorschlag von Autor/innen'),(2109,'','Ansprechsperson Abbildung'),(2111,'nightingale','nightingale'),(2113,'birds','birds'),(2115,'whistling','whistling'),(2117,'bird','bird'),(2119,'Orgel','Orgel'),(2121,'Orgelsymposium','Orgelsymposium'),(2123,'Grossmünster','Grossmünster'),(2125,'Orgelsymposium Flyer','Orgelsymposium Flyer'),(2127,'Logo','Logo'),(2129,'Fraumünster','Fraumünster'),(2131,'Bachelor','Bachelor'),(2133,'Identität','Identität'),(2135,'Geschichte','Geschichte'),(2137,'Gesellschaft','Gesellschaft'),(2139,'Schuld','Schuld'),(2141,'Narration','Narration'),(2143,'Familie','Familie'),(2145,':rel:d:bm:GF2E5551F7T01',':rel:d:bm:GF2E5551F7T01'),(2147,'','Der Titel des Sets bzw. des Projekts bezeichnet die Zusammenstellung der Medieneinträge.'),(2149,'','Wer nimmt die Zusammenstellung und Verschlagwortung des Sets bzw. des vor?'),(2151,'','Schlagworte zum Set bzw. zum Projekt. Was ist zu sehen oder zu hören? Welche Themen behandelt das Set / das Projekt?'),(2153,'','Hier können Sie eine ausführliche Beschreibung des Sets bzw. des Projekts einfügen.'),(2155,'','Wer nimmt die Zusammenstellung und Verschlagwortung des Sets bzw. des Projekts vor?'),(2157,'','Ansprechperson Abbildung'),(2159,'','Wer ist verantwortlich für dieses Bild im Prozess der Redaktion?'),(2161,'Öl auf Leinwand','Öl auf Leinwand'),(2163,'Bleistift auf Papier, digitale Nachbearbeitung','Bleistift auf Papier, digitale Nachbearbeitung'),(2165,'Tusche und Airbrush auf Karton','Tusche und Airbrush auf Karton'),(2167,'Buntstift auf gelbem Skizzenpapier','Buntstift auf gelbem Skizzenpapier'),(2169,'Tusche und Aquarell auf Bütenpapier','Tusche und Aquarell auf Bütenpapier'),(2171,'Buntstift und Acrylfarbe auf Karton','Buntstift und Acrylfarbe auf Karton'),(2173,'Tusche, Aquarellfarbe, Buntstifte und Kohle auf Transparentfolie','Tusche, Aquarellfarbe, Buntstifte und Kohle auf Transparentfolie'),(2175,'Fineliner auf Papier, digitale Nachbearbeitung','Fineliner auf Papier, digitale Nachbearbeitung'),(2177,'Aquarellfarben auf Papier','Aquarellfarben auf Papier'),(2179,'Digitale Fotografie','Digitale Fotografie'),(2181,'Collage','Collage'),(2183,'Wasser- und Deckfarben (Aquarell & Gouache = Deckfarben und lasierender Farbauftrag) auf Papier','Wasser- und Deckfarben (Aquarell & Gouache = Deckfarben und lasierender Farbauftrag) auf Papier'),(2185,'Kombination von 3D-Konstruktion, Fotografie und digitale Bildbearbeitung','Kombination von 3D-Konstruktion, Fotografie und digitale Bildbearbeitung'),(2187,'Ilfocolor Mittelformat Polyester Farbfilm','Ilfocolor Mittelformat Polyester Farbfilm'),(2189,'Fotomappe mit 20 S/W-Positiven','Fotomappe mit 20 S/W-Positiven'),(2191,'Fotobuch','Fotobuch'),(2193,'Grafik erstellt in OmniGraffle','Grafik erstellt in OmniGraffle'),(2195,'Original: JPEG','Original: JPEG'),(2197,'Original: Kleinbilddia Farbe; Digitalisat: TIFF','Original: Kleinbilddia Farbe; Digitalisat: TIFF'),(2199,'Video HD 1080p','Video HD 1080p'),(2201,'Video (HDV, 1080i, 16:9)','Video (HDV, 1080i, 16:9)'),(2203,'Daguerreotypie','Daguerreotypie'),(2205,'Stereoskopie','Stereoskopie'),(2207,'Gummidruck','Gummidruck'),(2209,'Experiment','Experiment'),(2211,'Polaroid','Polaroid'),(2213,'Algerienkrieg','Algerienkrieg'),(2215,'Vietnamkrieg','Vietnamkrieg'),(2217,'Amerikanischer Bürgerkrieg','Amerikanischer Bürgerkrieg'),(2219,'1. Weltkrieg','1. Weltkrieg'),(2221,'2. Weltkrieg','2. Weltkrieg'),(2223,'Computergenerierte Landschaftsbilder','Computergenerierte Landschaftsbilder'),(2225,'Punk Rock','Punk Rock'),(2227,'Toni','Toni'),(2229,'Umbau','Umbau'),(2231,'Stadtentwicklung','Stadtentwicklung'),(2233,'','Umbau Toni-Areal'),(2235,'','Blickrichtung'),(2237,'','Objekt'),(2239,'','Prozess'),(2241,'Migros Verteilzentrum Herdern mit Pfingstweidstrasse','Migros Verteilzentrum Herdern mit Pfingstweidstrasse'),(2243,'Süd Ost / Zürich City','Süd Ost / Zürich City'),(2245,'SBB Herdern Viadukt','SBB Herdern Viadukt'),(2247,'Sockelgeschoss Toni-Areal Westseite mit Graffiti-Kunst','Sockelgeschoss Toni-Areal Westseite mit Graffiti-Kunst'),(2249,'Süd Ost','Süd Ost'),(2251,'Geländeturm Hardturm-Areal mit Pfingstweidstrasse','Geländeturm Hardturm-Areal mit Pfingstweidstrasse'),(2253,'Nord Ost','Nord Ost'),(2255,'Umgebung','Umgebung'),(2257,'Erzählung','Erzählung'),(2259,'Wiederholung','Wiederholung'),(2261,'','Das Medienarchiv der Künste ist eine Plattform für mediales Arbeiten an der ZHdK. Das Open-Source-Entwicklungsprojekt des ITZ und des MIZ steht gegenwärtig in der Version 0.3 für Pilotprojekte der ZHdK zur Verfügung. Schritt für Schritt wird es nun für ei'),(2263,'','Visualisierungen in der Wissenschaftskommunikation – Der Bildeinsatz in der Landschafts- und Umweltplanung'),(2265,'Praktikum','Praktikum'),(2267,'Werken','Werken'),(2269,'GZ Hirzenbach','GZ Hirzenbach'),(2271,'Bildnerisches Gestalten','Bildnerisches Gestalten'),(2273,'Videokurs','Videokurs'),(2275,'Museumspädagogik','Museumspädagogik'),(2277,'Vorschulstufe','Vorschulstufe'),(2279,'Ausserschulische Vermittlung','Ausserschulische Vermittlung'),(2281,'Kindergarten','Kindergarten'),(2283,'Museum für Gegenwartskunst Basel','Museum für Gegenwartskunst Basel'),(2285,'Freizeitbereich','Freizeitbereich'),(2287,'GZ Hirzenbach Zürich','GZ Hirzenbach Zürich'),(2289,'Jugendliche','Jugendliche'),(2291,'Integration','Integration'),(2293,'Berufsvorbereitung','Berufsvorbereitung'),(2295,'Schulische Bildung','Schulische Bildung'),(2297,'Kantonsschule Küsnacht','Kantonsschule Küsnacht'),(2299,'Gestalten mit digitalen Medien','Gestalten mit digitalen Medien'),(2301,'Erwachsenenbildung','Erwachsenenbildung'),(2303,'Justizvollzugsanstalt Realta GR','Justizvollzugsanstalt Realta GR'),(2305,'Radio','Radio'),(2307,'Kollegium Schwyz','Kollegium Schwyz'),(2309,'Bezirksschule Turgi','Bezirksschule Turgi'),(2311,'Atelierschule Zürich','Atelierschule Zürich'),(2313,'Sekundarstufe 2','Sekundarstufe 2'),(2315,'Kantonsschule Stadelhofen Zürich','Kantonsschule Stadelhofen Zürich'),(2317,'Spitalschule','Spitalschule'),(2319,'BVS Biel','BVS Biel'),(2321,'Master','Master'),(2323,'Nach dem Krieg','Nach dem Krieg'),(2325,'Ehemaliges Jugoslawien','Ehemaliges Jugoslawien'),(2327,'Leben','Leben'),(2329,'Balkan','Balkan'),(2331,'','Artikelbild-Nr.'),(2333,'','Identifikationsnummer für das Produktionsteam'),(2335,'','Identifikationsnummer für das Produktionsteam.'),(2337,'Klang','Klang'),(2339,'Glas','Glas'),(2341,'Kanne','Kanne'),(2343,'Golddekor','Golddekor'),(2345,'Archäologie','Archäologie'),(2347,'Liao-Dynastie','Liao-Dynastie'),(2349,'China','China'),(2351,'realistische Computergrafik','realistische Computergrafik'),(2353,'computergenieriertes Bild','computergenieriertes Bild'),(2355,'Game-Screenshot','Game-Screenshot'),(2357,'Politik','Politik'),(2359,'Ho?rspiel','Ho?rspiel'),(2361,'Sund','Sund'),(2363,'Super-8','Super-8'),(2365,'VMK','VMK'),(2367,'Boden','Boden'),(2369,'Historische Besiedlung','Historische Besiedlung'),(2371,'Virtuelle Landschaft','Virtuelle Landschaft'),(2373,'Ruinen','Ruinen'),(2375,'Büsch','Büsch'),(2377,'Wildnis','Wildnis'),(2379,'Fiktive Landschaft','Fiktive Landschaft'),(2381,'Windmühle','Windmühle'),(2383,'Regenbogen','Regenbogen'),(2385,'märchenhaft','märchenhaft'),(2387,'Turm','Turm'),(2389,'schwarz','schwarz'),(2391,'Mond','Mond'),(2393,'Gräser','Gräser'),(2395,'Waldlandschaft','Waldlandschaft'),(2397,'unbelebt','unbelebt'),(2399,'Auto','Auto'),(2401,'Künstlerisches Forschungsprojekt','Künstlerisches Forschungsprojekt'),(2403,'Globalisierung','Globalisierung'),(2405,'','Artikel Arbeitstitel'),(2407,'','Unter diesem Titel wird der Artikel während der Redaktion und Produktion geführt.'),(2409,'zett 2-2012','zett 2-2012'),(2411,'Zu?rich','Zu?rich'),(2413,'Tier','Tier'),(2415,'Dia','Dia'),(2417,'Zeit','Zeit'),(2419,'Mediale Künste','Mediale Künste'),(2421,'Sprache','Sprache'),(2423,'Schrift','Schrift'),(2425,'Pop','Pop'),(2427,'Musikvideo','Musikvideo'),(2429,'SNM Diplom 03','SNM Diplom 03'),(2431,'HGKZ','HGKZ'),(2433,'SNM - Studienbereich Neue Medien','SNM - Studienbereich Neue Medien'),(2435,'Beatween','Beatween'),(2437,'Michael Hampel','Michael Hampel'),(2439,'Between','Between'),(2441,'L\'esprit d\'escalier','L\'esprit d\'escalier'),(2443,'Roman Abt','Roman Abt'),(2445,'L\'esprit l\'escalier','L\'esprit l\'escalier'),(2447,'Loogie.net TV','Loogie.net TV'),(2449,'Marc Lee','Marc Lee'),(2451,'Newslounge','Newslounge'),(2453,'Philipp Oettli','Philipp Oettli'),(2455,'Inside out / Outside in','Inside out / Outside in'),(2457,'Marco Ryser','Marco Ryser'),(2459,'Conservix','Conservix'),(2461,'Fabian Thommen','Fabian Thommen'),(2463,'Mami, ich will auch Super-Algorithmen','Mami, ich will auch Super-Algorithmen'),(2465,'Niki Schawalder','Niki Schawalder'),(2467,'Mami, ich will auch Super-Algorthmen','Mami, ich will auch Super-Algorthmen'),(2469,'TRACK-THE-TRACKERS','TRACK-THE-TRACKERS'),(2471,'Annina Rüst','Annina Rüst'),(2473,'Storytool','Storytool'),(2475,'Gino Filadoro','Gino Filadoro'),(2477,'Mami, ich will auch Super-Algorithmen...!','Mami, ich will auch Super-Algorithmen...!'),(2479,'Flyer','Flyer'),(2481,'Artikel Instant Muve','Artikel Instant Muve'),(2483,'Bewegung','Bewegung'),(2485,'Videoinstallation','Videoinstallation'),(2487,'Damaskus','Damaskus'),(2489,'Artikel \"Die Innenwelt der Aussenwelt der Stimme\"','Artikel \"Die Innenwelt der Aussenwelt der Stimme\"'),(2491,'Zett 2-11','Zett 2-11'),(2493,'Bild zu Kurzartikel','Bild zu Kurzartikel'),(2495,'Konzert','Konzert'),(2497,'Basel','Basel'),(2499,'plug.in','plug.in'),(2501,'Personen','Personen'),(2503,'SF Schweizer Film','SF Schweizer Film'),(2505,'Innenaufnahme','Innenaufnahme'),(2507,'Schauspieler','Schauspieler'),(2509,'Der Patient','Der Patient'),(2511,'Szene 53','Szene 53'),(2513,'Szene 18X','Szene 18X'),(2515,'Martin Rapold','Martin Rapold'),(2517,'Rebecca Indermaur','Rebecca Indermaur'),(2519,'Peter Freiburghaus','Peter Freiburghaus'),(2521,'Dominique Devenport','Dominique Devenport'),(2523,'Elia Bruellhart','Elia Bruellhart'),(2525,'Max Gertsch','Max Gertsch'),(2527,'Barbara Terpoorten','Barbara Terpoorten'),(2529,'Barbara Kulcsar','Barbara Kulcsar'),(2531,'Pierre Mennel','Pierre Mennel'),(2533,'Host Club','Host Club'),(2535,'archiv performativ','archiv performativ'),(2537,'2010 HS','2010 HS'),(2539,'Skill - Illustration, Layout und Produktion - LEUTE VON HEUTE, W45','Skill - Illustration, Layout und Produktion - LEUTE VON HEUTE, W45'),(2541,'Skills W45/46','Skills W45/46'),(2543,'Skill Clips','Skill Clips'),(2545,'2011 FS','2011 FS'),(2547,'Schwimmbad','Schwimmbad'),(2549,'Pop Art','Pop Art'),(2551,'1970er ','1970er '),(2553,'Feld','Feld'),(2555,'Orange','Orange'),(2557,'Post Impressionismus','Post Impressionismus'),(2559,'fliegenpilz','fliegenpilz'),(2561,'fly agaric','fly agaric'),(2563,'Diplom','Diplom'),(2565,'olut','olut'),(2567,'bier','bier'),(2569,'cans','cans'),(2571,'büchsen','büchsen'),(2573,'Zentralbibliothek','Zentralbibliothek'),(2575,'Oper','Oper'),(2577,'Folter','Folter'),(2579,'Werbung','Werbung'),(2581,'Erinnerung','Erinnerung'),(2583,'Heimat','Heimat'),(2585,'Gender','Gender'),(2587,'Wien','Wien'),(2589,'Andres Bosshardt','Andres Bosshardt'),(2591,'Super-16mm','Super-16mm'),(2593,'San Francisco','San Francisco'),(2595,'Oldtimer','Oldtimer'),(2597,'Bus','Bus'),(2599,'Toy Story','Toy Story'),(2601,'Filmplakat','Filmplakat'),(2603,'Öffentliche Verkehrsmittel','Öffentliche Verkehrsmittel'),(2605,'Strassenbahn','Strassenbahn'),(2607,'Garage','Garage'),(2609,'Brunnen','Brunnen'),(2611,'Kloster','Kloster'),(2613,'Kirche','Kirche'),(2615,'Filmmusik','Filmmusik'),(2617,'FTM-Projekte','FTM-Projekte'),(2619,'FTM Schaufenster','FTM Schaufenster'),(2621,'Horror Movie','Horror Movie'),(2623,'Solothurn 2012 ','Solothurn 2012 '),(2625,'Horrorfilm','Horrorfilm'),(2627,'Kollaboration','Kollaboration'),(2629,'IT-Pool','IT-Pool'),(2631,'Weiterbildung','Weiterbildung'),(2633,'Einladung','Einladung'),(2635,'Kreativität','Kreativität'),(2637,'Event','Event'),(2639,'zoo','zoo'),(2641,'waran','waran'),(2643,'tiger','tiger'),(2645,'','Kurzbeschreibung/Abstract'),(2647,'','Beteiligte Institutionen'),(2649,'','Porträtierte Personen'),(2651,'','Abteilung/Vertiefung ZHdK'),(2653,'','Erwähnung RechteinhaberIn'),(2655,'','Offen für Internet (ja/nein)'),(2657,'','Offen für Internet (ja = 1 / nein = 0)'),(2659,'','Beschreibung durch (vor dem vor dem Kopieren fürs MIZ-Achiv)'),(2661,'Szenografie','Szenografie'),(2663,'Freilichtspektakel','Freilichtspektakel'),(2665,'Inszenierung','Inszenierung'),(2666,'','Vorbildung'),(2668,'','Weiterbildung'),(2670,'CAST','CAST'),(2672,'Bachelor 2011','Bachelor 2011'),(2674,'Istanbul','Istanbul'),(2676,'Webisodes','Webisodes'),(2678,'Webdokumentation','Webdokumentation'),(2680,'Sinnesbegegnungen','Sinnesbegegnungen'),(2682,'Theoriearbiet','Theoriearbiet'),(2684,'David Lynch','David Lynch'),(2686,'Web','Web'),(2688,'Isanbul','Isanbul'),(2690,'Webdoku','Webdoku'),(2692,'Bachelorausstellung CAST 2011','Bachelorausstellung CAST 2011'),(2694,'Plakat','Plakat'),(2696,'Radamisto','Radamisto'),(2698,'Material-Archiv','Material-Archiv'),(2700,'Werkstatt','Werkstatt'),(2702,'DDE','DDE'),(2704,'Provisorium','Provisorium'),(2706,'Material','Material'),(2708,'Graph','Graph'),(2710,'RFID','RFID'),(2712,'Materialmuster','Materialmuster'),(2714,'Zett 3/11','Zett 3/11'),(2716,'Museumskonzerte','Museumskonzerte'),(2718,'Mobimo','Mobimo'),(2720,'Badi Tiefenbrunnen','Badi Tiefenbrunnen'),(2722,'Partitur John Cage','Partitur John Cage'),(2724,'3/11 Zett','3/11 Zett'),(2726,'Artikel Komposition','Artikel Komposition'),(2728,'Bildschirm','Bildschirm'),(2730,'Bilder Musik 11/12','Bilder Musik 11/12'),(2731,'HELMRINDERKNECHT contemporary design gallery','HELMRINDERKNECHT contemporary design gallery'),(2733,'www.helmrinderknecht.com','www.helmrinderknecht.com'),(2735,'SS09','SS09'),(2737,'PARIS','PARIS'),(2739,'RTW','RTW'),(2741,'SPRING SUMMER','SPRING SUMMER'),(2743,'GARETH PUGH','GARETH PUGH'),(2745,'Kolonialismus','Kolonialismus'),(2747,'KulturMedienZukunft 2011','KulturMedienZukunft 2011'),(2749,'Diedrich Diederichsen','Diedrich Diederichsen'),(2751,'Plattform Kulturpublizistik','Plattform Kulturpublizistik'),(2753,'Sommerakademie','Sommerakademie'),(2755,'Workshop 2: Kultur deuten oder verkaufen','Workshop 2: Kultur deuten oder verkaufen'),(2757,'Manfred Papst','Manfred Papst'),(2759,'Jean-Martin Büttner','Jean-Martin Büttner'),(2761,'TheaterMedienZukunft','TheaterMedienZukunft'),(2763,'Tobi Müller','Tobi Müller'),(2765,'Ursina Greuel','Ursina Greuel'),(2767,'Lukas Bärfuss','Lukas Bärfuss'),(2769,'Barbara Weber','Barbara Weber'),(2771,'Peter Müller','Peter Müller'),(2773,'Plinio Bachmann','Plinio Bachmann'),(2775,'Featuretree','Featuretree'),(2777,'Stakeholder','Stakeholder'),(2779,'Organisation','Organisation'),(2781,'OpenType','OpenType'),(2783,'Klassifikation','Klassifikation'),(2785,'Helvetica','Helvetica'),(2787,'red dot','red dot'),(2789,'Hannes Rickli','Hannes Rickli'),(2791,'Kunstmuseum Thun','Kunstmuseum Thun'),(2793,'IFCAR','IFCAR'),(2795,'künstlerische Forschung','künstlerische Forschung'),(2797,'Ausstellungsreihe labor','Ausstellungsreihe labor'),(2799,'Journal für Kunst, Sex und Mathematik','Journal für Kunst, Sex und Mathematik'),(2801,'Nils Röller','Nils Röller'),(2803,'Ausstellung Indirekte Erfahrungen','Ausstellung Indirekte Erfahrungen'),(2805,'search patterns','search patterns'),(2807,'chapter two','chapter two'),(2809,'search','search'),(2811,'topic','topic'),(2813,'format','format'),(2815,'keyword','keyword'),(2817,'portal','portal'),(2819,'sites','sites'),(2821,'categories','categories'),(2823,'collections','collections'),(2825,'objects','objects'),(2827,'users','users'),(2829,'find','find'),(2831,'brand','brand'),(2833,'findable','findable'),(2835,'social','social'),(2837,'ask','ask'),(2839,'browse','browse'),(2841,'paths','paths'),(2843,'patterns','patterns'),(2845,'incentives','incentives'),(2847,'about','about'),(2849,'discovery','discovery'),(2851,'goal','goal'),(2853,'gateway','gateway'),(2855,'collection','collection'),(2857,'federated','federated'),(2859,'faceted','faceted'),(2861,'fast','fast'),(2863,'learning','learning'),(2865,'collaboration','collaboration'),(2867,'user','user'),(2869,'designer','designer'),(2871,'engineer','engineer'),(2873,'content','content'),(2875,'index','index'),(2877,'algorithms','algorithms'),(2879,'engine','engine'),(2881,'results','results'),(2883,'response','response'),(2885,'query','query'),(2887,'user experience','user experience'),(2889,'useful','useful'),(2891,'desireble','desireble'),(2893,'accessible','accessible'),(2895,'credible','credible'),(2897,'usable','usable'),(2899,'valuable','valuable'),(2901,'recall','recall'),(2903,'precision','precision'),(2905,'interaction','interaction'),(2907,'affordances','affordances'),(2909,'language','language'),(2911,'features','features'),(2913,'technology','technology'),(2915,'indexing','indexing'),(2917,'structure','structure'),(2919,'metadata','metadata'),(2921,'goals','goals'),(2923,'psychology','psychology'),(2925,'behaviour','behaviour'),(2927,'creators','creators'),(2929,'tools','tools'),(2931,'process','process'),(2933,'object','object'),(2935,'subject','subject'),(2937,'audience','audience'),(2939,'popularity','popularity'),(2941,'author','author'),(2943,'category','category'),(2945,'tags','tags'),(2947,'lists','lists'),(2949,'guides','guides'),(2951,'phrases','phrases'),(2953,'citations','citations'),(2955,'frequently bought togehter','frequently bought togehter'),(2957,'common next steps','common next steps'),(2959,'rate','rate'),(2961,'review','review'),(2963,'share','share'),(2965,'self-publishing','self-publishing'),(2967,'facets','facets'),(2969,'limited facets','limited facets'),(2971,'rich facets','rich facets'),(2973,'haunted house','haunted house'),(2975,'search & discovery','search & discovery'),(2977,'knowledge management','knowledge management'),(2979,'designers','designers'),(2981,'analytics','analytics'),(2983,'redundant','redundant'),(2985,'outdated','outdated'),(2987,'trivial','trivial'),(2989,'source','source'),(2991,'date','date'),(2993,'location','location'),(2995,'rating','rating'),(2997,'creator','creator'),(2999,'who','who'),(3001,'where','where'),(3003,'why','why'),(3005,'what','what'),(3007,'when','when'),(3009,'how','how'),(3011,'chapter one','chapter one'),(3013,'context','context'),(3015,'vertical','vertical'),(3017,'platform','platform'),(3019,'result','result'),(3021,'action','action'),(3023,'understand','understand'),(3025,'map','map'),(3027,'document','document'),(3029,'learn','learn'),(3031,'workflow','workflow'),(3033,'social network','social network'),(3035,'filter','filter'),(3037,'lens','lens'),(3039,'feeds','feeds'),(3041,'question','question'),(3043,'Fremde Dichter','Fremde Dichter'),(3045,'Lecture Performance von Sibylle Peters (Giessen/Hamburg)','Lecture Performance von Sibylle Peters (Giessen/Hamburg)'),(3047,'IDE','IDE'),(3049,'Arbeitspapier','Arbeitspapier'),(3051,'Vektor','Vektor'),(3053,'Vermessung','Vermessung'),(3055,'Melodrama','Melodrama'),(3057,'Sarajevo','Sarajevo'),(3059,'Krieg','Krieg'),(3061,'Tanzen','Tanzen'),(3063,'Kino','Kino'),(3065,'Bar','Bar'),(3067,'Akt','Akt'),(3069,'Frau','Frau'),(3071,'retromorphosen','retromorphosen'),(3073,'gamedesign','gamedesign'),(3075,'atari 2600','atari 2600'),(3077,'Rauchen','Rauchen'),(3079,'Postkarten','Postkarten'),(3081,'Reisen','Reisen'),(3083,'Sehnsucht','Sehnsucht'),(3085,'Segeln','Segeln'),(3087,'Insel','Insel'),(3089,'Schwimmbecken','Schwimmbecken'),(3091,'Hotel','Hotel'),(3093,'Heimweh','Heimweh'),(3095,'Sepia','Sepia'),(3097,'Vergangenheit','Vergangenheit'),(3099,'Indexierung','Indexierung'),(3101,'Bilder','Bilder'),(3103,'Farben','Farben'),(3105,'People','People'),(3107,'Entwurf','Entwurf'),(3109,'ODI','ODI'),(3110,'Urbanismus','Urbanismus'),(3112,'Syrien','Syrien'),(3114,'Postkolonialismus','Postkolonialismus'),(3116,'Datenbanken','Datenbanken'),(3118,'Hinterface','Hinterface'),(3120,'Uni','Uni'),(3122,'Lüneburg','Lüneburg'),(3124,'Impressionen','Impressionen'),(3126,'Verkehr','Verkehr'),(3128,'Typografie','Typografie'),(3130,'Fremde Kultur','Fremde Kultur'),(3132,'Kollage','Kollage'),(3134,'Interaktion','Interaktion'),(3136,'Verknüpfung','Verknüpfung'),(3138,'Studie','Studie'),(3140,'Digitale Kollage','Digitale Kollage'),(3142,'Bildähnlichkeit','Bildähnlichkeit'),(3144,'Annotation','Annotation'),(3146,'Suchmaschine','Suchmaschine'),(3148,'Suchen','Suchen'),(3150,'Algorithmus','Algorithmus'),(3152,'Tagging','Tagging'),(3154,'Filtern','Filtern'),(3156,'GIS','GIS'),(3158,'Skizze','Skizze'),(3160,'Trails and Traces','Trails and Traces'),(3162,'Werkzeuge','Werkzeuge'),(3164,'Modelle','Modelle'),(3166,'Grundlagen','Grundlagen'),(3168,'Erklärung','Erklärung'),(3170,'Interaktionsmodell','Interaktionsmodell'),(3172,'Organisieren','Organisieren'),(3174,'Werkzeug','Werkzeug'),(3176,'Ordnen','Ordnen'),(3178,'Zugreifen','Zugreifen'),(3180,'Browsen','Browsen'),(3182,'Themen','Themen'),(3184,'Foto','Foto'),(3186,'Cybu Richli','Cybu Richli'),(3188,'Welcome2India','Welcome2India'),(3190,'GloCal','GloCal'),(3192,'Bachelor Design','Bachelor Design'),(3194,'Seminarreise','Seminarreise'),(3196,'interkulturelle Kompetenz','interkulturelle Kompetenz'),(3198,'Designethnografie','Designethnografie'),(3200,'Color','Color'),(3202,'Bharatpur','Bharatpur'),(3204,'Highway','Highway'),(3206,'Delhi','Delhi'),(3208,'Spice Market','Spice Market'),(3210,'Boy','Boy'),(3212,'Ahmedabad','Ahmedabad'),(3214,'Mumbay','Mumbay'),(3216,'Islam','Islam'),(3219,'Alter Mann','Alter Mann'),(3221,'lesen','lesen'),(3223,'Pfeil','Pfeil'),(3225,'Hand','Hand'),(3227,'Winken','Winken'),(3229,'Stangen','Stangen'),(3231,'Applikation','Applikation'),(3233,'Computer','Computer'),(3235,'Handykamera','Handykamera'),(3237,'Weisheit','Weisheit'),(3239,'Junger Mann','Junger Mann'),(3241,'Händler','Händler'),(3243,'knieen','knieen'),(3245,'Tücher','Tücher'),(3247,'lila','lila'),(3249,'Gewand','Gewand'),(3251,'Markt','Markt'),(3253,'Gewürze','Gewürze'),(3255,'','Indikatoren Forschung ZHdK'),(3265,'','sdfd'),(3269,'','Drittmittel'),(3271,'','Fachveranstaltungen'),(3273,'','einschl. Ausstellungen und Konzerte'),(3275,'','Transfer'),(3277,'','In Lehre, Weiterbildung und Dienstleistung'),(3279,'','Verbreitung'),(3281,'','Anwendung und Wirkung in div. gesellschaftlichen Bereichen'),(3283,'','Vernetzung'),(3285,'','Veröffentlichungen'),(3287,'','Wissenschafts- und Institutsbetrieb'),(3289,'Monografie','Monografie'),(3291,'Dissertation','Dissertation'),(3293,'Buch in Herausgeberschaft','Buch in Herausgeberschaft'),(3295,'Buchkapitel','Buchkapitel'),(3297,'Artikel in einem wiss. Journal','Artikel in einem wiss. Journal'),(3299,'Proceedings','Proceedings'),(3301,'Unveröffentlichte Dissertation','Unveröffentlichte Dissertation'),(3303,'Artikel in einem Magazin','Artikel in einem Magazin'),(3305,'Zeitungsartikel','Zeitungsartikel'),(3307,'On-line Veröffentlichung','On-line Veröffentlichung'),(3309,'Blog / Online Diskussionsforum','Blog / Online Diskussionsforum'),(3311,'Organisation von Tagungen, Konferenzen, Tätigkeit in Wissenschaftsorganisationen','Organisation von Tagungen, Konferenzen, Tätigkeit in Wissenschaftsorganisationen'),(3313,'Symposium, Tagesveranstaltungen','Symposium, Tagesveranstaltungen'),(3315,'Ausstellungen, Konzerte, Aufführungen','Ausstellungen, Konzerte, Aufführungen'),(3317,'Ausstellungsbeteiligung, Konzertbeteiligung','Ausstellungsbeteiligung, Konzertbeteiligung'),(3319,'Vorträge auf Fachkonferenzen, Universitäten, etc.','Vorträge auf Fachkonferenzen, Universitäten, etc.'),(3321,'Werke (Kunst, Musik, Design, Film, Video u.a.)','Werke (Kunst, Musik, Design, Film, Video u.a.)'),(3323,'Sammlungen und Archive','Sammlungen und Archive'),(3325,'Patente','Patente'),(3327,'öffentliche Präsentationen (Tag der Forschung, etc.)','öffentliche Präsentationen (Tag der Forschung, etc.)'),(3329,'Preise, Auszeichnungen, Forschungsstipendien, etc.','Preise, Auszeichnungen, Forschungsstipendien, etc.'),(3331,'Medienresonanz','Medienresonanz'),(3333,'Einbindung der Forschung in Studiengänge und Lehrveranstaltungen','Einbindung der Forschung in Studiengänge und Lehrveranstaltungen'),(3335,'Betreuung Abschlussarbeiten (Master) und Promotionen (PhD)','Betreuung Abschlussarbeiten (Master) und Promotionen (PhD)'),(3337,'Einbindung der Forschung in Weiterbildungsangebote','Einbindung der Forschung in Weiterbildungsangebote'),(3339,'Massnahmen zur Nachwuchsförderung','Massnahmen zur Nachwuchsförderung'),(3341,'Forschungskooperationen (national, international)','Forschungskooperationen (national, international)'),(3343,'Kooperationen mit Wirtschaft und öffentlichem Sektor','Kooperationen mit Wirtschaft und öffentlichem Sektor'),(3345,'Institutioneller Fachausstausch (Konferenzteilnahme, Diskussionen, Panels, Symposien, Workshops))','Institutioneller Fachausstausch (Konferenzteilnahme, Diskussionen, Panels, Symposien, Workshops))'),(3347,'Mitgliedschaft bei Institutionen, Fachschaften, etc.','Mitgliedschaft bei Institutionen, Fachschaften, etc.'),(3349,'Gutacher- und forschungsbez. Beratertätigkeit','Gutacher- und forschungsbez. Beratertätigkeit'),(3351,'Beiträge zur Umsetzung von Forschungsergebnissen in Wirtschaft, Politik, Verwaltung, Verbänden, u.a.','Beiträge zur Umsetzung von Forschungsergebnissen in Wirtschaft, Politik, Verwaltung, Verbänden, u.a.'),(3353,'Wissensvermittlung und -verbreitung','Wissensvermittlung und -verbreitung'),(3355,'Erhaltene Rufe','Erhaltene Rufe'),(3357,'Drittmittel für Forschungsprojekte','Drittmittel für Forschungsprojekte'),(3359,'Drittmittel für Auftragsforschung','Drittmittel für Auftragsforschung'),(3361,'Drittmittel von Stiftungen, Firmen, Privaten','Drittmittel von Stiftungen, Firmen, Privaten'),(3363,'Drittmittel aus Weiterbildung','Drittmittel aus Weiterbildung'),(3365,'Aus Dienstleistung und Entwicklungsprojekten','Aus Dienstleistung und Entwicklungsprojekten'),(3367,'Eigenmittel ZHdK','Eigenmittel ZHdK'),(3369,'','Personengebundene Aktivitäten'),(3371,'','Forschung ZHdK'),(3373,'','Nennung Fachveranstaltungen'),(3375,'','Nennung Veröffentlichungen'),(3377,'','.'),(3379,'Börsenkurse','Börsenkurse'),(3381,'Raumschiff','Raumschiff'),(3383,'Disco','Disco'),(3385,'Fast-Food','Fast-Food'),(3387,'Kraftmaschine','Kraftmaschine'),(3389,'Überwachungskamera','Überwachungskamera'),(3391,'Rockkonzert','Rockkonzert'),(3393,'Unruhen','Unruhen'),(3395,'Reportagefotografie','Reportagefotografie'),(3397,'Zuschauer','Zuschauer'),(3399,'Demonstration','Demonstration'),(3401,'Hochhaus','Hochhaus'),(3403,'Jazzkonzert','Jazzkonzert'),(3405,'Fahrrad','Fahrrad'),(3407,'Ballon','Ballon'),(3408,'Serious Games','Serious Games'),(3410,'Mosaik','Mosaik'),(3412,'Unterricht','Unterricht'),(3414,'Puzzle','Puzzle'),(3416,'Kunststoff','Kunststoff'),(3418,'Fotoklasse','Fotoklasse'),(3420,'Kathedrale','Kathedrale'),(3422,'Dateiformate','Dateiformate'),(3424,'txt-datei','txt-datei'),(3426,'java-datei','java-datei'),(3428,'Studierendenarbeit','Studierendenarbeit'),(3430,'CD Cover','CD Cover'),(3432,'','Informationstechnik'),(3434,'Anonymität','Anonymität'),(3436,'inkognito','inkognito'),(3437,'Verarbeitungstechniken','Verarbeitungstechniken'),(3439,'Leder','Leder'),(3441,'interdisziplinäre','interdisziplinäre'),(3443,'Traffic / Transport','Traffic / Transport'),(3445,'Urban Space','Urban Space'),(3447,'Men','Men'),(3449,'Jantar Mantar','Jantar Mantar'),(3451,'Architecture','Architecture'),(3453,'Colors','Colors'),(3455,'Children','Children'),(3457,'white','white'),(3459,'Typography','Typography'),(3461,'Old Delhi','Old Delhi'),(3463,'Wall Painting','Wall Painting'),(3465,'Cow','Cow'),(3467,'Sleeping','Sleeping'),(3469,'Lodhi Garden','Lodhi Garden'),(3471,'green','green'),(3473,'blue','blue'),(3475,'Train','Train'),(3477,'.Ahmedabad','.Ahmedabad'),(3479,'Women','Women'),(3481,'Heritage House','Heritage House'),(3483,'Metha','Metha'),(3485,'BOF','BOF'),(3487,'Art','Art'),(3489,'Temple','Temple'),(3491,'Animal','Animal'),(3493,'Vegetable / Fruit','Vegetable / Fruit'),(3495,'Tamil Nadu','Tamil Nadu'),(3497,'NID','NID'),(3499,'Dwell','Dwell'),(3501,'Mumbai','Mumbai'),(3503,'Art Gallery','Art Gallery'),(3505,'Sunil Padwal','Sunil Padwal'),(3507,'Vivandrum','Vivandrum'),(3509,'yellow','yellow'),(3511,'Pushkar','Pushkar'),(3513,'Tag / SIgn','Tag / SIgn'),(3515,'Doodle','Doodle'),(3517,'Cochin','Cochin'),(3519,'','Welcher Aspekt des Themas der Säulenordnungen wird behandelt? '),(3521,'','Absicht'),(3523,'','Welche Absicht wird mit dem Projekt verfolgt? '),(3525,'','In welchem Kontext wird das Projekt realisiert?'),(3527,'','Was ist das Ausgangsmaterial der Untersuchung?'),(3529,'','Welche Informationstechnik kommt zum Einsatz?'),(3531,'','Welche Art von Daten werden beim Einsatz der Informationstechniken erzeugt?'),(3533,'','Auf welche Weise wird aus den Daten eine sinnvoll zu rezipierende Form?'),(3535,'','Welchen Konzepten einer computergestützten Architekturgeschichte ist das Projekt / das Werk zuzuordnen?'),(3537,'','Welchem Konzept einer computergestützten Architekturgeschichte ist das Projekt / das Werk zuzuordnen?'),(3539,'NASA','NASA'),(3541,'Cape Canaveral','Cape Canaveral'),(3543,'[]','[]'),(3545,'madek core: Schlagworte zu Inhalt und Motiv','madek core: Schlagworte zu Inhalt und Motiv'),(3547,'Re/Okkupation','Re/Okkupation'),(3549,'Reokkupation','Reokkupation'),(3551,'reoccupation','reoccupation'),(3553,'re/occupation','re/occupation'),(3555,'Imanuel Schipper','Imanuel Schipper'),(3557,'Tim Rieniets','Tim Rieniets'),(3559,'19.09.2011','19.09.2011'),(3561,'Jaipur','Jaipur'),(3563,'Fatehpur Sikrit','Fatehpur Sikrit'),(3565,'Agra','Agra'),(3567,'Taj Mahal','Taj Mahal'),(3569,'Juma Masid','Juma Masid'),(3571,'Lotus Temple','Lotus Temple'),(3573,'Pigment','Pigment'),(3575,'Kerala','Kerala'),(3577,'Countryside','Countryside'),(3579,'Nature','Nature'),(3581,'Dhobi Mumbai','Dhobi Mumbai'),(3583,'Slums','Slums'),(3585,'Birla Temple','Birla Temple'),(3587,'Red Fort','Red Fort'),(3589,'Music','Music'),(3591,'Mathura','Mathura'),(3593,'Fotografien','Fotografien'),(3595,'Zeichnungen','Zeichnungen'),(3597,'Stiche','Stiche'),(3599,'Buch Cover','Buch Cover'),(3601,'Experimentalfilm','Experimentalfilm'),(3603,'Found Footage','Found Footage'),(3605,'Designforschung','Designforschung'),(3607,'23.09.2011','23.09.2011'),(3609,'Statement','Statement'),(3611,'Bürger Zürich','Bürger Zürich'),(3613,'','Publikation online'),(3615,'Werner Ehrhardt','Werner Ehrhardt'),(3617,'Zett 1/12','Zett 1/12'),(3619,'Zürcher Zentrum Musikerhand ','Zürcher Zentrum Musikerhand '),(3621,'JS Bach','JS Bach'),(3623,'Transformation 1','Transformation 1'),(3625,'Altkleider','Altkleider'),(3627,'Falten','Falten'),(3629,'Pressen','Pressen'),(3631,'Transformation 2','Transformation 2'),(3633,'Rupfen','Rupfen'),(3635,'Sägen','Sägen'),(3637,'Wolle','Wolle'),(3639,'Draht','Draht'),(3641,'Rollen','Rollen'),(3643,'Wickeln','Wickeln'),(3645,'Malen','Malen'),(3647,'Kaffee','Kaffee'),(3649,'Riechen','Riechen'),(3651,'Rost','Rost'),(3653,'Stecken','Stecken'),(3655,'Recycling','Recycling'),(3657,'machinima','machinima'),(3659,'unreal tournament','unreal tournament'),(3661,'rückkopplungseffekt','rückkopplungseffekt'),(3663,'whitenoise','whitenoise'),(3665,'3D internet','3D internet'),(3667,'metaverse','metaverse'),(3669,'avatar','avatar'),(3671,'multiuser','multiuser'),(3673,'choreographie','choreographie'),(3675,'3D','3D'),(3677,'game engine','game engine'),(3679,'Vorlage','Vorlage'),(3681,'Verschlagworten','Verschlagworten'),(3683,'Expression Media','Expression Media'),(3685,'IPTC/XMPpro','IPTC/XMPpro'),(3687,'Research Project on Responsive Materials, IAD, ZHdK, Module','Research Project on Responsive Materials, IAD, ZHdK, Module'),(3689,'EPFL','EPFL'),(3691,'IAD','IAD'),(3693,'Research Project','Research Project'),(3695,'Robots','Robots'),(3697,'Robjects','Robjects'),(3699,'Stephan Müller','Stephan Müller'),(3701,'Artist-in-Residence Z+','Artist-in-Residence Z+'),(3703,'RGB','RGB'),(3705,'CMYK','CMYK'),(3707,'Textilien','Textilien'),(3709,'Zucker','Zucker'),(3711,'Weissleim','Weissleim'),(3713,'Baumwolle','Baumwolle'),(3715,'Events','Events'),(3717,'Artikel Musikvermittlung KR','Artikel Musikvermittlung KR'),(3719,'Oper \"Dialogues des Carmélites\" 2011','Oper \"Dialogues des Carmélites\" 2011'),(3721,'Markus Eiche','Markus Eiche'),(3723,'Till Fellner','Till Fellner'),(3725,'Lawrence Power','Lawrence Power'),(3727,'Materialspur','Materialspur'),(3729,'Transformation','Transformation'),(3731,'Oberfläche','Oberfläche'),(3733,'Tumbler','Tumbler'),(3735,'Textilstaub','Textilstaub'),(3737,'Wäschetrockner','Wäschetrockner'),(3739,'Stoff','Stoff'),(3741,'saugfähig','saugfähig'),(3743,'Bürste','Bürste'),(3745,'Skelett','Skelett'),(3747,'biegbar','biegbar'),(3749,'formbar','formbar'),(3751,'Leim','Leim'),(3753,'Ziegel','Ziegel'),(3755,'Backstein','Backstein'),(3757,'Bauteil','Bauteil'),(3759,'Hemd','Hemd'),(3761,'flüssig','flüssig'),(3763,'schmelzen','schmelzen'),(3765,'giessen','giessen'),(3767,'Schichten','Schichten'),(3769,'Lasagne','Lasagne'),(3771,'zerbrechlich','zerbrechlich'),(3773,'Festigkeit','Festigkeit'),(3775,'Aufschnitt','Aufschnitt'),(3777,'kurzfristig','kurzfristig'),(3779,'Messebau','Messebau'),(3781,'Raumtrennung','Raumtrennung'),(3783,'Raumakustik','Raumakustik'),(3785,'Pressform','Pressform'),(3787,'Früchteschale','Früchteschale'),(3789,'Textil','Textil'),(3791,'Vorhang','Vorhang'),(3793,'Duschmittel','Duschmittel'),(3795,'Stoffresten','Stoffresten'),(3797,'Dosierung','Dosierung'),(3799,'Schichtung','Schichtung'),(3801,'Stoffstaub','Stoffstaub'),(3803,'Wandelement','Wandelement'),(3805,'Struktur','Struktur'),(3807,'Möblierung','Möblierung'),(3809,'öffentlich','öffentlich'),(3811,'Sitzmöbel','Sitzmöbel'),(3813,'Modell','Modell'),(3815,'Verputz','Verputz'),(3817,'Esswaren','Esswaren'),(3819,'Artikel ICST in Darmstadt ','Artikel ICST in Darmstadt '),(3821,'Gesture_MultiTouchTable','Gesture_MultiTouchTable'),(3823,'Jan Schacher','Jan Schacher'),(3825,'Kurzartikel_VeranstaltungenNM','Kurzartikel_VeranstaltungenNM'),(3827,'19April2008-zurich-walcheturm-concerto','19April2008-zurich-walcheturm-concerto'),(3829,'nikonD200-2007-(_8002686.NEF-_8002720.NEF)19April2008-zurich-walcheturm-concerto','nikonD200-2007-(_8002686.NEF-_8002720.NEF)19April2008-zurich-walcheturm-concerto'),(3831,'nikonD40x-2007-(_DSC5461.NEF-DSC_5490.NEF)19April2008-zurich-walcheturm-concerto-Marcus Maeder','nikonD40x-2007-(_DSC5461.NEF-DSC_5490.NEF)19April2008-zurich-walcheturm-concerto-Marcus Maeder'),(3833,'Masterthesis','Masterthesis'),(3835,'Langzeitperformance','Langzeitperformance'),(3837,'','Performance-Artefakte'),(3839,'','Artefakttyp'),(3841,'','Differenzierung Artefakttyp'),(3843,'','Überliefungsleistung'),(3845,'','Vermittlungspotential'),(3847,'','Kommentar Performance-Artefakte'),(3849,'','Kommentar Artefakt'),(3851,'','Nutzungspotential'),(3853,'Fotografische Aufzeichnung','Fotografische Aufzeichnung'),(3855,'Audiovisuelle Aufzeichnung','Audiovisuelle Aufzeichnung'),(3857,'Audio Aufzeichnung','Audio Aufzeichnung'),(3859,'Schriftliche Sprache','Schriftliche Sprache'),(3861,'Mündliche Sprache','Mündliche Sprache'),(3863,'Objekt / Material','Objekt / Material'),(3865,'Bild-Text-Kombination','Bild-Text-Kombination'),(3867,'Tagung \"Die Künste in der Bildung\"','Tagung \"Die Künste in der Bildung\"'),(3869,'Ballett','Ballett'),(3871,'Prix de Lausanne','Prix de Lausanne'),(3873,'Tanz Akademie Zürich','Tanz Akademie Zürich'),(3875,'Ballettwettbewerb','Ballettwettbewerb'),(3877,'Öffentlichkeitsarbeit','Öffentlichkeitsarbeit'),(3879,'Simon Steen-Andersen, Søren Kjærgaard ','Simon Steen-Andersen, Søren Kjærgaard '),(3881,'Asyl','Asyl'),(3883,'Migration','Migration'),(3885,'roosegard','roosegard'),(3887,'interkulturelle kompetenz india 12','interkulturelle kompetenz india 12'),(3889,'open elective','open elective'),(3891,'graphic design','graphic design'),(3893,'book','book'),(3895,'fotography','fotography'),(3897,'dt','dt'),(3899,'kriegenburg','kriegenburg'),(3901,'Julia Schmalbrock','Julia Schmalbrock'),(3903,'Schauspielstudentin','Schauspielstudentin'),(3905,'Lehre','Lehre'),(3907,'Best Practice','Best Practice'),(3909,'Elias Arens','Elias Arens'),(3911,'gözde özgür','gözde özgür'),(3913,'Orte des Informellen','Orte des Informellen'),(3915,'DUKTA','DUKTA'),(3917,'Ajanta','Ajanta'),(3919,'Anokhi Museum','Anokhi Museum'),(3921,'Plastik','Plastik'),(3923,'Umweltverschmutzung','Umweltverschmutzung'),(3925,'[#<Meta::Term id: 2195, en_GB: \"Original: JPEG\", de_CH: \"Original: JPEG\">]','[#<Meta::Term id: 2195, en_GB: \"Original: JPEG\", de_CH: \"Original: JPEG\">]'),(3927,'Alcazar Palace','Alcazar Palace'),(3929,'Arabesque','Arabesque'),(3931,'Arabic Script','Arabic Script'),(3933,'Architectural Feature','Architectural Feature'),(3935,'Architectural Styles','Architectural Styles'),(3937,'Carving','Carving'),(3939,'Decor','Decor'),(3941,'Decoration','Decoration'),(3943,'Macro','Macro'),(3945,'Moorish','Moorish'),(3947,'Non-Western Script','Non-Western Script'),(3949,'Old','Old'),(3951,'Ornate','Ornate'),(3953,'Pattern','Pattern'),(3955,'Reales Alcazares','Reales Alcazares'),(3957,'Seville','Seville'),(3959,'Styles','Styles'),(3961,'Intercultural Competence','Intercultural Competence'),(3963,'GUI','GUI'),(3965,'Hindi','Hindi'),(3967,'Sunset','Sunset'),(3969,'Sunset','Sunset'),(3971,'Sik Temple','Sik Temple'),(3973,'Sik Temple','Sik Temple'),(3975,'Sunset','Sunset'),(3977,'Sik Temple','Sik Temple'),(3979,'Trash','Trash'),(3981,'Trash','Trash'),(3983,'Trash','Trash'),(3985,'Trash','Trash'),(3987,'IICD Jaipur','IICD Jaipur'),(3989,'IICD Jaipur','IICD Jaipur'),(3991,'IICD Jaipur','IICD Jaipur'),(3993,'Knee Clinic','Knee Clinic'),(3995,'Block Print','Block Print'),(3997,'Block Print','Block Print'),(3999,'Block Print','Block Print'),(4001,'Block Print','Block Print'),(4003,'Amber Fort','Amber Fort'),(4005,'Amber Fort','Amber Fort'),(4007,'Amber Fort','Amber Fort'),(4009,'Amber Fort','Amber Fort'),(4011,'Amber Fort','Amber Fort'),(4013,'Amber Fort','Amber Fort'),(4015,'Dileep','Dileep'),(4017,'Dileep','Dileep'),(4019,'Dileep','Dileep'),(4021,'Dileep','Dileep'),(4023,'Ellora','Ellora'),(4025,'Ellora','Ellora'),(4027,'Ellora','Ellora'),(4029,'Ellora','Ellora'),(4031,'Ellora','Ellora'),(4033,'Digitale Rekonstruktion','Digitale Rekonstruktion'),(4035,'Rom','Rom'),(4037,'Langzeitbeobachtung Schlieren','Langzeitbeobachtung Schlieren'),(4039,'Departement Kunst & Medien','Departement Kunst & Medien'),(4041,'Bildende Kunst','Bildende Kunst'),(4043,'Testupload','Testupload'),(4045,'Grenzen','Grenzen'),(4047,'Machtverhätnisse','Machtverhätnisse'),(4049,'Pat','Pat'),(4051,'Reinigen','Reinigen'),(4053,'Gibs','Gibs'),(4055,'Amelie Losier','Amelie Losier'),(4057,'Zentrum feur literatur und Forschung','Zentrum feur literatur und Forschung'),(4059,'Zentrum für Literatur- und Kulturforschung','Zentrum für Literatur- und Kulturforschung'),(4061,'Walter Benjamin Archiv','Walter Benjamin Archiv'),(4063,'Karton','Karton'),(4065,'Knüpfen','Knüpfen'),(4067,'Flechten','Flechten'),(4069,'Flächiges Pattern','Flächiges Pattern'),(4071,'Wachs','Wachs'),(4073,'Erhitzen','Erhitzen'),(4075,'Platte','Platte'),(4077,'Gips','Gips'),(4079,'Binden','Binden'),(4081,'Polyester','Polyester'),(4083,'Frittieren','Frittieren'),(4085,'Transparentpapier','Transparentpapier'),(4087,'Transperentpapier','Transperentpapier'),(4089,'Textur','Textur'),(4091,'Seile','Seile'),(4093,'Häckseln','Häckseln'),(4095,'Epoxit','Epoxit'),(4097,'Epoxitharz','Epoxitharz'),(4099,'Holz','Holz'),(4101,'Spanplatte','Spanplatte'),(4103,'Leimen','Leimen'),(4105,'Kleben','Kleben'),(4107,'Schnur','Schnur'),(4109,'Fassade','Fassade'),(4111,'ätzen','ätzen'),(4113,'Weben','Weben'),(4115,'Ahmedinedschad','Ahmedinedschad'),(4117,'Eastwood','Eastwood'),(4119,'verdichten','verdichten'),(4121,'Stuhl','Stuhl'),(4123,'Schaumstoff','Schaumstoff'),(4125,'Spannen','Spannen'),(4127,'Schnüre','Schnüre'),(4129,'Netzstruktur','Netzstruktur'),(4131,'Parkbank','Parkbank'),(4133,'Toni-Areal','Toni-Areal'),(4135,'Layout','Layout'),(4137,'Broschüre','Broschüre'),(4139,'ZKB','ZKB'),(4141,'Allreal','Allreal'),(4143,'Datenblatt','Datenblatt'),(4145,'Generalunternehmer','Generalunternehmer'),(4147,'Zürich-West','Zürich-West'),(4149,'2012 FS','2012 FS'),(4151,'Vollzeit-Propaedeutikum','Vollzeit-Propaedeutikum'),(4153,'Gestalterische Grundlagen 1 - Bild','Gestalterische Grundlagen 1 - Bild'),(4155,'Dozent: Schlatter David','Dozent: Schlatter David'),(4157,'02.08.2012-03.08.2012','02.08.2012-03.08.2012'),(4159,'Information','Information'),(4161,'narrow','narrow'),(4163,'expand','expand'),(4165,'explode','explode'),(4167,'boolean','boolean'),(4169,'related content','related content'),(4171,'actionable results','actionable results'),(4173,'quit','quit'),(4175,'exit','exit'),(4177,'system status','system status'),(4179,'original query','original query'),(4181,'search again','search again'),(4183,'search within','search within'),(4185,'sort','sort'),(4187,'explore','explore'),(4189,'pearl growing','pearl growing'),(4191,'find similar','find similar'),(4193,'iphone','iphone'),(4195,'desktop','desktop'),(4197,'recommendation engine','recommendation engine'),(4199,'pogosticking','pogosticking'),(4201,'documents','documents'),(4203,'alternate views','alternate views'),(4205,'thrashing','thrashing'),(4207,'anchoring bias','anchoring bias'),(4209,'netzhdk','netzhdk'),(4211,'Akustik','Akustik'),(4213,'Symposium','Symposium'),(4215,'HMT','HMT'),(4217,'EM2N','EM2N'),(4219,'Wichser Akustik & Bauphysik AG','Wichser Akustik & Bauphysik AG'),(4221,'EMPA','EMPA'),(4223,'ICST','ICST'),(4225,'DMU','DMU'),(4227,'Bauprojekt','Bauprojekt'),(4229,'Ziegler Consultans','Ziegler Consultans'),(4231,'Untersuchung','Untersuchung'),(4233,'Immissionen','Immissionen'),(4235,'Schwingungen','Schwingungen'),(4237,'Walt + Galmarini AG','Walt + Galmarini AG'),(4238,'Handlungsperformance','Handlungsperformance'),(4240,'Still-Life Performance','Still-Life Performance'),(4242,'Lecture Performance','Lecture Performance'),(4244,'performative Improvisation','performative Improvisation'),(4246,'dramaturgische Performance','dramaturgische Performance'),(4248,'Site-specific Performance','Site-specific Performance'),(4250,'performative Installation','performative Installation'),(4252,'Tableau Vivant','Tableau Vivant'),(4254,'Performance für die Kamera','Performance für die Kamera'),(4256,'Partizipative Performance','Partizipative Performance'),(4258,'interaktive Performance mit Audiotechnik','interaktive Performance mit Audiotechnik'),(4260,'Sprechperformance','Sprechperformance'),(4262,'Tanzperformance','Tanzperformance'),(4264,'Aktion','Aktion'),(4266,'Happening','Happening'),(4268,'Fluxus-Performance','Fluxus-Performance'),(4269,'Technik: Filztift','Technik: Filztift'),(4273,'Maki Wiederkehr','Maki Wiederkehr'),(4275,'Sooyoung Yoon','Sooyoung Yoon'),(4277,'asd','asd'),(4279,'as','as'),(4281,'dasd','dasd'),(4283,'d','d'),(4285,'asda','asda'),(4287,'sda','sda'),(4289,'sd','sd'),(4291,'a','a'),(4293,'das','das'),(4295,'dasdasd','dasdasd'),(4297,'da','da'),(4299,'Fotografie / Still','Fotografie / Still'),(4301,'Videoaufzeichnung','Videoaufzeichnung'),(4303,'Audioaufzeichnung','Audioaufzeichnung'),(4305,'FS 2012','FS 2012'),(4307,'Vollzeitpropädeutikum','Vollzeitpropädeutikum'),(4309,'Interdisziplinäres Projekt','Interdisziplinäres Projekt'),(4311,'Bild','Bild'),(4313,'Visuelle Kommunikation','Visuelle Kommunikation'),(4315,'Dozent: Volkart Daniel','Dozent: Volkart Daniel'),(4317,'Interdiszilinäres Projekt','Interdiszilinäres Projekt'),(4319,'12.03.2012 - 22.03.2012','12.03.2012 - 22.03.2012'),(4321,'Blei- und Filzstift','Blei- und Filzstift'),(4323,'2 Wochen','2 Wochen'),(4325,'Frühlingssemester 2012','Frühlingssemester 2012'),(4327,'Kammerspiele im Alltag','Kammerspiele im Alltag'),(4329,'Kugelschreiber-Zeichnungen','Kugelschreiber-Zeichnungen'),(4331,'Dozierende: Schlatter, David und Volkhart, Daniel','Dozierende: Schlatter, David und Volkhart, Daniel'),(4333,'1 semester/2012','1 semester/2012'),(4335,'Vollzietpropädeutikum','Vollzietpropädeutikum'),(4337,'Kammerspiele des Alltags','Kammerspiele des Alltags'),(4339,'amore','amore'),(4341,'L\'amore al bar','L\'amore al bar'),(4343,'VisKom','VisKom'),(4345,'Begegnung zwischen Kind und ausgestopften Tieren','Begegnung zwischen Kind und ausgestopften Tieren'),(4347,'Dozierende: Schlatter David, Volkart Daniel','Dozierende: Schlatter David, Volkart Daniel'),(4349,'Skill - Photoshop W34','Skill - Photoshop W34'),(4351,'Skills W34','Skills W34'),(4353,'Fineliner, Filzstift','Fineliner, Filzstift'),(4355,'Owner','Eigentümer/in'),(4357,'','Wer nimmt die Zusammenstellung und Verschlagwortung des Sets vor?'),(4359,'blueprint','blueprint'),(4361,'Analoge Fotografie','Analoge Fotografie'),(4363,'Bildatlas','Bildatlas'),(4365,'Owner','Eigentümer/in im Medienarchiv'),(4367,'Bibliothek','Bibliothek'),(4369,'Social Web','Social Web'),(4371,'Social Media','Social Media'),(4373,'iPad','iPad'),(4375,'Bilderatlas','Bilderatlas'),(4377,'Sau, Schwein, Spiess, Spanferkel','Sau, Schwein, Spiess, Spanferkel'),(4379,'Langstrasse, Nachtklub','Langstrasse, Nachtklub'),(4381,'Visuelle Kommunikation, Web Design','Visuelle Kommunikation, Web Design'),(4383,'Videokonferenz','Videokonferenz'),(4385,'Gandhi','Gandhi'),(4387,'Gandhi Ashram','Gandhi Ashram'),(4389,'Gandhi','Gandhi'),(4391,'Gandhi Ashram','Gandhi Ashram'),(4393,'Gandhi','Gandhi'),(4395,'Gandhi Ashram','Gandhi Ashram'),(4397,'Gandhi','Gandhi'),(4399,'Gandhi Ashram','Gandhi Ashram'),(4401,'Gandhi','Gandhi'),(4403,'Gandhi Ashram','Gandhi Ashram'),(4405,'Gandhi','Gandhi'),(4407,'Gandhi Ashram','Gandhi Ashram'),(4409,'Textile','Textile'),(4411,'Louis Kahn','Louis Kahn'),(4413,'Louis Kahn','Louis Kahn'),(4415,'Louis Kahn','Louis Kahn'),(4417,'Indian Institute of Management','Indian Institute of Management'),(4419,'Indian Institute of Management','Indian Institute of Management'),(4421,'Indian Institute of Management','Indian Institute of Management'),(4423,'Indian Institute of Management','Indian Institute of Management'),(4425,'Fire','Fire'),(4427,'Fire','Fire'),(4429,'Fire','Fire'),(4431,'Fire','Fire'),(4433,'Fire','Fire'),(4435,'Fire','Fire'),(4437,'Corbusier','Corbusier'),(4439,'Corbusier','Corbusier'),(4441,'Corbusier','Corbusier'),(4443,'Corbusier','Corbusier'),(4445,'Corbusier','Corbusier'),(4447,'Floor','Floor'),(4449,'Floor','Floor'),(4451,'Laxmi Vilas Palace','Laxmi Vilas Palace'),(4453,'Palace of the Winds','Palace of the Winds'),(4455,'Elephant','Elephant'),(4457,'Palace of the Winds','Palace of the Winds'),(4459,'Palace of the Winds','Palace of the Winds'),(4461,'Elephant','Elephant'),(4463,'Elephant','Elephant'),(4465,'Elephant','Elephant'),(4467,'Elephant','Elephant'),(4469,'Anokhi','Anokhi'),(4471,'Anokhi','Anokhi'),(4473,'Anokhi','Anokhi'),(4475,'Anokhi','Anokhi'),(4477,'Anokhi','Anokhi'),(4479,'Anokhi','Anokhi'),(4481,'Bollywood','Bollywood'),(4483,'Cinema','Cinema'),(4485,'Bollywood','Bollywood'),(4487,'Cinema','Cinema'),(4489,'Bollywood','Bollywood'),(4491,'Cinema','Cinema'),(4493,'Bollywood','Bollywood'),(4495,'Cinema','Cinema'),(4497,'Bollywood','Bollywood'),(4499,'Cinema','Cinema'),(4501,'Bollywood','Bollywood'),(4503,'Cinema','Cinema'),(4505,'Udaipur','Udaipur'),(4507,'Udaipur','Udaipur'),(4509,'Udaipur','Udaipur'),(4511,'Udaipur','Udaipur'),(4513,'Udaipur','Udaipur'),(4515,'Udaipur','Udaipur'),(4517,'Mount Abu','Mount Abu'),(4519,'Hauz Khaz','Hauz Khaz'),(4521,'Hauz Khaz','Hauz Khaz'),(4523,'Hauz Khaz','Hauz Khaz'),(4525,'Hauz Khaz','Hauz Khaz'),(4527,'Hauz Khaz','Hauz Khaz'),(4529,'Hauz Khaz','Hauz Khaz'),(4531,'Devi Art Foundation','Devi Art Foundation'),(4533,'Devi Art Foundation','Devi Art Foundation'),(4535,'Devi Art Foundation','Devi Art Foundation'),(4537,'Devi Art Foundation','Devi Art Foundation'),(4539,'Devi Art Foundation','Devi Art Foundation'),(4541,'Samode Palace','Samode Palace'),(4543,'Samode','Samode'),(4545,'Samode Palace','Samode Palace'),(4547,'Samode','Samode'),(4549,'Samode Palace','Samode Palace'),(4551,'Samode','Samode'),(4553,'Samode Palace','Samode Palace'),(4555,'Samode','Samode'),(4557,'Archiv','Archiv'),(4558,'Games','Games'),(4559,'','Nutzung'),(4561,'','Eigentümer/in im Medienarchiv '),(4563,'','Bearbeitet durch '),(4565,'','Geändert am'),(4567,'','Institution'),(4569,'','Enthalten in'),(4571,'','Enthält'),(4573,'zett 3-2012 ','zett 3-2012 '),(4575,'zett 4-2012 ','zett 4-2012 '),(4577,'zett 5-2012 ','zett 5-2012 '),(4579,'zett 6-2012 ','zett 6-2012 '),(4581,'zett 7-2012 ','zett 7-2012 '),(4583,'zett 8-2012 ','zett 8-2012 '),(4585,'zett 9-2012 ','zett 9-2012 '),(4587,'zett 10-2012 ','zett 10-2012 '),(4589,'zett 11-2012 ','zett 11-2012 '),(4591,'zett 12-2012 ','zett 12-2012 '),(4593,'zett 13-2013','zett 13-2013'),(4595,' zett 1-2013',' zett 1-2013 '),(4597,' zett 2-2013',' zett 2-2013');
/*!40000 ALTER TABLE `meta_terms` ENABLE KEYS */;
UNLOCK TABLES;

--
-- Table structure for table `people`
--

DROP TABLE IF EXISTS `people`;
/*!40101 SET @saved_cs_client     = @@character_set_client */;
/*!40101 SET character_set_client = utf8 */;
CREATE TABLE `people` (
  `id` int(11) NOT NULL AUTO_INCREMENT,
  `is_group` tinyint(1) DEFAULT '0',
  `birthdate` date DEFAULT NULL,
  `deathdate` date DEFAULT NULL,
  `firstname` varchar(255) CHARACTER SET utf8 DEFAULT NULL,
  `lastname` varchar(255) CHARACTER SET utf8 DEFAULT NULL,
  `nationality` varchar(255) CHARACTER SET utf8 DEFAULT NULL,
  `pseudonym` varchar(255) CHARACTER SET utf8 DEFAULT NULL,
  `wiki_links` text CHARACTER SET utf8,
  `created_at` datetime NOT NULL,
  `updated_at` datetime NOT NULL,
  PRIMARY KEY (`id`),
  KEY `index_people_on_firstname` (`firstname`),
  KEY `index_people_on_is_group` (`is_group`),
  KEY `index_people_on_lastname` (`lastname`)
) ENGINE=InnoDB AUTO_INCREMENT=10 DEFAULT CHARSET=latin1;
/*!40101 SET character_set_client = @saved_cs_client */;

--
-- Dumping data for table `people`
--

LOCK TABLES `people` WRITE;
/*!40000 ALTER TABLE `people` DISABLE KEYS */;
INSERT INTO `people` VALUES (1,0,NULL,NULL,'Adam','Admin',NULL,NULL,NULL,'2012-04-20 12:04:17','2012-04-20 12:04:17'),(2,0,NULL,NULL,'Normin','Normalo',NULL,NULL,NULL,'2012-04-20 12:04:17','2012-04-20 12:04:17'),(3,0,NULL,NULL,'Petra','Paula',NULL,NULL,NULL,'2012-04-20 12:04:17','2012-04-20 12:04:17'),(4,0,NULL,NULL,'Norbert','Neuerfassung',NULL,NULL,NULL,'2012-04-20 12:04:20','2012-04-20 12:04:20'),(5,0,NULL,NULL,'Beat','Raktor',NULL,NULL,NULL,'2012-04-20 12:04:23','2012-04-20 12:04:23'),(6,0,NULL,NULL,'Liselotte','Landschaft',NULL,NULL,NULL,'2012-04-20 12:04:23','2012-04-20 12:04:23'),(7,0,NULL,NULL,'Wilhelm','Schulte',NULL,NULL,NULL,'2012-08-31 11:56:03','2012-08-31 11:56:03'),(9,0,NULL,NULL,'Hans','Memling',NULL,NULL,NULL,'2012-08-31 12:00:32','2012-08-31 12:00:32');
/*!40000 ALTER TABLE `people` ENABLE KEYS */;
UNLOCK TABLES;

--
-- Table structure for table `permission_presets`
--

DROP TABLE IF EXISTS `permission_presets`;
/*!40101 SET @saved_cs_client     = @@character_set_client */;
/*!40101 SET character_set_client = utf8 */;
CREATE TABLE `permission_presets` (
  `id` int(11) NOT NULL AUTO_INCREMENT,
  `name` varchar(255) CHARACTER SET utf8 DEFAULT NULL,
  `download` tinyint(1) NOT NULL DEFAULT '0',
  `view` tinyint(1) NOT NULL DEFAULT '0',
  `edit` tinyint(1) NOT NULL DEFAULT '0',
  `manage` tinyint(1) NOT NULL DEFAULT '0',
  PRIMARY KEY (`id`),
  UNIQUE KEY `idx_bools_unique` (`view`,`edit`,`download`,`manage`),
  UNIQUE KEY `idx_name_unique` (`name`)
) ENGINE=InnoDB AUTO_INCREMENT=6 DEFAULT CHARSET=latin1;
/*!40101 SET character_set_client = @saved_cs_client */;

--
-- Dumping data for table `permission_presets`
--

LOCK TABLES `permission_presets` WRITE;
/*!40000 ALTER TABLE `permission_presets` DISABLE KEYS */;
INSERT INTO `permission_presets` VALUES (1,'Bevollmächtigte/r',1,1,1,1),(2,'Betrachter/in',0,1,0,0),(3,'Betrachter/in & Original',1,1,0,0),(4,'Gesperrt',0,0,0,0),(5,'Redakteur/in',1,1,1,0);
/*!40000 ALTER TABLE `permission_presets` ENABLE KEYS */;
UNLOCK TABLES;

--
-- Table structure for table `previews`
--

DROP TABLE IF EXISTS `previews`;
/*!40101 SET @saved_cs_client     = @@character_set_client */;
/*!40101 SET character_set_client = utf8 */;
CREATE TABLE `previews` (
  `id` int(11) NOT NULL AUTO_INCREMENT,
  `media_file_id` int(11) NOT NULL,
  `height` int(11) DEFAULT NULL,
  `width` int(11) DEFAULT NULL,
  `content_type` varchar(255) CHARACTER SET utf8 DEFAULT NULL,
  `filename` varchar(255) CHARACTER SET utf8 DEFAULT NULL,
  `thumbnail` varchar(255) CHARACTER SET utf8 DEFAULT NULL,
  `created_at` datetime NOT NULL,
  `updated_at` datetime NOT NULL,
  PRIMARY KEY (`id`),
  KEY `index_previews_on_media_file_id` (`media_file_id`),
  CONSTRAINT `previews_media_file_id_fk` FOREIGN KEY (`media_file_id`) REFERENCES `media_files` (`id`) ON DELETE CASCADE
) ENGINE=InnoDB AUTO_INCREMENT=100 DEFAULT CHARSET=latin1;
/*!40101 SET character_set_client = @saved_cs_client */;

--
-- Dumping data for table `previews`
--

LOCK TABLES `previews` WRITE;
/*!40000 ALTER TABLE `previews` DISABLE KEYS */;
INSERT INTO `previews` VALUES (1,1,429,640,'image/jpeg','83d62ab97f1946e6ae2797af0576e0ce_x_large.jpg','x_large','2012-04-20 12:04:18','2012-04-20 12:04:18'),(2,1,416,620,'image/jpeg','83d62ab97f1946e6ae2797af0576e0ce_large.jpg','large','2012-04-20 12:04:18','2012-04-20 12:04:18'),(3,1,201,300,'image/jpeg','83d62ab97f1946e6ae2797af0576e0ce_medium.jpg','medium','2012-04-20 12:04:18','2012-04-20 12:04:18'),(4,1,84,125,'image/jpeg','83d62ab97f1946e6ae2797af0576e0ce_small_125.jpg','small_125','2012-04-20 12:04:18','2012-04-20 12:04:18'),(5,1,67,100,'image/jpeg','83d62ab97f1946e6ae2797af0576e0ce_small.jpg','small','2012-04-20 12:04:18','2012-04-20 12:04:18'),(6,2,429,640,'image/jpeg','3682e9a5212b49a7927a5e197c7bb4a9_x_large.jpg','x_large','2012-04-20 12:04:18','2012-04-20 12:04:18'),(7,2,416,620,'image/jpeg','3682e9a5212b49a7927a5e197c7bb4a9_large.jpg','large','2012-04-20 12:04:18','2012-04-20 12:04:18'),(8,2,201,300,'image/jpeg','3682e9a5212b49a7927a5e197c7bb4a9_medium.jpg','medium','2012-04-20 12:04:18','2012-04-20 12:04:18'),(9,2,84,125,'image/jpeg','3682e9a5212b49a7927a5e197c7bb4a9_small_125.jpg','small_125','2012-04-20 12:04:18','2012-04-20 12:04:18'),(10,2,67,100,'image/jpeg','3682e9a5212b49a7927a5e197c7bb4a9_small.jpg','small','2012-04-20 12:04:18','2012-04-20 12:04:18'),(11,3,429,640,'image/jpeg','27462e6b17274d20b46b6652c6178d18_x_large.jpg','x_large','2012-04-20 12:04:19','2012-04-20 12:04:19'),(12,3,416,620,'image/jpeg','27462e6b17274d20b46b6652c6178d18_large.jpg','large','2012-04-20 12:04:19','2012-04-20 12:04:19'),(13,3,201,300,'image/jpeg','27462e6b17274d20b46b6652c6178d18_medium.jpg','medium','2012-04-20 12:04:19','2012-04-20 12:04:19'),(14,3,84,125,'image/jpeg','27462e6b17274d20b46b6652c6178d18_small_125.jpg','small_125','2012-04-20 12:04:19','2012-04-20 12:04:19'),(15,3,67,100,'image/jpeg','27462e6b17274d20b46b6652c6178d18_small.jpg','small','2012-04-20 12:04:19','2012-04-20 12:04:19'),(16,4,429,640,'image/jpeg','93df27ec55ae4c5aa394fe0d8161a35a_x_large.jpg','x_large','2012-04-20 12:04:19','2012-04-20 12:04:19'),(17,4,416,620,'image/jpeg','93df27ec55ae4c5aa394fe0d8161a35a_large.jpg','large','2012-04-20 12:04:19','2012-04-20 12:04:19'),(18,4,201,300,'image/jpeg','93df27ec55ae4c5aa394fe0d8161a35a_medium.jpg','medium','2012-04-20 12:04:19','2012-04-20 12:04:19'),(19,4,84,125,'image/jpeg','93df27ec55ae4c5aa394fe0d8161a35a_small_125.jpg','small_125','2012-04-20 12:04:19','2012-04-20 12:04:19'),(20,4,67,100,'image/jpeg','93df27ec55ae4c5aa394fe0d8161a35a_small.jpg','small','2012-04-20 12:04:19','2012-04-20 12:04:19'),(21,5,429,640,'image/jpeg','de929612d8f9403d97e4f88c30087dca_x_large.jpg','x_large','2012-04-20 12:04:19','2012-04-20 12:04:19'),(22,5,416,620,'image/jpeg','de929612d8f9403d97e4f88c30087dca_large.jpg','large','2012-04-20 12:04:19','2012-04-20 12:04:19'),(23,5,201,300,'image/jpeg','de929612d8f9403d97e4f88c30087dca_medium.jpg','medium','2012-04-20 12:04:20','2012-04-20 12:04:20'),(24,5,84,125,'image/jpeg','de929612d8f9403d97e4f88c30087dca_small_125.jpg','small_125','2012-04-20 12:04:20','2012-04-20 12:04:20'),(25,5,67,100,'image/jpeg','de929612d8f9403d97e4f88c30087dca_small.jpg','small','2012-04-20 12:04:20','2012-04-20 12:04:20'),(26,6,429,640,'image/jpeg','797417767e0744cb86cd32ffe5f06dda_x_large.jpg','x_large','2012-04-20 12:04:20','2012-04-20 12:04:20'),(27,6,416,620,'image/jpeg','797417767e0744cb86cd32ffe5f06dda_large.jpg','large','2012-04-20 12:04:20','2012-04-20 12:04:20'),(28,6,201,300,'image/jpeg','797417767e0744cb86cd32ffe5f06dda_medium.jpg','medium','2012-04-20 12:04:20','2012-04-20 12:04:20'),(29,6,84,125,'image/jpeg','797417767e0744cb86cd32ffe5f06dda_small_125.jpg','small_125','2012-04-20 12:04:20','2012-04-20 12:04:20'),(30,6,67,100,'image/jpeg','797417767e0744cb86cd32ffe5f06dda_small.jpg','small','2012-04-20 12:04:20','2012-04-20 12:04:20'),(31,7,429,640,'image/jpeg','d7eedd16bbcb4bccb38fec9d94a5edb3_x_large.jpg','x_large','2012-04-20 12:04:20','2012-04-20 12:04:20'),(32,7,416,620,'image/jpeg','d7eedd16bbcb4bccb38fec9d94a5edb3_large.jpg','large','2012-04-20 12:04:20','2012-04-20 12:04:20'),(33,7,201,300,'image/jpeg','d7eedd16bbcb4bccb38fec9d94a5edb3_medium.jpg','medium','2012-04-20 12:04:20','2012-04-20 12:04:20'),(34,7,84,125,'image/jpeg','d7eedd16bbcb4bccb38fec9d94a5edb3_small_125.jpg','small_125','2012-04-20 12:04:21','2012-04-20 12:04:21'),(35,7,67,100,'image/jpeg','d7eedd16bbcb4bccb38fec9d94a5edb3_small.jpg','small','2012-04-20 12:04:21','2012-04-20 12:04:21'),(36,8,429,640,'image/jpeg','91129f3af6ef4431bfa3691ae440ac56_x_large.jpg','x_large','2012-04-20 12:04:21','2012-04-20 12:04:21'),(37,8,416,620,'image/jpeg','91129f3af6ef4431bfa3691ae440ac56_large.jpg','large','2012-04-20 12:04:21','2012-04-20 12:04:21'),(38,8,201,300,'image/jpeg','91129f3af6ef4431bfa3691ae440ac56_medium.jpg','medium','2012-04-20 12:04:21','2012-04-20 12:04:21'),(39,8,84,125,'image/jpeg','91129f3af6ef4431bfa3691ae440ac56_small_125.jpg','small_125','2012-04-20 12:04:21','2012-04-20 12:04:21'),(40,8,67,100,'image/jpeg','91129f3af6ef4431bfa3691ae440ac56_small.jpg','small','2012-04-20 12:04:21','2012-04-20 12:04:21'),(41,9,429,640,'image/jpeg','efa28250a9234a6e9a6c98215497212e_x_large.jpg','x_large','2012-04-20 12:04:21','2012-04-20 12:04:21'),(42,9,416,620,'image/jpeg','efa28250a9234a6e9a6c98215497212e_large.jpg','large','2012-04-20 12:04:21','2012-04-20 12:04:21'),(43,9,201,300,'image/jpeg','efa28250a9234a6e9a6c98215497212e_medium.jpg','medium','2012-04-20 12:04:21','2012-04-20 12:04:21'),(44,9,84,125,'image/jpeg','efa28250a9234a6e9a6c98215497212e_small_125.jpg','small_125','2012-04-20 12:04:21','2012-04-20 12:04:21'),(45,9,67,100,'image/jpeg','efa28250a9234a6e9a6c98215497212e_small.jpg','small','2012-04-20 12:04:21','2012-04-20 12:04:21'),(46,10,429,640,'image/jpeg','9a1cb3d1b4cb41edaa402f753d318839_x_large.jpg','x_large','2012-04-20 12:04:22','2012-04-20 12:04:22'),(47,10,416,620,'image/jpeg','9a1cb3d1b4cb41edaa402f753d318839_large.jpg','large','2012-04-20 12:04:22','2012-04-20 12:04:22'),(48,10,201,300,'image/jpeg','9a1cb3d1b4cb41edaa402f753d318839_medium.jpg','medium','2012-04-20 12:04:22','2012-04-20 12:04:22'),(49,10,84,125,'image/jpeg','9a1cb3d1b4cb41edaa402f753d318839_small_125.jpg','small_125','2012-04-20 12:04:22','2012-04-20 12:04:22'),(50,10,67,100,'image/jpeg','9a1cb3d1b4cb41edaa402f753d318839_small.jpg','small','2012-04-20 12:04:22','2012-04-20 12:04:22'),(51,11,429,640,'image/jpeg','00e09e95462e45ecb8f18b8f8b6af9c8_x_large.jpg','x_large','2012-04-20 12:04:22','2012-04-20 12:04:22'),(52,11,416,620,'image/jpeg','00e09e95462e45ecb8f18b8f8b6af9c8_large.jpg','large','2012-04-20 12:04:22','2012-04-20 12:04:22'),(53,11,201,300,'image/jpeg','00e09e95462e45ecb8f18b8f8b6af9c8_medium.jpg','medium','2012-04-20 12:04:22','2012-04-20 12:04:22'),(54,11,84,125,'image/jpeg','00e09e95462e45ecb8f18b8f8b6af9c8_small_125.jpg','small_125','2012-04-20 12:04:22','2012-04-20 12:04:22'),(55,11,67,100,'image/jpeg','00e09e95462e45ecb8f18b8f8b6af9c8_small.jpg','small','2012-04-20 12:04:22','2012-04-20 12:04:22'),(56,12,429,640,'image/jpeg','e4f9eea907c1439badf8e60cf6491d23_x_large.jpg','x_large','2012-04-20 12:04:22','2012-04-20 12:04:22'),(57,12,416,620,'image/jpeg','e4f9eea907c1439badf8e60cf6491d23_large.jpg','large','2012-04-20 12:04:23','2012-04-20 12:04:23'),(58,12,201,300,'image/jpeg','e4f9eea907c1439badf8e60cf6491d23_medium.jpg','medium','2012-04-20 12:04:23','2012-04-20 12:04:23'),(59,12,84,125,'image/jpeg','e4f9eea907c1439badf8e60cf6491d23_small_125.jpg','small_125','2012-04-20 12:04:23','2012-04-20 12:04:23'),(60,12,67,100,'image/jpeg','e4f9eea907c1439badf8e60cf6491d23_small.jpg','small','2012-04-20 12:04:23','2012-04-20 12:04:23'),(61,13,429,640,'image/jpeg','541786d3aee34e9c886c0d89468e15a3_x_large.jpg','x_large','2012-04-20 12:04:23','2012-04-20 12:04:23'),(62,13,416,620,'image/jpeg','541786d3aee34e9c886c0d89468e15a3_large.jpg','large','2012-04-20 12:04:23','2012-04-20 12:04:23'),(63,13,201,300,'image/jpeg','541786d3aee34e9c886c0d89468e15a3_medium.jpg','medium','2012-04-20 12:04:23','2012-04-20 12:04:23'),(64,13,84,125,'image/jpeg','541786d3aee34e9c886c0d89468e15a3_small_125.jpg','small_125','2012-04-20 12:04:23','2012-04-20 12:04:23'),(65,13,67,100,'image/jpeg','541786d3aee34e9c886c0d89468e15a3_small.jpg','small','2012-04-20 12:04:23','2012-04-20 12:04:23'),(66,14,429,640,'image/jpeg','c34ef180441d486397779528617c4d86_x_large.jpg','x_large','2012-04-20 12:04:23','2012-04-20 12:04:23'),(67,14,416,620,'image/jpeg','c34ef180441d486397779528617c4d86_large.jpg','large','2012-04-20 12:04:24','2012-04-20 12:04:24'),(68,14,201,300,'image/jpeg','c34ef180441d486397779528617c4d86_medium.jpg','medium','2012-04-20 12:04:24','2012-04-20 12:04:24'),(69,14,84,125,'image/jpeg','c34ef180441d486397779528617c4d86_small_125.jpg','small_125','2012-04-20 12:04:24','2012-04-20 12:04:24'),(70,14,67,100,'image/jpeg','c34ef180441d486397779528617c4d86_small.jpg','small','2012-04-20 12:04:24','2012-04-20 12:04:24'),(71,15,429,640,'image/jpeg','7006f71d28934c83b16192787d6066a7_x_large.jpg','x_large','2012-04-20 12:04:24','2012-04-20 12:04:24'),(72,15,416,620,'image/jpeg','7006f71d28934c83b16192787d6066a7_large.jpg','large','2012-04-20 12:04:24','2012-04-20 12:04:24'),(73,15,201,300,'image/jpeg','7006f71d28934c83b16192787d6066a7_medium.jpg','medium','2012-04-20 12:04:24','2012-04-20 12:04:24'),(74,15,84,125,'image/jpeg','7006f71d28934c83b16192787d6066a7_small_125.jpg','small_125','2012-04-20 12:04:24','2012-04-20 12:04:24'),(75,15,67,100,'image/jpeg','7006f71d28934c83b16192787d6066a7_small.jpg','small','2012-04-20 12:04:24','2012-04-20 12:04:24'),(76,16,375,500,'image/jpeg','d023b834979043b68400f2ce9f9529c0_x_large.jpg','x_large','2012-04-20 12:04:24','2012-04-20 12:04:24'),(77,16,375,500,'image/jpeg','d023b834979043b68400f2ce9f9529c0_large.jpg','large','2012-04-20 12:04:25','2012-04-20 12:04:25'),(78,16,225,300,'image/jpeg','d023b834979043b68400f2ce9f9529c0_medium.jpg','medium','2012-04-20 12:04:25','2012-04-20 12:04:25'),(79,16,94,125,'image/jpeg','d023b834979043b68400f2ce9f9529c0_small_125.jpg','small_125','2012-04-20 12:04:25','2012-04-20 12:04:25'),(80,16,75,100,'image/jpeg','d023b834979043b68400f2ce9f9529c0_small.jpg','small','2012-04-20 12:04:25','2012-04-20 12:04:25'),(81,19,500,531,'image/jpeg','03c6836c3a5f4bada4bbcb9ea6a49ba0_x_large.jpg','x_large','2012-08-31 09:18:01','2012-08-31 09:18:01'),(83,19,500,531,'image/jpeg','03c6836c3a5f4bada4bbcb9ea6a49ba0_large.jpg','large','2012-08-31 09:18:01','2012-08-31 09:18:01'),(85,19,282,300,'image/jpeg','03c6836c3a5f4bada4bbcb9ea6a49ba0_medium.jpg','medium','2012-08-31 09:18:02','2012-08-31 09:18:02'),(87,19,118,125,'image/jpeg','03c6836c3a5f4bada4bbcb9ea6a49ba0_small_125.jpg','small_125','2012-08-31 09:18:02','2012-08-31 09:18:02'),(89,19,94,100,'image/jpeg','03c6836c3a5f4bada4bbcb9ea6a49ba0_small.jpg','small','2012-08-31 09:18:02','2012-08-31 09:18:02'),(91,21,500,401,'image/jpeg','04a2654076114099af6c372e80983612_x_large.jpg','x_large','2012-08-31 12:00:06','2012-08-31 12:00:06'),(93,21,500,401,'image/jpeg','04a2654076114099af6c372e80983612_large.jpg','large','2012-08-31 12:00:06','2012-08-31 12:00:06'),(95,21,300,241,'image/jpeg','04a2654076114099af6c372e80983612_medium.jpg','medium','2012-08-31 12:00:07','2012-08-31 12:00:07'),(97,21,125,100,'image/jpeg','04a2654076114099af6c372e80983612_small_125.jpg','small_125','2012-08-31 12:00:07','2012-08-31 12:00:07'),(99,21,100,80,'image/jpeg','04a2654076114099af6c372e80983612_small.jpg','small','2012-08-31 12:00:08','2012-08-31 12:00:08');
/*!40000 ALTER TABLE `previews` ENABLE KEYS */;
UNLOCK TABLES;

--
-- Table structure for table `schema_migrations`
--

DROP TABLE IF EXISTS `schema_migrations`;
/*!40101 SET @saved_cs_client     = @@character_set_client */;
/*!40101 SET character_set_client = utf8 */;
CREATE TABLE `schema_migrations` (
  `version` varchar(255) CHARACTER SET utf8 NOT NULL,
  UNIQUE KEY `unique_schema_migrations` (`version`)
) ENGINE=InnoDB DEFAULT CHARSET=latin1;
/*!40101 SET character_set_client = @saved_cs_client */;

--
-- Dumping data for table `schema_migrations`
--

LOCK TABLES `schema_migrations` WRITE;
/*!40000 ALTER TABLE `schema_migrations` DISABLE KEYS */;
INSERT INTO `schema_migrations` VALUES ('1'),('10'),('11'),('12'),('13'),('14'),('15'),('16'),('17'),('18'),('19'),('2'),('20'),('21'),('22'),('23'),('24'),('25'),('26'),('27'),('3'),('4'),('5'),('6'),('7'),('8'),('9');
/*!40000 ALTER TABLE `schema_migrations` ENABLE KEYS */;
UNLOCK TABLES;

--
-- Table structure for table `settings`
--

DROP TABLE IF EXISTS `settings`;
/*!40101 SET @saved_cs_client     = @@character_set_client */;
/*!40101 SET character_set_client = utf8 */;
CREATE TABLE `settings` (
  `id` int(11) NOT NULL AUTO_INCREMENT,
  `var` varchar(255) CHARACTER SET utf8 NOT NULL,
  `value` text CHARACTER SET utf8,
  `target_id` int(11) DEFAULT NULL,
  `target_type` varchar(30) CHARACTER SET utf8 DEFAULT NULL,
  `created_at` datetime NOT NULL,
  `updated_at` datetime NOT NULL,
  PRIMARY KEY (`id`),
  UNIQUE KEY `index_settings_on_target_type_and_target_id_and_var` (`target_type`,`target_id`,`var`)
) ENGINE=InnoDB AUTO_INCREMENT=9 DEFAULT CHARSET=latin1;
/*!40101 SET character_set_client = @saved_cs_client */;

--
-- Dumping data for table `settings`
--

LOCK TABLES `settings` WRITE;
/*!40000 ALTER TABLE `settings` DISABLE KEYS */;
INSERT INTO `settings` VALUES (1,'dropbox_root_dir','--- /home/rca/work/code/ror/madek/tmp/dropbox\n',NULL,NULL,'2012-04-20 12:04:17','2012-04-20 12:04:17'),(2,'ftp_dropbox_server','--- ftp.dropbox.test\n',NULL,NULL,'2012-04-20 12:04:17','2012-04-20 12:04:17'),(3,'ftp_dropbox_user','--- test\n',NULL,NULL,'2012-04-20 12:04:17','2012-04-20 12:04:17'),(4,'ftp_dropbox_password','--- password\n',NULL,NULL,'2012-04-20 12:04:17','2012-04-20 12:04:17'),(6,'featured_set_id','--- 0\n',NULL,NULL,'2012-06-21 11:01:11','2012-06-21 11:01:11'),(8,'splashscreen_slideshow_set_id','--- 32\n',NULL,NULL,'2012-06-21 11:01:11','2012-06-21 11:01:11');
/*!40000 ALTER TABLE `settings` ENABLE KEYS */;
UNLOCK TABLES;

--
-- Table structure for table `usage_terms`
--

DROP TABLE IF EXISTS `usage_terms`;
/*!40101 SET @saved_cs_client     = @@character_set_client */;
/*!40101 SET character_set_client = utf8 */;
CREATE TABLE `usage_terms` (
  `id` int(11) NOT NULL AUTO_INCREMENT,
  `title` varchar(255) CHARACTER SET utf8 DEFAULT NULL,
  `version` varchar(255) CHARACTER SET utf8 DEFAULT NULL,
  `intro` text CHARACTER SET utf8,
  `body` text CHARACTER SET utf8,
  `updated_at` datetime DEFAULT NULL,
  PRIMARY KEY (`id`)
) ENGINE=InnoDB AUTO_INCREMENT=2 DEFAULT CHARSET=latin1;
/*!40101 SET character_set_client = @saved_cs_client */;

--
-- Dumping data for table `usage_terms`
--

LOCK TABLES `usage_terms` WRITE;
/*!40000 ALTER TABLE `usage_terms` DISABLE KEYS */;
INSERT INTO `usage_terms` VALUES (1,'Nutzungsbedingungen','vom 29. September 2010','Bitte lesen, akzeptieren und halten Sie sich an die Nutzungsbedingungen.','<h3>1. Gegenstand </h3>\r\n\r\n<p>Die Nutzungsbedingungen des Medienarchivs der Züricher Hochschule der Künste (Betreiberin, nachfolgend\r\nZHdK bzw. Medienarchiv) regeln die Bedingungen der Nutzung für die Beteiligten (gemäss Ziff.4).</p>\r\n\r\n<h3>2. Zweck</h3>\r\n\r\n<p>Das Medienarchiv ist die zentrale Arbeitsplattform für digitale Medien an der ZHdK und unterstützt die erste\r\nStufe der Archivierung von künstlerischen und wissenschaftlichen Werken und deren Dokumentationen. </p>\r\n\r\n<h3>3. Rechtsgrundlagen</h3>\r\n<p>Die Rechtsgrundlagen für die Nutzung ergeben sich aus den entsprechenden immaterialgüterrechtlichen Bestimmungen [1] sowie jenen der Fachhochschulgesetzgebung [2].</p>\r\n\r\n<h3>4.    Begriffe</h3>\r\n<p>1) Als Anbieter gelten Personen, welche Medieninhalte in das Medienarchiv laden und deren Zugriffsberechtigungen verwalten. Dabei kommen als Personen sowohl natürliche wie juristische (Institutionen) in Frage.<br />\r\n<p>2) Als Nutzer gelten Personen, welche die Dienstleistungen des Medienarchivs benützen und Medieneinträge der Anbieter verwenden. </p>\r\n<p>3) Unter Medieninhalte werden alle Dateien und die dazugehörigen Metadaten verstanden, die im Medienarchiv digital gespeichert werden. </p>\r\n<p>4) Als Medienarchiv wird die multimediale Internet-Plattform der ZHdK verstanden.</p>\r\n\r\n<h3>5. Rechte </h3>\r\n<p>\r\nBei den zur Verwendung stehenden Rechten geht es hauptsächlich um Immaterialgüterrechte (Rechte am Geistigen Eigentum), insbesondere Urheber-, Design-, Marken-, Patent- und Knowhow-Rechte.</p>\r\n\r\n<h3>6. Nutzungsrechte</h3>\r\n<p>Im Rahmen der gesetzlichen oder vertraglichen Bestimmungen sind folgende Nutzungsarten für Nutzer möglich:</p>\r\n<p>- (beschränkte) Nutzung innerhalb der gesetzlichen oder vertraglichen Bedingungen</p>\r\n<p>- (modifizierte) Nutzung gemäss Lizenzierung nach den Creative Commons-Lizenzen [3] oder gemäss individuellen Bedingungen (z.B. Studio Publikationen, ZHdK)</p>\r\n<p>- (unbeschränkte) Nutzung bei Freigabe oder Entfall der Rechte (gemeinfreie Inhalte / public domain)</p>\r\n\r\n<h3>7. Zugang</h3>\r\n<p>1) Das Medienarchiv und dementsprechend deklarierte Medieninhalte sind prinzipiell frei zugänglich. </p>\r\n<p>2) Durch ein Login erhalten die Angehörigen der ZHdK sowie bestimmte definierte Nutzer einen erweiterten Zugang zu den Inhalten und Funktionalitäten der Datenbank. </p>\r\n\r\n\r\n<h3>8. Gewährleistungen </h3>\r\n<p>1) Eine Gewähr für Richtigkeit, Vollständigkeit und Zulässigkeit der im Medienarchiv veröffentlichten Inhalte,\r\nInformationen und Verweise wird von der ZHdK nicht übernommen. Die Verantwortung dafür liegt bei den\r\nAnbietern.</p>\r\n<p>2)  Die ZHdK haftet nur insoweit für die Inhalte und die Beachtung der vorliegenden Bestimmungen, soweit sie\r\nvon einem widerrechtlichen Inhalt Kenntnis hat und dafür gemäss dem einschlägigen Recht verantwortlich\r\ngemacht werden kann.</p>\r\n<p>3) Externe Internet-Plattformen geben den Inhalt und die Meinung der jeweiligen Anbieter wieder, für welche\r\nkeine Haftung übernommen werden kann. Für den Inhalt dieser verlinkten Seiten sind ausschliesslich deren\r\nBetreiber verantwortlich.</p>\r\n<p>4) Da das Medienarchiv keine Datenbank für private Ablagen ist, kann keine Garantie für die Erhaltung der\r\nausschliesslich privat einsehbaren Medieneinträge angeboten werden. Es ist Sache der Anbieter, eine eigene\r\nSicherungskopie dieser Medieneinträge zu erstellen.</p>\r\n<p>5) Eine Haftung für Schäden, die durch unberechtigte Nutzung entstehen oder sonst gegen diese Bestimmungen verstossen, ist ausgeschlossen.</p>\r\n\r\n<h3>9. Pflichten für die Anbieter</h3>\r\n<p>1) Die Anbieter sind für die Einhaltung der rechtlichen, ethischen und moralischen Grundsätze verantwortlich.</p>\r\n<p>2) Für die zur Verfügung gestellten Medieneinträge sind die Anbieter selbst verantwortlich. Dies betrifft nebst dien allgemeinen Grundsätzen (Abs.1) insbesondere die Beachtung von Rechten Dritter, wie den Hinweis auf Personen, welche Rechteinhaber sind und die genaue Angabe der Nutzungsbedingungen.</p>\r\n<p>3) Die Anbieter sind ausserdem dazu verpflichtet, die Nutzungsrechte gemäss Art.6 zu definieren.</p>\r\n<p>4) Die Nutzung des Medienarchivs darf nicht kommerziellen Zwecken dienen.</p>\r\n<p>5) Eine rein private Ablage von Dateien und Informationen ist nicht erlaubt. </p>\r\n\r\n<h3>10. Pflichten für die Nutzer</h3>\r\n<p>1) Die Nutzer haben sich an die definierten Nutzungsrechte gemäss Art.6 zu halten. </p>\r\n<p>2) Die Nutzung ist für den Eigengebrauch zulässig. Dies betrifft den privaten Gebrauch und die Verwendung für Lehre und Forschung. Eine weitergehende Nutzung (wie für kommerzielle Zwecke) bedarf der Zustimmung durch den Anbieter, soweit die Lizenz nicht bereits eine offene Verwendung zulässt.</p>\r\n\r\n<h3>11. Nutzungen</h3>\r\n<p>1) Das Medienarchiv ermöglicht es, für jeden Medieneintrag folgende Nutzungsrechte festzulegen:</p>\r\n<ul>\r\n  <li>a. Definition der Person bzw. der Nutzergruppe hinsichtlich der Sichtbarkeit.</li>\r\n  <li>b. Definition der Person bzw. der Nutzergruppe hinsichtlich dem Editieren von Metadaten.</li>\r\n  <li>c. Definition der Lizenzierung resp. der Bedingungen für die weitere Nutzung.</li>\r\n</ul>\r\n<p>2) Das Medienarchiv bezeichnet den Urheber bzw. Inhaber der Verwertungsrechte in einem dafür vorgesehenen Pflichtfeld in der Metadaten-Maske.</p>\r\n\r\n<h3>12. Sanktionen bei unerlaubten Verwendungen</h3>\r\n<p>Eine unerlaubte Verwendung einzelner Inhalte kann sowohl zivil- als auch strafrechtlich verfolgt werden. Die ZHdK kann eine entsprechende Anzeige machen.</p>\r\n\r\n<h3>13. Weitere Bestimmungen</h3>\r\n<p>Als anwendbares Recht gilt Schweizer Recht, insbesondere die Bestimmungen des allgemeinen Vertragsrechts und der immaterialgüterrechtlichen Sondergesetze.</p>\r\n\r\n<h3>14. Inkrafttreten</h3>\r\n<p>Diese Nutzungsbedingungen wurden von der Hochschulleitung am 29.9.2010 beschlossen und treten per sofort in Kraft.</p>\r\n<p>Zürcher Hochschule der Künste</p>\r\n<p>Im Namen der Hochschulleitung</p>\r\n<p>Der Rektor</p>\r\n<p>[1] Vgl. URG, DesG, MSchG, PatG, vgl. die Aufzählung in Art.5<br />\r\n[2] Insbesondere § 16 und 22 FaHG<br />\r\n[3] vgl. http://creativecommons.org<br /></p>','2010-11-23 14:24:44');
/*!40000 ALTER TABLE `usage_terms` ENABLE KEYS */;
UNLOCK TABLES;

--
-- Table structure for table `userpermissions`
--

DROP TABLE IF EXISTS `userpermissions`;
/*!40101 SET @saved_cs_client     = @@character_set_client */;
/*!40101 SET character_set_client = utf8 */;
CREATE TABLE `userpermissions` (
  `id` int(11) NOT NULL AUTO_INCREMENT,
  `media_resource_id` int(11) NOT NULL,
  `user_id` int(11) NOT NULL,
  `download` tinyint(1) NOT NULL DEFAULT '0',
  `view` tinyint(1) NOT NULL DEFAULT '0',
  `edit` tinyint(1) NOT NULL DEFAULT '0',
  `manage` tinyint(1) NOT NULL DEFAULT '0',
  PRIMARY KEY (`id`),
  UNIQUE KEY `index_userpermissions_on_media_resource_id_and_user_id` (`media_resource_id`,`user_id`),
  KEY `index_userpermissions_on_media_resource_id` (`media_resource_id`),
  KEY `index_userpermissions_on_user_id` (`user_id`),
  CONSTRAINT `userpermissions_media_resource_id_fk` FOREIGN KEY (`media_resource_id`) REFERENCES `media_resources` (`id`) ON DELETE CASCADE,
  CONSTRAINT `userpermissions_user_id_fk` FOREIGN KEY (`user_id`) REFERENCES `users` (`id`) ON DELETE CASCADE
) ENGINE=InnoDB AUTO_INCREMENT=4 DEFAULT CHARSET=latin1;
/*!40101 SET character_set_client = @saved_cs_client */;

--
-- Dumping data for table `userpermissions`
--

LOCK TABLES `userpermissions` WRITE;
/*!40000 ALTER TABLE `userpermissions` DISABLE KEYS */;
INSERT INTO `userpermissions` VALUES (1,5,2,0,1,0,0),(2,4,3,0,1,0,0),(3,16,4,0,1,1,0);
/*!40000 ALTER TABLE `userpermissions` ENABLE KEYS */;
UNLOCK TABLES;

--
-- Table structure for table `users`
--

DROP TABLE IF EXISTS `users`;
/*!40101 SET @saved_cs_client     = @@character_set_client */;
/*!40101 SET character_set_client = utf8 */;
CREATE TABLE `users` (
  `id` int(11) NOT NULL AUTO_INCREMENT,
  `person_id` int(11) NOT NULL,
  `zhdkid` int(11) DEFAULT NULL,
  `email` varchar(100) CHARACTER SET utf8 DEFAULT NULL,
  `login` varchar(40) CHARACTER SET utf8 DEFAULT NULL,
  `password` varchar(255) CHARACTER SET utf8 DEFAULT NULL,
  `notes` text CHARACTER SET utf8,
  `usage_terms_accepted_at` datetime DEFAULT NULL,
  `created_at` datetime NOT NULL,
  `updated_at` datetime NOT NULL,
  PRIMARY KEY (`id`),
  UNIQUE KEY `index_users_on_login` (`login`),
  UNIQUE KEY `index_users_on_zhdkid` (`zhdkid`),
  KEY `index_users_on_person_id` (`person_id`),
  CONSTRAINT `users_person_id_fk` FOREIGN KEY (`person_id`) REFERENCES `people` (`id`)
) ENGINE=InnoDB AUTO_INCREMENT=7 DEFAULT CHARSET=latin1;
/*!40101 SET character_set_client = @saved_cs_client */;

--
-- Dumping data for table `users`
--

LOCK TABLES `users` WRITE;
/*!40000 ALTER TABLE `users` DISABLE KEYS */;
INSERT INTO `users` VALUES (1,1,NULL,'frederick.dickinson@wehnerjewe.org','adam','5baa61e4c9b93f3f0682250b6cf8331b7ee68fd8',NULL,'2012-04-20 12:04:17','2012-04-20 12:04:17','2012-04-20 12:04:17'),(2,2,NULL,'imelda@carroll.info','normin','5baa61e4c9b93f3f0682250b6cf8331b7ee68fd8',NULL,'2012-04-20 12:04:17','2012-04-20 12:04:17','2012-04-20 12:04:17'),(3,3,NULL,'una.quigley@kuphal.org','petra','5baa61e4c9b93f3f0682250b6cf8331b7ee68fd8',NULL,'2012-04-20 12:04:17','2012-04-20 12:04:17','2012-04-20 12:04:17'),(4,4,NULL,'devan@wisozk.net','norbert','5baa61e4c9b93f3f0682250b6cf8331b7ee68fd8',NULL,'2012-04-20 12:04:20','2012-04-20 12:04:20','2012-04-20 12:04:20'),(5,5,NULL,'antone@braunlangosh.net','beat','5baa61e4c9b93f3f0682250b6cf8331b7ee68fd8',NULL,'2012-04-20 12:04:23','2012-04-20 12:04:23','2012-04-20 12:04:23'),(6,6,NULL,'ahmed@vandervort.biz','liselotte','5baa61e4c9b93f3f0682250b6cf8331b7ee68fd8',NULL,'2012-04-20 12:04:23','2012-04-20 12:04:23','2012-04-20 12:04:23');
/*!40000 ALTER TABLE `users` ENABLE KEYS */;
UNLOCK TABLES;

--
-- Table structure for table `wiki_page_versions`
--

DROP TABLE IF EXISTS `wiki_page_versions`;
/*!40101 SET @saved_cs_client     = @@character_set_client */;
/*!40101 SET character_set_client = utf8 */;
CREATE TABLE `wiki_page_versions` (
  `id` int(11) NOT NULL AUTO_INCREMENT,
  `page_id` int(11) DEFAULT NULL,
  `updator_id` int(11) DEFAULT NULL,
  `number` int(11) DEFAULT NULL,
  `comment` varchar(255) CHARACTER SET utf8 DEFAULT NULL,
  `path` varchar(255) CHARACTER SET utf8 DEFAULT NULL,
  `title` varchar(255) CHARACTER SET utf8 DEFAULT NULL,
  `content` text CHARACTER SET utf8,
  `updated_at` datetime DEFAULT NULL,
  PRIMARY KEY (`id`),
  KEY `index_wiki_page_versions_on_page_id` (`page_id`),
  KEY `index_wiki_page_versions_on_updator_id` (`updator_id`)
) ENGINE=InnoDB DEFAULT CHARSET=latin1;
/*!40101 SET character_set_client = @saved_cs_client */;

--
-- Dumping data for table `wiki_page_versions`
--

LOCK TABLES `wiki_page_versions` WRITE;
/*!40000 ALTER TABLE `wiki_page_versions` DISABLE KEYS */;
/*!40000 ALTER TABLE `wiki_page_versions` ENABLE KEYS */;
UNLOCK TABLES;

--
-- Table structure for table `wiki_pages`
--

DROP TABLE IF EXISTS `wiki_pages`;
/*!40101 SET @saved_cs_client     = @@character_set_client */;
/*!40101 SET character_set_client = utf8 */;
CREATE TABLE `wiki_pages` (
  `id` int(11) NOT NULL AUTO_INCREMENT,
  `creator_id` int(11) DEFAULT NULL,
  `updator_id` int(11) DEFAULT NULL,
  `path` varchar(255) CHARACTER SET utf8 DEFAULT NULL,
  `title` varchar(255) CHARACTER SET utf8 DEFAULT NULL,
  `content` text CHARACTER SET utf8,
  `created_at` datetime NOT NULL,
  `updated_at` datetime NOT NULL,
  PRIMARY KEY (`id`),
  UNIQUE KEY `index_wiki_pages_on_path` (`path`),
  KEY `index_wiki_pages_on_creator_id` (`creator_id`),
  KEY `wiki_pages_updator_id_fk` (`updator_id`),
  CONSTRAINT `wiki_pages_creator_id_fk` FOREIGN KEY (`creator_id`) REFERENCES `users` (`id`),
  CONSTRAINT `wiki_pages_updator_id_fk` FOREIGN KEY (`updator_id`) REFERENCES `users` (`id`)
) ENGINE=InnoDB DEFAULT CHARSET=latin1;
/*!40101 SET character_set_client = @saved_cs_client */;

--
-- Dumping data for table `wiki_pages`
--

LOCK TABLES `wiki_pages` WRITE;
/*!40000 ALTER TABLE `wiki_pages` DISABLE KEYS */;
/*!40000 ALTER TABLE `wiki_pages` ENABLE KEYS */;
UNLOCK TABLES;
/*!40103 SET TIME_ZONE=@OLD_TIME_ZONE */;

/*!40101 SET SQL_MODE=@OLD_SQL_MODE */;
/*!40014 SET FOREIGN_KEY_CHECKS=@OLD_FOREIGN_KEY_CHECKS */;
/*!40014 SET UNIQUE_CHECKS=@OLD_UNIQUE_CHECKS */;
/*!40101 SET CHARACTER_SET_CLIENT=@OLD_CHARACTER_SET_CLIENT */;
/*!40101 SET CHARACTER_SET_RESULTS=@OLD_CHARACTER_SET_RESULTS */;
/*!40101 SET COLLATION_CONNECTION=@OLD_COLLATION_CONNECTION */;
/*!40111 SET SQL_NOTES=@OLD_SQL_NOTES */;

-- Dump completed on 2012-09-24 12:09:35
