-- MySQL dump 10.13  Distrib 5.1.61, for debian-linux-gnu (x86_64)
--
-- Host: db.zhdk.ch    Database: rails_madek_personas
-- ------------------------------------------------------
-- Server version	5.1.61-0+squeeze1-log

/*!40101 SET @OLD_CHARACTER_SET_CLIENT=@@CHARACTER_SET_CLIENT */;
/*!40101 SET @OLD_CHARACTER_SET_RESULTS=@@CHARACTER_SET_RESULTS */;
/*!40101 SET @OLD_COLLATION_CONNECTION=@@COLLATION_CONNECTION */;
/*!40101 SET NAMES utf8 */;
/*!40103 SET @OLD_TIME_ZONE=@@TIME_ZONE */;
/*!40103 SET TIME_ZONE='+00:00' */;
/*!40014 SET @OLD_UNIQUE_CHECKS=@@UNIQUE_CHECKS, UNIQUE_CHECKS=0 */;
/*!40014 SET @OLD_FOREIGN_KEY_CHECKS=@@FOREIGN_KEY_CHECKS, FOREIGN_KEY_CHECKS=0 */;
/*!40101 SET @OLD_SQL_MODE=@@SQL_MODE, SQL_MODE='NO_AUTO_VALUE_ON_ZERO' */;
/*!40111 SET @OLD_SQL_NOTES=@@SQL_NOTES, SQL_NOTES=0 */;

--
-- Table structure for table `copyrights`
--

DROP TABLE IF EXISTS `copyrights`;
/*!40101 SET @saved_cs_client     = @@character_set_client */;
/*!40101 SET character_set_client = utf8 */;
CREATE TABLE `copyrights` (
  `id` int(11) NOT NULL AUTO_INCREMENT,
  `is_default` tinyint(1) DEFAULT '0',
  `is_custom` tinyint(1) DEFAULT '0',
  `label` varchar(255) COLLATE utf8_unicode_ci DEFAULT NULL,
  `parent_id` int(11) DEFAULT NULL,
  `lft` int(11) DEFAULT NULL,
  `rgt` int(11) DEFAULT NULL,
  `usage` varchar(255) COLLATE utf8_unicode_ci DEFAULT NULL,
  `url` varchar(255) COLLATE utf8_unicode_ci DEFAULT NULL,
  PRIMARY KEY (`id`),
  UNIQUE KEY `index_copyrights_on_label` (`label`),
  KEY `index_copyrights_on_is_default` (`is_default`),
  KEY `index_copyrights_on_is_custom` (`is_custom`),
  KEY `index_copyrights_on_parent_id` (`parent_id`),
  KEY `index_copyrights_on_lft_and_rgt` (`lft`,`rgt`)
) ENGINE=InnoDB AUTO_INCREMENT=15 DEFAULT CHARSET=utf8 COLLATE=utf8_unicode_ci;
/*!40101 SET character_set_client = @saved_cs_client */;

--
-- Dumping data for table `copyrights`
--

LOCK TABLES `copyrights` WRITE;
/*!40000 ALTER TABLE `copyrights` DISABLE KEYS */;
INSERT INTO `copyrights` VALUES (1,0,0,'Unbekannt',NULL,1,2,NULL,NULL),(2,0,0,'Urheberrechtlich geschützt (standardisierte Lizenz)',NULL,3,24,NULL,NULL),(3,1,0,'Alle Rechte vorbehalten',2,4,5,'Das Werk darf nur mit Einwilligung des Autors/Rechteinhabers weiter verwendet werden.','http://www.copyright.ch'),(4,0,0,'Creative Commons Licence',2,6,19,NULL,NULL),(5,0,0,'CC-By-CH: Attribution',4,7,8,'Bitte jeweils die angegebenen Nutzungsmodifikationen beachten.','http://creativecommons.org/licenses/by/2.5/ch/'),(6,0,0,'CC-By-SA-CH: Attribution Share Alike',4,9,10,'Bitte jeweils die angegebenen Nutzungsmodifikationen beachten.','http://creativecommons.org/licenses/by-sa/2.5/ch/'),(7,0,0,'CC-By-ND-CH: Attribution No Derivates',4,11,12,'Bitte jeweils die angegebenen Nutzungsmodifikationen beachten.','http://creativecommons.org/licenses/by-nd/2.5/ch/'),(8,0,0,'CC-By-NC-CH: Attribution Non-Commercial',4,13,14,'Bitte jeweils die angegebenen Nutzungsmodifikationen beachten.','http://creativecommons.org/licenses/by-nc/2.5/ch/'),(9,0,0,'CC-By-NC-SA-CH: Attribution Non-Commercial Share Alike',4,15,16,'Bitte jeweils die angegebenen Nutzungsmodifikationen beachten.','http://creativecommons.org/licenses/by-nc-sa/2.5/ch/'),(10,0,0,'CC-By-NC-ND-CH: Attribution Non-Commercial No Derivates',4,17,18,'Bitte jeweils die angegebenen Nutzungsmodifikationen beachten.','http://creativecommons.org/licenses/by-nc-nd/2.5/ch/'),(11,0,0,'ZHdK-Lizenzen',2,20,23,NULL,NULL),(12,0,0,'Studio Publikation',11,21,22,'Alle Rechte dem Studio Publikation der ZHdK vorbehalten. Freie Verwendung im Rahmen von Ankündigung und Berichterstattung der ZHdK.','http://www.zhdk.ch/index.php?id=1033'),(13,0,1,'Urheberrechtlich geschützt (individuelle Lizenz)',NULL,25,26,'',''),(14,0,0,'Public Domain / Gemeinfrei',NULL,27,28,'Freie Nutzung ohne Einschränkung.','http://de.wikipedia.org/wiki/Public_Domain');
/*!40000 ALTER TABLE `copyrights` ENABLE KEYS */;
UNLOCK TABLES;

--
-- Table structure for table `edit_sessions`
--

DROP TABLE IF EXISTS `edit_sessions`;
/*!40101 SET @saved_cs_client     = @@character_set_client */;
/*!40101 SET character_set_client = utf8 */;
CREATE TABLE `edit_sessions` (
  `id` int(11) NOT NULL AUTO_INCREMENT,
  `user_id` int(11) DEFAULT NULL,
  `created_at` datetime DEFAULT NULL,
  `updated_at` datetime DEFAULT NULL,
  `media_resource_id` int(11) DEFAULT NULL,
  PRIMARY KEY (`id`),
  KEY `index_on_resource_and_created_at` (`created_at`),
  KEY `index_edit_sessions_on_user_id` (`user_id`),
  KEY `index_edit_sessions_on_media_resource_id` (`media_resource_id`),
  CONSTRAINT `edit_sessions_media_resource_id_media_resources_fkey` FOREIGN KEY (`media_resource_id`) REFERENCES `media_resources` (`id`) ON DELETE CASCADE
) ENGINE=InnoDB DEFAULT CHARSET=utf8 COLLATE=utf8_unicode_ci;
/*!40101 SET character_set_client = @saved_cs_client */;

--
-- Dumping data for table `edit_sessions`
--

LOCK TABLES `edit_sessions` WRITE;
/*!40000 ALTER TABLE `edit_sessions` DISABLE KEYS */;
/*!40000 ALTER TABLE `edit_sessions` ENABLE KEYS */;
UNLOCK TABLES;

--
-- Table structure for table `favorites`
--

DROP TABLE IF EXISTS `favorites`;
/*!40101 SET @saved_cs_client     = @@character_set_client */;
/*!40101 SET character_set_client = utf8 */;
CREATE TABLE `favorites` (
  `user_id` int(11) DEFAULT NULL,
  `media_resource_id` int(11) DEFAULT NULL,
  UNIQUE KEY `index_favorites_on_user_id_and_media_resource_id` (`user_id`,`media_resource_id`),
  KEY `favorites_media_resource_id_media_resources_fkey` (`media_resource_id`),
  CONSTRAINT `favorites_media_resource_id_media_resources_fkey` FOREIGN KEY (`media_resource_id`) REFERENCES `media_resources` (`id`) ON DELETE CASCADE
) ENGINE=InnoDB DEFAULT CHARSET=utf8 COLLATE=utf8_unicode_ci;
/*!40101 SET character_set_client = @saved_cs_client */;

--
-- Dumping data for table `favorites`
--

LOCK TABLES `favorites` WRITE;
/*!40000 ALTER TABLE `favorites` DISABLE KEYS */;
/*!40000 ALTER TABLE `favorites` ENABLE KEYS */;
UNLOCK TABLES;

--
-- Table structure for table `full_texts`
--

DROP TABLE IF EXISTS `full_texts`;
/*!40101 SET @saved_cs_client     = @@character_set_client */;
/*!40101 SET character_set_client = utf8 */;
CREATE TABLE `full_texts` (
  `id` int(11) NOT NULL AUTO_INCREMENT,
  `text` text COLLATE utf8_unicode_ci,
  `media_resource_id` int(11) DEFAULT NULL,
  PRIMARY KEY (`id`),
  KEY `index_full_texts_on_media_resource_id` (`media_resource_id`),
  CONSTRAINT `full_texts_media_resource_id_media_resources_fkey` FOREIGN KEY (`media_resource_id`) REFERENCES `media_resources` (`id`) ON DELETE CASCADE
) ENGINE=InnoDB AUTO_INCREMENT=32 DEFAULT CHARSET=utf8 COLLATE=utf8_unicode_ci;
/*!40101 SET character_set_client = @saved_cs_client */;

--
-- Dumping data for table `full_texts`
--

LOCK TABLES `full_texts` WRITE;
/*!40000 ALTER TABLE `full_texts` DISABLE KEYS */;
INSERT INTO `full_texts` VALUES (1,'Landschaften Admin, Adam',1),(2,'Zett Admin, Adam',2),(3,'Zett über Landschaften Admin, Adam',3),(4,'Abgabe zum Kurs Product Design Normalo, Normin',4),(5,'Mein Test Set Paula, Petra',5),(6,'Mein Erstes Photo (mit der neuen Nikon) Paula, Petra',6),(7,'Abgabe Normalo, Normin',7),(8,'Konzepte Normalo, Normin',8),(9,'Fotografie Kurs HS 2010 Normalo, Normin',9),(10,'Portrait Normalo, Normin',10),(11,'Stilleben Normalo, Normin',11),(12,'Meine Ausstellungen Normalo, Normin',12),(13,'Meine Highlights 2012 Normalo, Normin',13),(14,'Dropbox Normalo, Normin',14),(15,'Diplomarbeit 2012 Normalo, Normin',15),(16,'Präsentation Normalo, Normin',16),(17,'Ausstellungen Normalo, Normin',17),(18,'Ausstellung Photo 1 Normalo, Normin',18),(19,'Ausstellung Photo 2 Normalo, Normin',19),(20,'Ausstellung Photo 3 Normalo, Normin',20),(21,'Ausstellung Photo 4 Normalo, Normin',21),(22,'Ausstellung ZHdK Normalo, Normin',22),(23,'Ausstellung Museum Zürich Normalo, Normin',23),(24,'Ausstellung Photo 5 Normalo, Normin',24),(25,'Ausstellung Gallerie Limatquai Normalo, Normin',25),(26,'Konzepte Normalo, Normin',26),(27,'Erster Entwurf Normalo, Normin',27),(28,'Zweiter Entwurf Normalo, Normin',28),(29,'Schweizer Panorama Landschaft, Liselotte',29),(30,'Deutsches Panorama Landschaft, Liselotte',30),(31,'Chinese Temple Landschaft, Liselotte',31);
/*!40000 ALTER TABLE `full_texts` ENABLE KEYS */;
UNLOCK TABLES;

--
-- Table structure for table `grouppermissions`
--

DROP TABLE IF EXISTS `grouppermissions`;
/*!40101 SET @saved_cs_client     = @@character_set_client */;
/*!40101 SET character_set_client = utf8 */;
CREATE TABLE `grouppermissions` (
  `id` int(11) NOT NULL AUTO_INCREMENT,
  `media_resource_id` int(11) NOT NULL,
  `group_id` int(11) NOT NULL,
  `download` tinyint(1) NOT NULL DEFAULT '0',
  `view` tinyint(1) NOT NULL DEFAULT '0',
  `edit` tinyint(1) NOT NULL DEFAULT '0',
  `manage` tinyint(1) NOT NULL DEFAULT '0',
  PRIMARY KEY (`id`),
  UNIQUE KEY `index_grouppermissions_on_group_id_and_media_resource_id` (`group_id`,`media_resource_id`),
  KEY `index_grouppermissions_on_group_id` (`group_id`),
  KEY `index_grouppermissions_on_media_resource_id` (`media_resource_id`),
  CONSTRAINT `grouppermissions_group_id_groups_fkey` FOREIGN KEY (`group_id`) REFERENCES `groups` (`id`) ON DELETE CASCADE,
  CONSTRAINT `grouppermissions_media_resource_id_media_resources_fkey` FOREIGN KEY (`media_resource_id`) REFERENCES `media_resources` (`id`) ON DELETE CASCADE
) ENGINE=InnoDB AUTO_INCREMENT=6 DEFAULT CHARSET=utf8 COLLATE=utf8_unicode_ci;
/*!40101 SET character_set_client = @saved_cs_client */;

--
-- Dumping data for table `grouppermissions`
--

LOCK TABLES `grouppermissions` WRITE;
/*!40000 ALTER TABLE `grouppermissions` DISABLE KEYS */;
INSERT INTO `grouppermissions` VALUES (1,2,3,0,1,0,0),(2,4,4,1,1,0,0),(3,13,3,0,1,0,0),(4,15,4,0,1,0,0),(5,15,3,0,1,0,0);
/*!40000 ALTER TABLE `grouppermissions` ENABLE KEYS */;
UNLOCK TABLES;

--
-- Table structure for table `groups`
--

DROP TABLE IF EXISTS `groups`;
/*!40101 SET @saved_cs_client     = @@character_set_client */;
/*!40101 SET character_set_client = utf8 */;
CREATE TABLE `groups` (
  `id` int(11) NOT NULL AUTO_INCREMENT,
  `name` varchar(255) COLLATE utf8_unicode_ci DEFAULT NULL,
  `ldap_id` varchar(255) COLLATE utf8_unicode_ci DEFAULT NULL,
  `ldap_name` varchar(255) COLLATE utf8_unicode_ci DEFAULT NULL,
  `type` varchar(255) COLLATE utf8_unicode_ci NOT NULL DEFAULT 'Group',
  PRIMARY KEY (`id`),
  KEY `index_groups_on_ldap_id` (`ldap_id`),
  KEY `index_groups_on_ldap_name` (`ldap_name`),
  KEY `index_groups_on_type` (`type`)
) ENGINE=InnoDB AUTO_INCREMENT=8 DEFAULT CHARSET=utf8 COLLATE=utf8_unicode_ci;
/*!40101 SET character_set_client = @saved_cs_client */;

--
-- Dumping data for table `groups`
--

LOCK TABLES `groups` WRITE;
/*!40000 ALTER TABLE `groups` DISABLE KEYS */;
INSERT INTO `groups` VALUES (1,'ZHdK (Zürcher Hochschule der Künste)',NULL,NULL,'Group'),(2,'Admin',NULL,NULL,'Group'),(3,'ZHdK',NULL,NULL,'Group'),(4,'Diplomarbeitsgruppe',NULL,NULL,'Group'),(5,'Expert',NULL,NULL,'Group'),(7,'MIZ-Archiv',NULL,NULL,'Group');
/*!40000 ALTER TABLE `groups` ENABLE KEYS */;
UNLOCK TABLES;

--
-- Table structure for table `groups_users`
--

DROP TABLE IF EXISTS `groups_users`;
/*!40101 SET @saved_cs_client     = @@character_set_client */;
/*!40101 SET character_set_client = utf8 */;
CREATE TABLE `groups_users` (
  `group_id` int(11) DEFAULT NULL,
  `user_id` int(11) DEFAULT NULL,
  UNIQUE KEY `index_groups_users_on_group_id_and_user_id` (`group_id`,`user_id`),
  KEY `index_groups_users_on_user_id` (`user_id`),
  CONSTRAINT `groups_users_group_id_groups_fkey` FOREIGN KEY (`group_id`) REFERENCES `groups` (`id`) ON DELETE CASCADE,
  CONSTRAINT `groups_users_user_id_users_fkey` FOREIGN KEY (`user_id`) REFERENCES `users` (`id`) ON DELETE CASCADE
) ENGINE=InnoDB DEFAULT CHARSET=utf8 COLLATE=utf8_unicode_ci;
/*!40101 SET character_set_client = @saved_cs_client */;

--
-- Dumping data for table `groups_users`
--

LOCK TABLES `groups_users` WRITE;
/*!40000 ALTER TABLE `groups_users` DISABLE KEYS */;
INSERT INTO `groups_users` VALUES (2,1),(3,2),(3,3),(3,5),(3,6),(4,2),(5,4);
/*!40000 ALTER TABLE `groups_users` ENABLE KEYS */;
UNLOCK TABLES;

--
-- Table structure for table `keywords`
--

DROP TABLE IF EXISTS `keywords`;
/*!40101 SET @saved_cs_client     = @@character_set_client */;
/*!40101 SET character_set_client = utf8 */;
CREATE TABLE `keywords` (
  `id` int(11) NOT NULL AUTO_INCREMENT,
  `meta_term_id` int(11) DEFAULT NULL,
  `user_id` int(11) DEFAULT NULL,
  `created_at` datetime DEFAULT NULL,
  PRIMARY KEY (`id`),
  KEY `index_keywords_on_term_id_and_user_id` (`meta_term_id`,`user_id`),
  KEY `index_keywords_on_user_id` (`user_id`),
  KEY `index_keywords_on_created_at` (`created_at`)
) ENGINE=InnoDB DEFAULT CHARSET=utf8 COLLATE=utf8_unicode_ci;
/*!40101 SET character_set_client = @saved_cs_client */;

--
-- Dumping data for table `keywords`
--

LOCK TABLES `keywords` WRITE;
/*!40000 ALTER TABLE `keywords` DISABLE KEYS */;
/*!40000 ALTER TABLE `keywords` ENABLE KEYS */;
UNLOCK TABLES;

--
-- Table structure for table `media_files`
--

DROP TABLE IF EXISTS `media_files`;
/*!40101 SET @saved_cs_client     = @@character_set_client */;
/*!40101 SET character_set_client = utf8 */;
CREATE TABLE `media_files` (
  `id` int(11) NOT NULL AUTO_INCREMENT,
  `guid` varchar(255) COLLATE utf8_unicode_ci DEFAULT NULL,
  `meta_data` text COLLATE utf8_unicode_ci,
  `content_type` varchar(255) COLLATE utf8_unicode_ci DEFAULT NULL,
  `filename` varchar(255) COLLATE utf8_unicode_ci DEFAULT NULL,
  `size` int(11) DEFAULT NULL,
  `height` int(11) DEFAULT NULL,
  `width` int(11) DEFAULT NULL,
  `job_id` varchar(255) COLLATE utf8_unicode_ci DEFAULT NULL,
  `created_at` datetime DEFAULT NULL,
  `updated_at` datetime DEFAULT NULL,
  `access_hash` text COLLATE utf8_unicode_ci,
  PRIMARY KEY (`id`)
) ENGINE=InnoDB AUTO_INCREMENT=17 DEFAULT CHARSET=utf8 COLLATE=utf8_unicode_ci;
/*!40101 SET character_set_client = @saved_cs_client */;

--
-- Dumping data for table `media_files`
--

LOCK TABLES `media_files` WRITE;
/*!40000 ALTER TABLE `media_files` DISABLE KEYS */;
INSERT INTO `media_files` VALUES (1,'83d62ab97f1946e6ae2797af0576e0ce','--- \nFile:BitsPerSample: 8\nFile:ColorComponents: 3\nFile:EncodingProcess: Baseline DCT, Huffman coding\nFile:FileType: JPEG\nFile:ImageHeight: 429\nFile:ImageWidth: 640\nFile:MIMEType: image/jpeg\nFile:YCbCrSubSampling: YCbCr4:4:4 (1 1)\nComposite:ImageSize: 640x429\nJFIF:JFIFVersion: 1.01\nJFIF:ResolutionUnit: inches\nJFIF:XResolution: 72\nJFIF:YResolution: 72\n','image/jpeg','berlin_wall_01.jpg',96330,429,640,NULL,'2012-04-20 12:04:17','2012-04-20 12:04:18','9f652d08-f3c6-4c67-aa46-eb40ca5b19ec'),(2,'3682e9a5212b49a7927a5e197c7bb4a9','--- \nFile:BitsPerSample: 8\nFile:ColorComponents: 3\nFile:EncodingProcess: Baseline DCT, Huffman coding\nFile:FileType: JPEG\nFile:ImageHeight: 429\nFile:ImageWidth: 640\nFile:MIMEType: image/jpeg\nFile:YCbCrSubSampling: YCbCr4:4:4 (1 1)\nComposite:ImageSize: 640x429\nJFIF:JFIFVersion: 1.01\nJFIF:ResolutionUnit: inches\nJFIF:XResolution: 72\nJFIF:YResolution: 72\n','image/jpeg','berlin_wall_01.jpg',96330,429,640,NULL,'2012-04-20 12:04:18','2012-04-20 12:04:18','e0ba8d3e-ea81-4595-a167-3f83207bc7ed'),(3,'27462e6b17274d20b46b6652c6178d18','--- \nFile:BitsPerSample: 8\nFile:ColorComponents: 3\nFile:EncodingProcess: Baseline DCT, Huffman coding\nFile:FileType: JPEG\nFile:ImageHeight: 429\nFile:ImageWidth: 640\nFile:MIMEType: image/jpeg\nFile:YCbCrSubSampling: YCbCr4:4:4 (1 1)\nComposite:ImageSize: 640x429\nJFIF:JFIFVersion: 1.01\nJFIF:ResolutionUnit: inches\nJFIF:XResolution: 72\nJFIF:YResolution: 72\n','image/jpeg','berlin_wall_01.jpg',96330,429,640,NULL,'2012-04-20 12:04:18','2012-04-20 12:04:19','f285c39f-abad-405f-9c9d-b3ecbf1322f0'),(4,'93df27ec55ae4c5aa394fe0d8161a35a','--- \nFile:BitsPerSample: 8\nFile:ColorComponents: 3\nFile:EncodingProcess: Baseline DCT, Huffman coding\nFile:FileType: JPEG\nFile:ImageHeight: 429\nFile:ImageWidth: 640\nFile:MIMEType: image/jpeg\nFile:YCbCrSubSampling: YCbCr4:4:4 (1 1)\nComposite:ImageSize: 640x429\nJFIF:JFIFVersion: 1.01\nJFIF:ResolutionUnit: inches\nJFIF:XResolution: 72\nJFIF:YResolution: 72\n','image/jpeg','berlin_wall_01.jpg',96330,429,640,NULL,'2012-04-20 12:04:19','2012-04-20 12:04:19','51607bd7-5595-465e-ae44-f7900ac12f47'),(5,'de929612d8f9403d97e4f88c30087dca','--- \nFile:BitsPerSample: 8\nFile:ColorComponents: 3\nFile:EncodingProcess: Baseline DCT, Huffman coding\nFile:FileType: JPEG\nFile:ImageHeight: 429\nFile:ImageWidth: 640\nFile:MIMEType: image/jpeg\nFile:YCbCrSubSampling: YCbCr4:4:4 (1 1)\nComposite:ImageSize: 640x429\nJFIF:JFIFVersion: 1.01\nJFIF:ResolutionUnit: inches\nJFIF:XResolution: 72\nJFIF:YResolution: 72\n','image/jpeg','berlin_wall_01.jpg',96330,429,640,NULL,'2012-04-20 12:04:19','2012-04-20 12:04:20','2df736d8-ba07-4c4f-b4a4-a51b9d8b3ebe'),(6,'797417767e0744cb86cd32ffe5f06dda','--- \nFile:BitsPerSample: 8\nFile:ColorComponents: 3\nFile:EncodingProcess: Baseline DCT, Huffman coding\nFile:FileType: JPEG\nFile:ImageHeight: 429\nFile:ImageWidth: 640\nFile:MIMEType: image/jpeg\nFile:YCbCrSubSampling: YCbCr4:4:4 (1 1)\nComposite:ImageSize: 640x429\nJFIF:JFIFVersion: 1.01\nJFIF:ResolutionUnit: inches\nJFIF:XResolution: 72\nJFIF:YResolution: 72\n','image/jpeg','berlin_wall_01.jpg',96330,429,640,NULL,'2012-04-20 12:04:20','2012-04-20 12:04:20','b3657715-db00-4ec1-ba80-66891ab35b1d'),(7,'d7eedd16bbcb4bccb38fec9d94a5edb3','--- \nFile:BitsPerSample: 8\nFile:ColorComponents: 3\nFile:EncodingProcess: Baseline DCT, Huffman coding\nFile:FileType: JPEG\nFile:ImageHeight: 429\nFile:ImageWidth: 640\nFile:MIMEType: image/jpeg\nFile:YCbCrSubSampling: YCbCr4:4:4 (1 1)\nComposite:ImageSize: 640x429\nJFIF:JFIFVersion: 1.01\nJFIF:ResolutionUnit: inches\nJFIF:XResolution: 72\nJFIF:YResolution: 72\n','image/jpeg','berlin_wall_01.jpg',96330,429,640,NULL,'2012-04-20 12:04:20','2012-04-20 12:04:21','ed220124-8e75-448a-aec0-9b4ed1200fe9'),(8,'91129f3af6ef4431bfa3691ae440ac56','--- \nFile:BitsPerSample: 8\nFile:ColorComponents: 3\nFile:EncodingProcess: Baseline DCT, Huffman coding\nFile:FileType: JPEG\nFile:ImageHeight: 429\nFile:ImageWidth: 640\nFile:MIMEType: image/jpeg\nFile:YCbCrSubSampling: YCbCr4:4:4 (1 1)\nComposite:ImageSize: 640x429\nJFIF:JFIFVersion: 1.01\nJFIF:ResolutionUnit: inches\nJFIF:XResolution: 72\nJFIF:YResolution: 72\n','image/jpeg','berlin_wall_01.jpg',96330,429,640,NULL,'2012-04-20 12:04:21','2012-04-20 12:04:21','c17de0aa-2db7-4880-9a59-eb23765610c3'),(9,'efa28250a9234a6e9a6c98215497212e','--- \nFile:BitsPerSample: 8\nFile:ColorComponents: 3\nFile:EncodingProcess: Baseline DCT, Huffman coding\nFile:FileType: JPEG\nFile:ImageHeight: 429\nFile:ImageWidth: 640\nFile:MIMEType: image/jpeg\nFile:YCbCrSubSampling: YCbCr4:4:4 (1 1)\nComposite:ImageSize: 640x429\nJFIF:JFIFVersion: 1.01\nJFIF:ResolutionUnit: inches\nJFIF:XResolution: 72\nJFIF:YResolution: 72\n','image/jpeg','berlin_wall_01.jpg',96330,429,640,NULL,'2012-04-20 12:04:21','2012-04-20 12:04:21','75bf464a-86b1-43d3-b50b-46a5f9994630'),(10,'9a1cb3d1b4cb41edaa402f753d318839','--- \nFile:BitsPerSample: 8\nFile:ColorComponents: 3\nFile:EncodingProcess: Baseline DCT, Huffman coding\nFile:FileType: JPEG\nFile:ImageHeight: 429\nFile:ImageWidth: 640\nFile:MIMEType: image/jpeg\nFile:YCbCrSubSampling: YCbCr4:4:4 (1 1)\nComposite:ImageSize: 640x429\nJFIF:JFIFVersion: 1.01\nJFIF:ResolutionUnit: inches\nJFIF:XResolution: 72\nJFIF:YResolution: 72\n','image/jpeg','berlin_wall_01.jpg',96330,429,640,NULL,'2012-04-20 12:04:21','2012-04-20 12:04:22','4e0ac22c-32f4-41ff-8c4f-5da45b6a139a'),(11,'00e09e95462e45ecb8f18b8f8b6af9c8','--- \nFile:BitsPerSample: 8\nFile:ColorComponents: 3\nFile:EncodingProcess: Baseline DCT, Huffman coding\nFile:FileType: JPEG\nFile:ImageHeight: 429\nFile:ImageWidth: 640\nFile:MIMEType: image/jpeg\nFile:YCbCrSubSampling: YCbCr4:4:4 (1 1)\nComposite:ImageSize: 640x429\nJFIF:JFIFVersion: 1.01\nJFIF:ResolutionUnit: inches\nJFIF:XResolution: 72\nJFIF:YResolution: 72\n','image/jpeg','berlin_wall_01.jpg',96330,429,640,NULL,'2012-04-20 12:04:22','2012-04-20 12:04:22','5e3589b1-a465-437b-9595-2fa2c7b57631'),(12,'e4f9eea907c1439badf8e60cf6491d23','--- \nFile:BitsPerSample: 8\nFile:ColorComponents: 3\nFile:EncodingProcess: Baseline DCT, Huffman coding\nFile:FileType: JPEG\nFile:ImageHeight: 429\nFile:ImageWidth: 640\nFile:MIMEType: image/jpeg\nFile:YCbCrSubSampling: YCbCr4:4:4 (1 1)\nComposite:ImageSize: 640x429\nJFIF:JFIFVersion: 1.01\nJFIF:ResolutionUnit: inches\nJFIF:XResolution: 72\nJFIF:YResolution: 72\n','image/jpeg','berlin_wall_01.jpg',96330,429,640,NULL,'2012-04-20 12:04:22','2012-04-20 12:04:23','7de0f60d-48b9-41e7-aaef-4c6c91e2b86c'),(13,'541786d3aee34e9c886c0d89468e15a3','--- \nFile:BitsPerSample: 8\nFile:ColorComponents: 3\nFile:EncodingProcess: Baseline DCT, Huffman coding\nFile:FileType: JPEG\nFile:ImageHeight: 429\nFile:ImageWidth: 640\nFile:MIMEType: image/jpeg\nFile:YCbCrSubSampling: YCbCr4:4:4 (1 1)\nComposite:ImageSize: 640x429\nJFIF:JFIFVersion: 1.01\nJFIF:ResolutionUnit: inches\nJFIF:XResolution: 72\nJFIF:YResolution: 72\n','image/jpeg','berlin_wall_01.jpg',96330,429,640,NULL,'2012-04-20 12:04:23','2012-04-20 12:04:23','599ab05a-fb38-40c2-a4f4-eb1b7dd37fcc'),(14,'c34ef180441d486397779528617c4d86','--- \nFile:BitsPerSample: 8\nFile:ColorComponents: 3\nFile:EncodingProcess: Baseline DCT, Huffman coding\nFile:FileType: JPEG\nFile:ImageHeight: 429\nFile:ImageWidth: 640\nFile:MIMEType: image/jpeg\nFile:YCbCrSubSampling: YCbCr4:4:4 (1 1)\nComposite:ImageSize: 640x429\nJFIF:JFIFVersion: 1.01\nJFIF:ResolutionUnit: inches\nJFIF:XResolution: 72\nJFIF:YResolution: 72\n','image/jpeg','berlin_wall_01.jpg',96330,429,640,NULL,'2012-04-20 12:04:23','2012-04-20 12:04:24','7f087415-a888-4674-a127-23644f475d32'),(15,'7006f71d28934c83b16192787d6066a7','--- \nFile:BitsPerSample: 8\nFile:ColorComponents: 3\nFile:EncodingProcess: Baseline DCT, Huffman coding\nFile:FileType: JPEG\nFile:ImageHeight: 429\nFile:ImageWidth: 640\nFile:MIMEType: image/jpeg\nFile:YCbCrSubSampling: YCbCr4:4:4 (1 1)\nComposite:ImageSize: 640x429\nJFIF:JFIFVersion: 1.01\nJFIF:ResolutionUnit: inches\nJFIF:XResolution: 72\nJFIF:YResolution: 72\n','image/jpeg','berlin_wall_01.jpg',96330,429,640,NULL,'2012-04-20 12:04:24','2012-04-20 12:04:24','24933ff8-aa5f-4f63-b826-256c667db252'),(16,'d023b834979043b68400f2ce9f9529c0','--- \nFile:BitsPerSample: 8\nFile:ColorComponents: 3\nFile:EncodingProcess: Baseline DCT, Huffman coding\nFile:ExifByteOrder: Little-endian (Intel, II)\nFile:FileType: JPEG\nFile:ImageHeight: 375\nFile:ImageWidth: 500\nFile:MIMEType: image/jpeg\nFile:YCbCrSubSampling: YCbCr4:4:4 (1 1)\nComposite:Aperture: 4.5\nComposite:CircleOfConfusion: 0.020 mm\nComposite:FOV: 54.4 deg\nComposite:FocalLength35efl: \"23.3 mm (35 mm equivalent: 35.0 mm)\"\nComposite:GPSDateTime: 2003:11:23 18:07:37Z\nComposite:GPSLatitude: 39.915556 N\nComposite:GPSLongitude: 116.390833 E\nComposite:GPSPosition: 39.915556 N, 116.390833 E\nComposite:HyperfocalDistance: 6.04 m\nComposite:ImageSize: 500x375\nComposite:ScaleFactor35efl: 1.5\nComposite:ShutterSpeed: 1/125\nComposite:SubSecCreateDate: 2003:11:23 18:07:37.63\nComposite:SubSecDateTimeOriginal: 2003:11:23 18:07:37.63\nComposite:SubSecModifyDate: 2005:07:02 10:38:28.63\nComposite:ThumbnailImage: (Binary data 4034 bytes)\nExifIFD:CFAPattern: \"[Green,Blue][Red,Green]\"\nExifIFD:ColorSpace: Uncalibrated\nExifIFD:CompressedBitsPerPixel: 4\nExifIFD:Contrast: Low\nExifIFD:CreateDate: 2003:11:23 18:07:37\nExifIFD:CustomRendered: Normal\nExifIFD:DateTimeOriginal: 2003:11:23 18:07:37\nExifIFD:DigitalZoomRatio: 1\nExifIFD:ExifImageHeight: 375\nExifIFD:ExifImageWidth: 500\nExifIFD:ExifVersion: \"0220\"\nExifIFD:ExposureCompensation: 0\nExifIFD:ExposureMode: Auto\nExifIFD:ExposureProgram: Aperture-priority AE\nExifIFD:ExposureTime: 1/125\nExifIFD:FNumber: 4.5\nExifIFD:FileSource: Digital Camera\nExifIFD:Flash: No Flash\nExifIFD:FlashpixVersion: \"0100\"\nExifIFD:FocalLength: 23.3 mm\nExifIFD:FocalLengthIn35mmFormat: 35 mm\nExifIFD:GainControl: Low gain up\nExifIFD:LightSource: Unknown\nExifIFD:MaxApertureValue: 2.8\nExifIFD:MeteringMode: Spot\nExifIFD:RelatedSoundFile: \"            \"\nExifIFD:Saturation: Normal\nExifIFD:SceneCaptureType: Standard\nExifIFD:SceneType: Directly photographed\nExifIFD:SensingMethod: One-chip color area\nExifIFD:Sharpness: Normal\nExifIFD:SubSecTime: 63\nExifIFD:SubSecTimeDigitized: 63\nExifIFD:SubSecTimeOriginal: 63\nExifIFD:SubjectDistanceRange: Unknown\nExifIFD:WhiteBalance: Auto\nIFD0:Make: NIKON CORPORATION\nIFD0:Model: NIKON D2H\nIFD0:ModifyDate: 2005:07:02 10:38:28\nIFD0:Orientation: Horizontal (normal)\nIFD0:ResolutionUnit: inches\nIFD0:Software: Opanda PowerExif\nIFD0:XResolution: 256\nIFD0:YResolution: 256\nIFD1:Compression: JPEG (old-style)\nIFD1:ResolutionUnit: inches\nIFD1:ThumbnailLength: 4034\nIFD1:ThumbnailOffset: 1118\nIFD1:XResolution: 72\nIFD1:YResolution: 72\nXMP-xmpMM:DocumentID: adobe:docid:photoshop:48361733-eaa2-11d9-a6e9-a8189497d9c2\nPhotoshop:CopyrightFlag: false\nPhotoshop:DisplayedUnitsX: inches\nPhotoshop:DisplayedUnitsY: inches\nPhotoshop:GlobalAltitude: 30\nPhotoshop:GlobalAngle: 30\nPhotoshop:GridGuidesInfo: !binary |\n  AAAAAQAAAkAAAAJAAAAAAA==\n\nPhotoshop:ICC_Untagged: !binary |\n  AQ==\n\nPhotoshop:IDsBaseValue: !binary |\n  AAAAAQ==\n\nPhotoshop:IPTCDigest: \"00000000000000000000000000000000\"\nPhotoshop:PhotoshopFormat: Standard\nPhotoshop:PhotoshopQuality: 8\nPhotoshop:PhotoshopThumbnail: (Binary data 4782 bytes)\nPhotoshop:PrintFlags: !binary |\n  AAAAAAAAAAAB\n\nPhotoshop:PrintFlagsInfo: !binary |\n  AAEAAAAAAAAAAg==\n\nPhotoshop:ProgressiveScans: 3 Scans\nPhotoshop:URL_List: !binary |\n  AAAAAA==\n\nPhotoshop:VersionInfo: !binary |\n  AAAAAQEAAAAPAEEAZABvAGIAZQAgAFAAaABvAHQAbwBzAGgAbwBwAAAAEwBB\n  AGQAbwBiAGUAIABQAGgAbwB0AG8AcwBoAG8AcAAgADcALgAwAAAAAQ==\n\nPhotoshop:XResolution: 256\nPhotoshop:YResolution: 256\nJFIF:JFIFVersion: 1.02\nJFIF:ResolutionUnit: inches\nJFIF:XResolution: 256\nJFIF:YResolution: 256\nGPS:GPSDateStamp: \"2003:11:23\"\nGPS:GPSLatitude: 39.915556\nGPS:GPSLatitudeRef: North\nGPS:GPSLongitude: 116.390833\nGPS:GPSLongitudeRef: East\nGPS:GPSTimeStamp: \"18:07:37\"\nGPS:GPSVersionID: 2.2.0.0\n','image/jpeg','gg_gps.jpg',80603,375,500,NULL,'2012-04-20 12:04:24','2012-04-20 12:04:25','c7132511-745e-44c3-9b4e-5e91987e629d');
/*!40000 ALTER TABLE `media_files` ENABLE KEYS */;
UNLOCK TABLES;

--
-- Table structure for table `media_resource_arcs`
--

DROP TABLE IF EXISTS `media_resource_arcs`;
/*!40101 SET @saved_cs_client     = @@character_set_client */;
/*!40101 SET character_set_client = utf8 */;
CREATE TABLE `media_resource_arcs` (
  `id` int(11) NOT NULL AUTO_INCREMENT,
  `parent_id` int(11) NOT NULL,
  `child_id` int(11) NOT NULL,
  `highlight` tinyint(1) DEFAULT '0',
  PRIMARY KEY (`id`),
  UNIQUE KEY `index_media_set_arcs_on_parent_id_and_child_id` (`parent_id`,`child_id`),
  KEY `index_media_set_arcs_on_parent_id` (`parent_id`),
  KEY `index_media_set_arcs_on_child_id` (`child_id`),
  CONSTRAINT `media_set_arcs_child_id_media_resources_fkey` FOREIGN KEY (`child_id`) REFERENCES `media_resources` (`id`) ON DELETE CASCADE,
  CONSTRAINT `media_set_arcs_parent_id_media_resources_fkey` FOREIGN KEY (`parent_id`) REFERENCES `media_resources` (`id`) ON DELETE CASCADE
) ENGINE=InnoDB AUTO_INCREMENT=42 DEFAULT CHARSET=utf8 COLLATE=utf8_unicode_ci;
/*!40101 SET character_set_client = @saved_cs_client */;

--
-- Dumping data for table `media_resource_arcs`
--

LOCK TABLES `media_resource_arcs` WRITE;
/*!40000 ALTER TABLE `media_resource_arcs` DISABLE KEYS */;
INSERT INTO `media_resource_arcs` VALUES (1,1,3,0),(2,2,3,0),(3,15,17,0),(4,13,17,0),(5,12,17,0),(6,14,17,0),(7,17,22,0),(8,17,23,0),(9,17,25,0),(10,15,26,0),(11,1,29,0),(13,1,30,0),(15,2,30,0),(17,4,7,0),(19,4,8,0),(21,5,6,0),(23,9,10,0),(25,9,11,0),(27,15,16,0),(29,17,18,0),(31,17,19,0),(33,17,20,0),(35,17,21,0),(37,17,24,0),(39,26,27,0),(41,26,28,0);
/*!40000 ALTER TABLE `media_resource_arcs` ENABLE KEYS */;
UNLOCK TABLES;

--
-- Table structure for table `media_resources`
--

DROP TABLE IF EXISTS `media_resources`;
/*!40101 SET @saved_cs_client     = @@character_set_client */;
/*!40101 SET character_set_client = utf8 */;
CREATE TABLE `media_resources` (
  `id` int(11) NOT NULL AUTO_INCREMENT,
  `type` varchar(255) COLLATE utf8_unicode_ci DEFAULT NULL,
  `user_id` int(11) DEFAULT NULL,
  `media_file_id` int(11) DEFAULT NULL,
  `media_entry_id` int(11) DEFAULT NULL,
  `created_at` datetime DEFAULT NULL,
  `updated_at` datetime DEFAULT NULL,
  `download` tinyint(1) NOT NULL DEFAULT '0',
  `view` tinyint(1) NOT NULL DEFAULT '0',
  `edit` tinyint(1) NOT NULL DEFAULT '0',
  `manage` tinyint(1) NOT NULL DEFAULT '0',
  PRIMARY KEY (`id`),
  KEY `index_media_resources_on_type` (`type`),
  KEY `index_media_resources_on_user_id` (`user_id`),
  KEY `index_media_resources_on_media_file_id` (`media_file_id`),
  KEY `index_media_resources_on_updated_at` (`updated_at`),
  KEY `index_media_resources_on_media_entry_id_and_created_at` (`media_entry_id`,`created_at`)
) ENGINE=InnoDB AUTO_INCREMENT=32 DEFAULT CHARSET=utf8 COLLATE=utf8_unicode_ci;
/*!40101 SET character_set_client = @saved_cs_client */;

--
-- Dumping data for table `media_resources`
--

LOCK TABLES `media_resources` WRITE;
/*!40000 ALTER TABLE `media_resources` DISABLE KEYS */;
INSERT INTO `media_resources` VALUES (1,'MediaSet',1,NULL,NULL,'2012-04-20 12:04:17','2012-04-20 12:04:17',0,1,0,0),(2,'MediaSet',1,NULL,NULL,'2012-04-20 12:04:17','2012-04-20 12:04:17',0,0,0,0),(3,'MediaSet',1,NULL,NULL,'2012-04-20 12:04:17','2012-04-20 12:04:17',0,0,0,0),(4,'MediaSet',2,NULL,NULL,'2012-04-20 12:04:17','2012-04-20 12:04:17',0,0,0,0),(5,'MediaSet',3,NULL,NULL,'2012-04-20 12:04:17','2012-04-20 12:04:17',0,0,0,0),(6,'MediaEntry',3,1,NULL,'2012-04-20 12:04:18','2012-04-20 12:04:18',0,1,0,0),(7,'MediaEntry',2,2,NULL,'2012-04-20 12:04:18','2012-04-20 12:04:18',0,0,0,0),(8,'MediaEntry',2,3,NULL,'2012-04-20 12:04:19','2012-04-20 12:04:19',0,0,0,0),(9,'MediaSet',2,NULL,NULL,'2012-04-20 12:04:19','2012-04-20 12:04:19',0,1,0,0),(10,'MediaEntry',2,4,NULL,'2012-04-20 12:04:19','2012-04-20 12:04:19',0,0,0,0),(11,'MediaEntry',2,5,NULL,'2012-04-20 12:04:20','2012-04-20 12:04:20',0,0,0,0),(12,'MediaSet',2,NULL,NULL,'2012-04-20 12:04:20','2012-04-20 12:04:20',0,0,0,0),(13,'MediaSet',2,NULL,NULL,'2012-04-20 12:04:20','2012-04-20 12:04:20',0,0,0,0),(14,'MediaSet',2,NULL,NULL,'2012-04-20 12:04:20','2012-04-20 12:04:20',0,0,0,0),(15,'MediaSet',2,NULL,NULL,'2012-04-20 12:04:20','2012-04-20 12:04:20',0,0,0,0),(16,'MediaEntry',2,6,NULL,'2012-04-20 12:04:20','2012-04-20 12:04:20',0,1,0,0),(17,'MediaSet',2,NULL,NULL,'2012-04-20 12:04:20','2012-04-20 12:04:20',0,0,0,0),(18,'MediaEntry',2,7,NULL,'2012-04-20 12:04:21','2012-04-20 12:04:21',0,0,0,0),(19,'MediaEntry',2,8,NULL,'2012-04-20 12:04:21','2012-04-20 12:04:21',0,0,0,0),(20,'MediaEntry',2,9,NULL,'2012-04-20 12:04:21','2012-04-20 12:04:21',0,0,0,0),(21,'MediaEntry',2,10,NULL,'2012-04-20 12:04:22','2012-04-20 12:04:22',0,0,0,0),(22,'MediaSet',2,NULL,NULL,'2012-04-20 12:04:22','2012-04-20 12:04:22',0,0,0,0),(23,'MediaSet',2,NULL,NULL,'2012-04-20 12:04:22','2012-04-20 12:04:22',0,0,0,0),(24,'MediaEntry',2,11,NULL,'2012-04-20 12:04:22','2012-04-20 12:04:22',0,0,0,0),(25,'MediaSet',2,NULL,NULL,'2012-04-20 12:04:22','2012-04-20 12:04:22',0,0,0,0),(26,'MediaSet',2,NULL,NULL,'2012-04-20 12:04:22','2012-04-20 12:04:22',0,0,0,0),(27,'MediaEntry',2,12,NULL,'2012-04-20 12:04:23','2012-04-20 12:04:23',0,0,0,0),(28,'MediaEntry',2,13,NULL,'2012-04-20 12:04:23','2012-04-20 12:04:23',0,0,0,0),(29,'MediaEntry',6,14,NULL,'2012-04-20 12:04:24','2012-04-20 12:04:24',0,0,0,0),(30,'MediaEntry',6,15,NULL,'2012-04-20 12:04:24','2012-04-20 12:04:24',0,0,0,0),(31,'MediaEntry',6,16,NULL,'2012-04-20 12:04:25','2012-04-20 12:04:25',0,0,0,0);
/*!40000 ALTER TABLE `media_resources` ENABLE KEYS */;
UNLOCK TABLES;

--
-- Table structure for table `media_sets_meta_contexts`
--

DROP TABLE IF EXISTS `media_sets_meta_contexts`;
/*!40101 SET @saved_cs_client     = @@character_set_client */;
/*!40101 SET character_set_client = utf8 */;
CREATE TABLE `media_sets_meta_contexts` (
  `media_set_id` int(11) DEFAULT NULL,
  `meta_context_id` int(11) DEFAULT NULL,
  UNIQUE KEY `index_on_projects_and_contexts` (`media_set_id`,`meta_context_id`),
  CONSTRAINT `media_sets_meta_contexts_media_set_id_media_resources_fkey` FOREIGN KEY (`media_set_id`) REFERENCES `media_resources` (`id`) ON DELETE CASCADE
) ENGINE=InnoDB DEFAULT CHARSET=utf8 COLLATE=utf8_unicode_ci;
/*!40101 SET character_set_client = @saved_cs_client */;

--
-- Dumping data for table `media_sets_meta_contexts`
--

LOCK TABLES `media_sets_meta_contexts` WRITE;
/*!40000 ALTER TABLE `media_sets_meta_contexts` DISABLE KEYS */;
INSERT INTO `media_sets_meta_contexts` VALUES (1,15),(2,25),(3,32);
/*!40000 ALTER TABLE `media_sets_meta_contexts` ENABLE KEYS */;
UNLOCK TABLES;

--
-- Table structure for table `meta_context_groups`
--

DROP TABLE IF EXISTS `meta_context_groups`;
/*!40101 SET @saved_cs_client     = @@character_set_client */;
/*!40101 SET character_set_client = utf8 */;
CREATE TABLE `meta_context_groups` (
  `id` int(11) NOT NULL AUTO_INCREMENT,
  `name` varchar(255) COLLATE utf8_unicode_ci DEFAULT NULL,
  `position` int(11) NOT NULL DEFAULT '0',
  PRIMARY KEY (`id`),
  UNIQUE KEY `index_meta_context_groups_on_name` (`name`),
  KEY `index_meta_context_groups_on_position` (`position`)
) ENGINE=InnoDB AUTO_INCREMENT=4 DEFAULT CHARSET=utf8 COLLATE=utf8_unicode_ci;
/*!40101 SET character_set_client = @saved_cs_client */;

--
-- Dumping data for table `meta_context_groups`
--

LOCK TABLES `meta_context_groups` WRITE;
/*!40000 ALTER TABLE `meta_context_groups` DISABLE KEYS */;
INSERT INTO `meta_context_groups` VALUES (1,'Metadaten',0),(3,'Kontexte',0);
/*!40000 ALTER TABLE `meta_context_groups` ENABLE KEYS */;
UNLOCK TABLES;

--
-- Table structure for table `meta_contexts`
--

DROP TABLE IF EXISTS `meta_contexts`;
/*!40101 SET @saved_cs_client     = @@character_set_client */;
/*!40101 SET character_set_client = utf8 */;
CREATE TABLE `meta_contexts` (
  `id` int(11) NOT NULL AUTO_INCREMENT,
  `is_user_interface` tinyint(1) DEFAULT '0',
  `name` varchar(255) COLLATE utf8_unicode_ci DEFAULT NULL,
  `label_id` int(11) NOT NULL,
  `description_id` int(11) DEFAULT NULL,
  `meta_context_group_id` int(11) DEFAULT NULL,
  `position` int(11) DEFAULT NULL,
  PRIMARY KEY (`id`),
  UNIQUE KEY `index_meta_contexts_on_name` (`name`),
  KEY `meta_contexts_label_id_meta_terms_fkey` (`label_id`),
  KEY `meta_contexts_description_id_meta_terms_fkey` (`description_id`),
  KEY `meta_contexts_meta_context_group_id_meta_context_groups_fkey` (`meta_context_group_id`),
  KEY `index_meta_contexts_on_position` (`position`),
  CONSTRAINT `meta_contexts_description_id_meta_terms_fkey` FOREIGN KEY (`description_id`) REFERENCES `meta_terms` (`id`),
  CONSTRAINT `meta_contexts_label_id_meta_terms_fkey` FOREIGN KEY (`label_id`) REFERENCES `meta_terms` (`id`),
  CONSTRAINT `meta_contexts_meta_context_group_id_meta_context_groups_fkey` FOREIGN KEY (`meta_context_group_id`) REFERENCES `meta_context_groups` (`id`)
) ENGINE=InnoDB AUTO_INCREMENT=33 DEFAULT CHARSET=utf8 COLLATE=utf8_unicode_ci;
/*!40101 SET character_set_client = @saved_cs_client */;

--
-- Dumping data for table `meta_contexts`
--

LOCK TABLES `meta_contexts` WRITE;
/*!40000 ALTER TABLE `meta_contexts` DISABLE KEYS */;
INSERT INTO `meta_contexts` VALUES (1,1,'core',284,NULL,NULL,NULL),(2,0,'tms',292,NULL,NULL,NULL),(3,0,'io_interface',286,NULL,NULL,NULL),(4,1,'media_content',293,NULL,1,1),(5,1,'media_object',294,NULL,1,2),(6,1,'media_set',299,NULL,NULL,NULL),(7,1,'copyright',298,NULL,1,3),(8,1,'upload',290,NULL,NULL,NULL),(9,1,'zhdk_bereich',297,NULL,1,4),(11,1,'Projekte ZHdK',919,NULL,NULL,NULL),(15,1,'Landschaftsvisualisierung',977,2263,3,1),(17,1,'SupplyLines',1471,1473,3,2),(19,1,'Columns',1491,NULL,3,3),(21,1,'archhist',1631,NULL,3,4),(23,1,'VFO',1809,NULL,3,5),(25,1,'Zett',2025,NULL,3,6),(27,1,'Toni',2233,NULL,3,7),(29,1,'Forschung ZHdK',3371,NULL,3,8),(31,1,'Performance-Artefakte',3837,NULL,3,9),(32,1,'Games',4558,NULL,NULL,NULL);
/*!40000 ALTER TABLE `meta_contexts` ENABLE KEYS */;
UNLOCK TABLES;

--
-- Table structure for table `meta_data`
--

DROP TABLE IF EXISTS `meta_data`;
/*!40101 SET @saved_cs_client     = @@character_set_client */;
/*!40101 SET character_set_client = utf8 */;
CREATE TABLE `meta_data` (
  `id` int(11) NOT NULL AUTO_INCREMENT,
  `meta_key_id` int(11) DEFAULT NULL,
  `value` text COLLATE utf8_unicode_ci,
  `media_resource_id` int(11) DEFAULT NULL,
  PRIMARY KEY (`id`),
  KEY `index_meta_data_on_meta_key_id` (`meta_key_id`),
  KEY `index_meta_data_on_media_resource_id_and_meta_key_id` (`media_resource_id`,`meta_key_id`),
  CONSTRAINT `meta_data_media_resource_id_media_resources_fkey` FOREIGN KEY (`media_resource_id`) REFERENCES `media_resources` (`id`) ON DELETE CASCADE
) ENGINE=InnoDB AUTO_INCREMENT=32 DEFAULT CHARSET=utf8 COLLATE=utf8_unicode_ci;
/*!40101 SET character_set_client = @saved_cs_client */;

--
-- Dumping data for table `meta_data`
--

LOCK TABLES `meta_data` WRITE;
/*!40000 ALTER TABLE `meta_data` DISABLE KEYS */;
INSERT INTO `meta_data` VALUES (1,3,'--- Landschaften\n',1),(2,3,'--- Zett\n',2),(3,3,'--- \"Zett \\xC3\\xBCber Landschaften\"\n',3),(4,3,'--- Abgabe zum Kurs Product Design\n',4),(5,3,'--- Mein Test Set\n',5),(6,3,'--- Mein Erstes Photo (mit der neuen Nikon)\n',6),(7,3,'--- Abgabe\n',7),(8,3,'--- Konzepte\n',8),(9,3,'--- Fotografie Kurs HS 2010\n',9),(10,3,'--- Portrait\n',10),(11,3,'--- Stilleben\n',11),(12,3,'--- Meine Ausstellungen\n',12),(13,3,'--- Meine Highlights 2012\n',13),(14,3,'--- Dropbox\n',14),(15,3,'--- Diplomarbeit 2012\n',15),(16,3,'--- \"Pr\\xC3\\xA4sentation\"\n',16),(17,3,'--- Ausstellungen\n',17),(18,3,'--- Ausstellung Photo 1\n',18),(19,3,'--- Ausstellung Photo 2\n',19),(20,3,'--- Ausstellung Photo 3\n',20),(21,3,'--- Ausstellung Photo 4\n',21),(22,3,'--- Ausstellung ZHdK\n',22),(23,3,'--- \"Ausstellung Museum Z\\xC3\\xBCrich\"\n',23),(24,3,'--- Ausstellung Photo 5\n',24),(25,3,'--- Ausstellung Gallerie Limatquai\n',25),(26,3,'--- Konzepte\n',26),(27,3,'--- Erster Entwurf\n',27),(28,3,'--- Zweiter Entwurf\n',28),(29,3,'--- Schweizer Panorama\n',29),(30,3,'--- Deutsches Panorama\n',30),(31,3,'--- Chinese Temple\n',31);
/*!40000 ALTER TABLE `meta_data` ENABLE KEYS */;
UNLOCK TABLES;

--
-- Table structure for table `meta_key_definitions`
--

DROP TABLE IF EXISTS `meta_key_definitions`;
/*!40101 SET @saved_cs_client     = @@character_set_client */;
/*!40101 SET character_set_client = utf8 */;
CREATE TABLE `meta_key_definitions` (
  `id` int(11) NOT NULL AUTO_INCREMENT,
  `meta_context_id` int(11) DEFAULT NULL,
  `meta_key_id` int(11) DEFAULT NULL,
  `position` int(11) NOT NULL,
  `key_map` varchar(255) COLLATE utf8_unicode_ci DEFAULT NULL,
  `key_map_type` varchar(255) COLLATE utf8_unicode_ci DEFAULT NULL,
  `created_at` datetime DEFAULT NULL,
  `updated_at` datetime DEFAULT NULL,
  `label_id` int(11) DEFAULT NULL,
  `description_id` int(11) DEFAULT NULL,
  `hint_id` int(11) DEFAULT NULL,
  `settings` text COLLATE utf8_unicode_ci,
  PRIMARY KEY (`id`),
  UNIQUE KEY `index_meta_key_definitions_on_meta_context_id_and_position` (`meta_context_id`,`position`),
  KEY `index_meta_key_definitions_on_meta_key_id` (`meta_key_id`),
  KEY `meta_key_definitions_label_id_meta_terms_fkey` (`label_id`),
  KEY `meta_key_definitions_description_id_meta_terms_fkey` (`description_id`),
  KEY `meta_key_definitions_hint_id_meta_terms_fkey` (`hint_id`),
  CONSTRAINT `meta_key_definitions_description_id_meta_terms_fkey` FOREIGN KEY (`description_id`) REFERENCES `meta_terms` (`id`),
  CONSTRAINT `meta_key_definitions_hint_id_meta_terms_fkey` FOREIGN KEY (`hint_id`) REFERENCES `meta_terms` (`id`),
  CONSTRAINT `meta_key_definitions_label_id_meta_terms_fkey` FOREIGN KEY (`label_id`) REFERENCES `meta_terms` (`id`)
) ENGINE=InnoDB AUTO_INCREMENT=820 DEFAULT CHARSET=utf8 COLLATE=utf8_unicode_ci;
/*!40101 SET character_set_client = @saved_cs_client */;

--
-- Dumping data for table `meta_key_definitions`
--

LOCK TABLES `meta_key_definitions` WRITE;
/*!40000 ALTER TABLE `meta_key_definitions` DISABLE KEYS */;
INSERT INTO `meta_key_definitions` VALUES (1,1,3,1,NULL,NULL,'2012-04-20 12:01:52','2012-04-20 12:01:52',1,276,NULL,'--- {}\n\n'),(3,1,8,3,NULL,NULL,'2012-04-20 12:01:52','2012-04-20 12:01:52',274,275,NULL,'--- \n:length_max: 255\n'),(4,1,9,4,NULL,NULL,'2012-04-20 12:01:52','2012-04-20 12:01:52',7,278,NULL,'--- {}\n\n'),(5,1,52,5,NULL,NULL,'2012-04-20 12:01:52','2012-04-20 12:01:52',1431,279,NULL,'--- {}\n\n'),(8,2,67,32,'objects.objectnumber',NULL,'2012-04-20 12:01:52','2012-04-20 12:01:52',304,NULL,13,'--- {}\n\n'),(9,2,68,33,'objects.objectname',NULL,'2012-04-20 12:01:52','2012-04-20 12:01:52',304,NULL,14,'--- {}\n\n'),(10,2,3,1,'objtitles.title titletypID=1',NULL,'2012-04-20 12:01:52','2012-04-20 12:01:52',1,NULL,1,'--- {}\n\n'),(11,2,4,2,'objtitles.title titletypID=6',NULL,'2012-04-20 12:01:52','2012-04-20 12:01:52',16,NULL,196,'--- {}\n\n'),(12,2,25,8,'objects.chat',NULL,'2012-04-20 12:01:52','2012-04-20 12:01:52',18,NULL,2645,'--- {}\n\n'),(14,2,28,9,'objects.notes',NULL,'2012-04-20 12:01:52','2012-04-20 12:01:52',21,NULL,212,'--- {}\n\n'),(15,2,8,5,'objects.dated',NULL,'2012-04-20 12:01:52','2012-04-20 12:01:52',254,NULL,311,'--- \n:length_max: 255\n'),(17,2,52,25,'objects.copyright typ=creditlinerepro',NULL,'2012-04-20 12:01:52','2012-04-20 12:01:52',25,NULL,2653,'--- {}\n\n'),(18,2,57,30,'objects.dimensions',NULL,'2012-04-20 12:01:52','2012-04-20 12:01:52',108,NULL,244,'--- {}\n\n'),(19,2,58,31,'objects.medium',NULL,'2012-04-20 12:01:52','2012-04-20 12:01:52',332,NULL,333,'--- {}\n\n'),(20,3,5,1,'XMP-madek:Author',NULL,'2012-04-20 12:01:52','2012-04-20 12:01:52',NULL,NULL,NULL,'--- \n:is_required: true\n'),(21,3,6,2,'XMP-madek:AdditionalAuthors','Array','2012-04-20 12:01:52','2012-04-20 12:01:52',NULL,NULL,NULL,'--- \n:is_required: false\n'),(22,3,52,3,'XMP-dc:Rights',NULL,'2012-04-20 12:01:52','2012-04-20 12:01:52',NULL,NULL,NULL,'--- \n:is_required: true\n'),(23,3,53,4,'XMP-xmpRights:Marked',NULL,'2012-04-20 12:01:52','2012-04-20 12:01:52',NULL,NULL,NULL,'--- \n:is_required: false\n'),(24,3,54,5,'XMP-xmpRights:UsageTerms',NULL,'2012-04-20 12:01:52','2012-04-20 12:01:52',NULL,NULL,NULL,'--- \n:is_required: false\n'),(25,3,55,6,'XMP-xmpRights:WebStatement',NULL,'2012-04-20 12:01:52','2012-04-20 12:01:52',NULL,NULL,NULL,'--- \n:is_required: false\n'),(26,3,62,7,'XMP-photoshop:CaptionWriter',NULL,'2012-04-20 12:01:52','2012-04-20 12:01:52',NULL,NULL,NULL,'--- \n:is_required: true\n'),(27,3,34,8,'XMP-madek:Coverage',NULL,'2012-04-20 12:01:52','2012-04-20 12:01:52',NULL,NULL,NULL,'--- \n:is_required: true\n:length_max: 255\n:length_min: 2\n'),(28,3,37,9,'XMP-dc:Creator',NULL,'2012-04-20 12:01:52','2012-04-20 12:01:52',NULL,NULL,NULL,'--- \n:is_required: true\n'),(29,3,46,10,'XMP-photoshop:AuthorsPosition',NULL,'2012-04-20 12:01:52','2012-04-20 12:01:52',NULL,NULL,NULL,'--- \n:is_required: true\n'),(30,3,38,11,'XMP-iptcCore:CreatorAddress',NULL,'2012-04-20 12:01:52','2012-04-20 12:01:52',NULL,NULL,NULL,'--- \n:is_required: true\n:length_max: 32\n:length_min: 1\n'),(31,3,39,12,'XMP-iptcCore:CreatorCity',NULL,'2012-04-20 12:01:52','2012-04-20 12:01:52',NULL,NULL,NULL,'--- \n:is_required: true\n:length_max: 32\n:length_min: 1\n'),(32,3,40,13,'XMP-iptcCore:CreatorRegion',NULL,'2012-04-20 12:01:52','2012-04-20 12:01:52',NULL,NULL,NULL,'--- \n:is_required: true\n:length_max: 32\n:length_min: 1\n'),(33,3,42,14,'XMP-iptcCore:CreatorCountry',NULL,'2012-04-20 12:01:52','2012-04-20 12:01:52',NULL,NULL,NULL,'--- \n:is_required: true\n:length_max: 32\n:length_min: 1\n'),(34,3,41,15,'XMP-iptcCore:CreatorPostalCode',NULL,'2012-04-20 12:01:52','2012-04-20 12:01:52',NULL,NULL,NULL,'--- \n:is_required: true\n:length_max: 32\n:length_min: 1\n'),(35,3,43,16,'XMP-iptcCore:CreatorWorkTelephone',NULL,'2012-04-20 12:01:52','2012-04-20 12:01:52',NULL,NULL,NULL,'--- \n:is_required: true\n:length_max: 32\n:length_min: 1\n'),(36,3,44,17,'XMP-iptcCore:CreatorWorkEmail',NULL,'2012-04-20 12:01:52','2012-04-20 12:01:52',NULL,NULL,NULL,'--- \n:is_required: true\n:length_max: 32\n:length_min: 1\n'),(37,3,45,18,'XMP-iptcCore:CreatorWorkURL',NULL,'2012-04-20 12:01:52','2012-04-20 12:01:52',NULL,NULL,NULL,'--- \n:is_required: true\n:length_max: 32\n:length_min: 1\n'),(38,3,25,19,'XMP-dc:Description',NULL,'2012-04-20 12:01:52','2012-04-20 12:01:52',NULL,NULL,NULL,'--- \n:is_required: true\n:length_max: 4096\n:length_min: 1\n'),(39,3,64,20,'XMP-madek:Format',NULL,'2012-04-20 12:01:52','2012-04-20 12:01:52',NULL,NULL,NULL,'--- \n:is_required: true\n'),(40,3,29,21,'XMP-madek:Hyperlinks',NULL,'2012-04-20 12:01:52','2012-04-20 12:01:52',NULL,NULL,NULL,'--- \n:is_required: false\n'),(41,3,7,22,'XMP-madek:InstitutionalAffiliation',NULL,'2012-04-20 12:01:52','2012-04-20 12:01:52',NULL,NULL,NULL,'--- \n:is_required: false\n'),(42,3,1,23,'XMP-dc:Identifier',NULL,'2012-04-20 12:01:52','2012-04-20 12:01:52',NULL,NULL,NULL,'--- \n:is_required: true\n:length_max: 255\n:length_min: 1\n'),(43,3,9,24,'XMP-dc:Subject','Array','2012-04-20 12:01:52','2012-04-20 12:01:52',NULL,NULL,NULL,'--- \n:is_required: true\n'),(44,3,35,25,'XMP-madek:Language',NULL,'2012-04-20 12:01:52','2012-04-20 12:01:52',NULL,NULL,NULL,'--- \n:is_required: true\n'),(45,3,18,26,'XMP-madek:OtherCreativeParticipants',NULL,'2012-04-20 12:01:52','2012-04-20 12:01:52',NULL,NULL,NULL,'--- \n:length_max: 255\n:length_min: 1\n'),(46,3,19,27,'XMP-madek:OtherDocumentParticipants',NULL,'2012-04-20 12:01:52','2012-04-20 12:01:52',NULL,NULL,NULL,'--- \n:length_max: 255\n:length_min: 1\n'),(47,3,21,28,'XMP-madek:patron',NULL,'2012-04-20 12:01:52','2012-04-20 12:01:52',NULL,NULL,NULL,'--- \n:is_required: false\n'),(48,3,16,29,'XMP-madek:PortrayedPerson',NULL,'2012-04-20 12:01:52','2012-04-20 12:01:52',NULL,NULL,NULL,'--- \n:is_required: false\n'),(49,3,17,30,'XMP-madek:PortrayedInstitution',NULL,'2012-04-20 12:01:52','2012-04-20 12:01:52',NULL,NULL,NULL,'--- \n:is_required: false\n'),(50,3,23,31,'XMP-madek:ProjectLeader',NULL,'2012-04-20 12:01:52','2012-04-20 12:01:52',NULL,NULL,NULL,'--- \n:is_required: false\n'),(51,3,27,32,'XMP-madek:PublicCaption',NULL,'2012-04-20 12:01:52','2012-04-20 12:01:52',NULL,NULL,NULL,'--- \n:is_required: false\n'),(52,3,57,33,'XMP-madek:PortrayedObjectDimensions',NULL,'2012-04-20 12:01:52','2012-04-20 12:01:52',NULL,NULL,NULL,'--- \n:is_required: false\n'),(53,3,58,34,'XMP-madek:PortrayedObjectMaterials',NULL,'2012-04-20 12:01:52','2012-04-20 12:01:52',NULL,NULL,NULL,'--- \n:is_required: false\n'),(54,3,8,35,'XMP-madek:PortrayedObjectDates',NULL,'2012-04-20 12:01:52','2012-04-20 12:01:52',NULL,NULL,NULL,'--- \n:is_required: true\n:length_max: 255\n'),(55,3,15,36,'XMP-iptcCore:CountryCode',NULL,'2012-04-20 12:01:52','2012-04-20 12:01:52',NULL,NULL,NULL,'--- \n:is_required: true\n:length_max: 32\n:length_min: 1\n'),(56,3,11,37,'XMP-iptcCore:Location',NULL,'2012-04-20 12:01:52','2012-04-20 12:01:52',NULL,NULL,NULL,'--- \n:is_required: true\n:length_max: 32\n:length_min: 1\n'),(57,3,12,38,'XMP-photoshop:City',NULL,'2012-04-20 12:01:52','2012-04-20 12:01:52',NULL,NULL,NULL,'--- \n:is_required: true\n:length_max: 32\n:length_min: 1\n'),(58,3,13,39,'XMP-photoshop:State',NULL,'2012-04-20 12:01:52','2012-04-20 12:01:52',NULL,NULL,NULL,'--- \n:is_required: true\n:length_max: 32\n:length_min: 1\n'),(59,3,14,40,'XMP-photoshop:Country',NULL,'2012-04-20 12:01:52','2012-04-20 12:01:52',NULL,NULL,NULL,'--- \n:is_required: true\n:length_max: 32\n:length_min: 1\n'),(60,3,56,41,'XMP-photoshop:Credit',NULL,'2012-04-20 12:01:52','2012-04-20 12:01:52',NULL,NULL,NULL,'--- \n:is_required: true\n'),(61,3,59,42,'XMP-xmp:Rating',NULL,'2012-04-20 12:01:52','2012-04-20 12:01:52',NULL,NULL,NULL,'--- \n:is_required: true\n'),(62,3,36,43,'XMP-madek:Relation',NULL,'2012-04-20 12:01:52','2012-04-20 12:01:52',NULL,NULL,NULL,'--- \n:is_required: true\n'),(63,3,28,44,'XMP-madek:Remark',NULL,'2012-04-20 12:01:52','2012-04-20 12:01:52',NULL,NULL,NULL,'--- \n:is_required: false\n'),(64,3,47,45,'XMP-photoshop:Source',NULL,'2012-04-20 12:01:52','2012-04-20 12:01:52',NULL,NULL,NULL,'--- \n:is_required: true\n'),(65,3,49,46,'XMP-madek:SourceImage',NULL,'2012-04-20 12:01:52','2012-04-20 12:01:52',NULL,NULL,NULL,'--- \n:is_required: false\n'),(66,3,50,47,'XMP-madek:SourcePlate',NULL,'2012-04-20 12:01:52','2012-04-20 12:01:52',NULL,NULL,NULL,'--- \n:is_required: false\n'),(67,3,48,48,'XMP-madek:SourceSide',NULL,'2012-04-20 12:01:52','2012-04-20 12:01:52',NULL,NULL,NULL,'--- \n:is_required: false\n'),(68,3,51,49,'XMP-madek:SourceIsbn',NULL,'2012-04-20 12:01:52','2012-04-20 12:01:52',NULL,NULL,NULL,'--- \n:is_required: false\n'),(69,3,32,50,'XMP-iptcCore:Scene',NULL,'2012-04-20 12:01:52','2012-04-20 12:01:52',NULL,NULL,NULL,'--- \n:is_required: true\n:length_max: 32\n:length_min: 1\n'),(70,3,33,51,'XMP-iptcCore:SubjectCode',NULL,'2012-04-20 12:01:52','2012-04-20 12:01:52',NULL,NULL,NULL,'--- \n:is_required: true\n:length_max: 32\n:length_min: 1\n'),(71,3,26,52,'XMP-madek:ShortDescription',NULL,'2012-04-20 12:01:52','2012-04-20 12:01:52',NULL,NULL,NULL,'--- \n:is_required: false\n'),(72,3,4,53,'XMP-photoshop:Headline',NULL,'2012-04-20 12:01:52','2012-04-20 12:01:52',NULL,NULL,NULL,'--- \n:is_required: false\n'),(73,3,3,54,'XMP-dc:Title',NULL,'2012-04-20 12:01:52','2012-04-20 12:01:52',NULL,NULL,NULL,'--- \n:is_required: true\n:length_max: 4096\n:length_min: 1\n'),(74,3,31,55,'XMP-dc:Type',NULL,'2012-04-20 12:01:52','2012-04-20 12:01:52',NULL,NULL,NULL,'--- \n:is_required: true\n'),(75,3,24,56,'XMP-madek:ProjectType',NULL,'2012-04-20 12:01:52','2012-04-20 12:01:52',NULL,NULL,NULL,'--- \n:is_required: true\n'),(76,3,22,57,'XMP-madek:AcademicYear',NULL,'2012-04-20 12:01:52','2012-04-20 12:01:52',NULL,NULL,NULL,'--- \n:is_required: false\n'),(77,3,20,58,'XMP-madek:ParticipatingInstitution',NULL,'2012-04-20 12:01:52','2012-04-20 12:01:52',NULL,NULL,NULL,'--- \n:is_required: false\n'),(78,3,63,59,'XMP-madek:Publisher',NULL,'2012-04-20 12:01:52','2012-04-20 12:01:52',NULL,NULL,NULL,'--- \n:is_required: false\n'),(79,3,66,60,'XMP-madek:TransmissionReference',NULL,'2012-04-20 12:01:52','2012-04-20 12:01:52',NULL,NULL,NULL,'--- \n:is_required: false\n'),(80,3,2,61,'XMP-madek:Urn',NULL,'2012-04-20 12:01:52','2012-04-20 12:01:52',NULL,NULL,NULL,'--- \n:is_required: false\n'),(81,3,30,62,'XMP-madek:Tags',NULL,'2012-04-20 12:01:52','2012-04-20 12:01:52',NULL,NULL,NULL,'--- \n:is_required: false\n'),(82,3,65,63,'XMP-madek:DateCreated, XMP-photoshop:DateCreated',NULL,'2012-04-20 12:01:52','2012-04-20 12:01:52',NULL,NULL,NULL,'--- \n:is_required: false\n'),(83,4,3,1,NULL,NULL,'2012-04-20 12:01:52','2012-04-20 12:01:52',1919,276,1915,'--- {}\n\n'),(84,4,4,2,NULL,NULL,'2012-04-20 12:01:52','2012-04-20 12:01:52',16,1917,NULL,'--- {}\n\n'),(85,4,9,5,NULL,NULL,'2012-04-20 12:01:52','2012-04-20 12:01:52',7,248,138,'--- {}\n\n'),(86,4,5,3,NULL,NULL,'2012-04-20 12:01:52','2012-04-20 12:01:52',3,917,139,'--- {}\n\n'),(89,4,8,4,NULL,NULL,'2012-04-20 12:01:52','2012-04-20 12:01:52',254,935,NULL,'--- \n:length_max: 255\n'),(90,4,11,11,NULL,NULL,'2012-04-20 12:01:52','2012-04-20 12:01:52',255,256,NULL,'--- {}\n\n'),(91,4,12,12,NULL,NULL,'2012-04-20 12:01:52','2012-04-20 12:01:52',35,161,NULL,'--- {}\n\n'),(92,4,13,13,NULL,NULL,'2012-04-20 12:01:52','2012-04-20 12:01:52',37,162,NULL,'--- {}\n\n'),(93,4,14,14,NULL,NULL,'2012-04-20 12:01:52','2012-04-20 12:01:52',39,163,NULL,'--- {}\n\n'),(94,4,15,15,NULL,NULL,'2012-04-20 12:01:52','2012-04-20 12:01:52',41,164,NULL,'--- {}\n\n'),(95,4,16,17,NULL,NULL,'2012-04-20 12:01:52','2012-04-20 12:01:52',43,133,NULL,'--- {}\n\n'),(97,4,18,16,NULL,NULL,'2012-04-20 12:01:52','2012-04-20 12:01:52',46,168,167,'--- {}\n\n'),(98,4,20,19,NULL,NULL,'2012-04-20 12:01:52','2012-04-20 12:01:52',48,142,NULL,'--- {}\n\n'),(99,4,21,20,NULL,NULL,'2012-04-20 12:01:52','2012-04-20 12:01:52',49,141,NULL,'--- {}\n\n'),(102,4,27,7,NULL,NULL,'2012-04-20 12:01:52','2012-04-20 12:01:52',66,271,NULL,'--- {}\n\n'),(103,4,25,8,NULL,NULL,'2012-04-20 12:01:52','2012-04-20 12:01:52',18,272,158,'--- {}\n\n'),(104,4,28,9,NULL,NULL,'2012-04-20 12:01:52','2012-04-20 12:01:52',21,273,NULL,'--- {}\n\n'),(105,4,29,10,NULL,NULL,'2012-04-20 12:01:52','2012-04-20 12:01:52',70,360,359,'--- {}\n\n'),(106,4,31,6,NULL,NULL,'2012-04-20 12:01:52','2012-04-20 12:01:52',71,270,149,'--- {}\n\n'),(108,5,37,1,NULL,NULL,'2012-04-20 12:01:52','2012-04-20 12:01:52',184,260,139,'--- {}\n\n'),(109,5,38,2,NULL,NULL,'2012-04-20 12:01:52','2012-04-20 12:01:52',94,NULL,NULL,'--- \n:is_required: true\n:length_max: 32\n:length_min: 1\n'),(110,5,39,3,NULL,NULL,'2012-04-20 12:01:52','2012-04-20 12:01:52',35,NULL,NULL,'--- \n:is_required: true\n:length_max: 32\n:length_min: 1\n'),(111,5,40,4,NULL,NULL,'2012-04-20 12:01:52','2012-04-20 12:01:52',37,NULL,NULL,'--- \n:is_required: true\n:length_max: 32\n:length_min: 1\n'),(112,5,41,5,NULL,NULL,'2012-04-20 12:01:52','2012-04-20 12:01:52',95,NULL,NULL,'--- \n:is_required: true\n:length_max: 32\n:length_min: 1\n'),(113,5,42,6,NULL,NULL,'2012-04-20 12:01:52','2012-04-20 12:01:52',39,NULL,NULL,'--- \n:is_required: true\n:length_max: 32\n:length_min: 1\n'),(114,5,43,7,NULL,NULL,'2012-04-20 12:01:52','2012-04-20 12:01:52',96,NULL,NULL,'--- \n:is_required: true\n:length_max: 32\n:length_min: 1\n'),(115,5,44,8,NULL,NULL,'2012-04-20 12:01:52','2012-04-20 12:01:52',97,NULL,NULL,'--- \n:is_required: true\n:length_max: 32\n:length_min: 1\n'),(116,5,45,9,NULL,NULL,'2012-04-20 12:01:52','2012-04-20 12:01:52',98,NULL,NULL,'--- \n:is_required: true\n:length_max: 32\n:length_min: 1\n'),(117,5,46,10,NULL,NULL,'2012-04-20 12:01:52','2012-04-20 12:01:52',99,NULL,NULL,'--- \n:length_max: 32\n:length_min: 1\n'),(118,5,19,11,NULL,NULL,'2012-04-20 12:01:52','2012-04-20 12:01:52',100,178,177,'--- {}\n\n'),(119,5,65,12,NULL,NULL,'2012-04-20 12:01:52','2012-04-20 12:01:52',102,267,937,'--- {}\n\n'),(122,5,57,15,NULL,NULL,'2012-04-20 12:01:52','2012-04-20 12:01:52',108,175,185,'--- {}\n\n'),(123,5,58,16,NULL,NULL,'2012-04-20 12:01:52','2012-04-20 12:01:52',266,363,362,'--- {}\n\n'),(124,6,3,1,NULL,NULL,'2012-04-20 12:01:52','2012-04-20 12:01:52',1,395,NULL,'--- \n:is_required: true\n:length_max: 255\n'),(127,7,52,1,NULL,NULL,'2012-04-20 12:01:52','2012-04-20 12:01:52',1431,361,364,'--- {}\n\n'),(128,7,53,2,NULL,NULL,'2012-04-20 12:01:52','2012-04-20 12:01:52',116,117,NULL,'--- {}\n\n'),(129,7,54,3,NULL,NULL,'2012-04-20 12:01:52','2012-04-20 12:01:52',118,365,NULL,'--- {}\n\n'),(130,7,55,4,NULL,NULL,'2012-04-20 12:01:52','2012-04-20 12:01:52',119,367,359,'--- {}\n\n'),(131,8,3,1,NULL,NULL,'2012-04-20 12:01:52','2012-04-20 12:01:52',1,153,NULL,'--- \n:is_required: true\n:length_max: 255\n:length_min: 1\n'),(132,8,5,2,NULL,NULL,'2012-04-20 12:01:52','2012-04-20 12:01:52',3,909,139,'--- {}\n\n'),(133,8,8,3,NULL,NULL,'2012-04-20 12:01:52','2012-04-20 12:01:52',274,935,NULL,'--- \n:length_max: 255\n'),(134,8,9,4,NULL,NULL,'2012-04-20 12:01:52','2012-04-20 12:01:52',7,248,138,'--- {}\n\n'),(135,8,52,5,NULL,NULL,'2012-04-20 12:01:52','2012-04-20 12:01:52',1431,361,364,'--- \n:is_required: true\n:length_max: 255\n:length_min: 1\n'),(136,8,53,6,NULL,NULL,'2012-04-20 12:01:52','2012-04-20 12:01:52',116,121,NULL,'--- {}\n\n'),(137,8,54,7,NULL,NULL,'2012-04-20 12:01:52','2012-04-20 12:01:52',118,365,NULL,'--- {}\n\n'),(138,8,55,8,NULL,NULL,'2012-04-20 12:01:52','2012-04-20 12:01:52',119,367,359,'--- {}\n\n'),(140,3,69,64,'XMP-photoshop:ColorMode',NULL,'2012-04-20 12:01:52','2012-04-20 12:01:52',NULL,NULL,NULL,'--- {}\n\n'),(141,3,70,65,'XMP-photoshop:History',NULL,'2012-04-20 12:01:52','2012-04-20 12:01:52',NULL,NULL,NULL,'--- {}\n\n'),(142,3,71,66,'XMP-iptcCore:IntellectualGenre',NULL,'2012-04-20 12:01:52','2012-04-20 12:01:52',NULL,NULL,NULL,'--- {}\n\n'),(145,3,72,67,'XMP-iptcCore:CreatorContactInfo',NULL,'2012-04-20 12:01:52','2012-04-20 12:01:52',NULL,NULL,NULL,'--- {}\n\n'),(146,9,7,1,NULL,NULL,'2012-04-20 12:01:52','2012-04-20 12:01:52',30,188,1507,'--- {}\n\n'),(147,9,24,2,NULL,NULL,'2012-04-20 12:01:52','2012-04-20 12:01:52',189,358,149,'--- {}\n\n'),(148,9,22,3,NULL,NULL,'2012-04-20 12:01:52','2012-04-20 12:01:52',2011,2013,149,'--- {}\n\n'),(149,9,23,5,NULL,NULL,'2012-04-20 12:01:52','2012-04-20 12:01:52',65,146,NULL,'--- {}\n\n'),(150,7,47,5,NULL,NULL,'2012-04-20 12:01:52','2012-04-20 12:01:52',104,262,192,'--- {}\n\n'),(152,7,56,6,NULL,NULL,'2012-04-20 12:01:52','2012-04-20 12:01:52',106,193,366,'--- {}\n\n'),(180,9,73,4,NULL,NULL,'2012-04-20 12:01:52','2012-04-20 12:01:52',300,301,NULL,'--- {}\n\n'),(181,6,9,3,NULL,NULL,'2012-04-20 12:01:52','2012-04-20 12:01:52',302,400,138,'--- {}\n\n'),(182,6,25,4,NULL,NULL,'2012-04-20 12:01:52','2012-04-20 12:01:52',208,399,158,'--- {}\n\n'),(185,1,5,2,NULL,NULL,'2012-04-20 12:01:52','2012-04-20 12:01:52',3,NULL,NULL,'--- {}\n\n'),(186,6,5,2,NULL,NULL,'2012-04-20 12:01:52','2012-04-20 12:01:52',3,4357,139,'--- {}\n\n'),(187,2,73,3,'objtitles.title titletypID=99||sites.sitename',NULL,'2012-04-20 12:01:52','2012-04-20 12:01:52',305,NULL,305,'--- {}\n\n'),(188,2,5,4,'person RoleTypeID=1 RoleID=150',NULL,'2012-04-20 12:01:52','2012-04-20 12:01:52',198,NULL,307,'--- {}\n\n'),(189,2,74,29,'objects.publicaccess',NULL,'2012-04-20 12:01:52','2012-04-20 12:01:52',308,NULL,2657,'--- {}\n\n'),(190,2,7,23,'person RoleTypeID=1 RoleID=251',NULL,'2012-04-20 12:01:52','2012-04-20 12:01:52',200,NULL,2651,'--- {}\n\n'),(191,2,9,6,'textentries textart=Stichworte',NULL,'2012-04-20 12:01:52','2012-04-20 12:01:52',302,NULL,204,'--- {}\n\n'),(192,2,31,7,'textentries textart=Gattung',NULL,'2012-04-20 12:01:52','2012-04-20 12:01:52',317,NULL,206,'--- {}\n\n'),(194,2,29,10,'textentries textart=\"Web-Link\"',NULL,'2012-04-20 12:01:52','2012-04-20 12:01:52',214,NULL,214,'--- {}\n\n'),(195,2,16,19,'person RoleTypeID=1 RoleID=155',NULL,'2012-04-20 12:01:52','2012-04-20 12:01:52',216,NULL,2649,'--- {}\n\n'),(196,2,17,20,'person RoleTypeID=1 RoleID=156',NULL,'2012-04-20 12:01:52','2012-04-20 12:01:52',218,NULL,218,'--- {}\n\n'),(197,2,18,16,'person RoleTypeID=1 RoleID=86',NULL,'2012-04-20 12:01:52','2012-04-20 12:01:52',220,NULL,321,'--- {}\n\n'),(198,2,20,17,'person RoleTypeID=1 RoleID=87',NULL,'2012-04-20 12:01:52','2012-04-20 12:01:52',222,NULL,2647,'--- {}\n\n'),(199,2,21,18,'person RoleTypeID=1 RoleID=22',NULL,'2012-04-20 12:01:52','2012-04-20 12:01:52',224,NULL,224,'--- {}\n\n'),(201,2,23,24,'person RoleTypeID=1 RoleID=61',NULL,'2012-04-20 12:01:52','2012-04-20 12:01:52',229,NULL,229,'--- {}\n\n'),(202,2,37,21,'person RoleTypeID=1 RoleID=21',NULL,'2012-04-20 12:01:52','2012-04-20 12:01:52',231,NULL,325,'--- {}\n\n'),(203,2,19,22,'textentries textart=\"Weitere Personen\"',NULL,'2012-04-20 12:01:52','2012-04-20 12:01:52',233,NULL,326,'--- {}\n\n'),(205,2,54,27,'objects.copyright typ=restrictions',NULL,'2012-04-20 12:01:52','2012-04-20 12:01:52',239,NULL,239,'--- {}\n\n'),(206,2,55,28,'objects.copyright typ=restrictions',NULL,'2012-04-20 12:01:52','2012-04-20 12:01:52',241,NULL,329,'--- {}\n\n'),(208,2,11,11,'textentries textart=Geografie typ=\"Standort/Aufführungsort\"',NULL,'2012-04-20 12:01:52','2012-04-20 12:01:52',334,NULL,334,'--- {}\n\n'),(209,2,12,12,'textentries textart=Geografie typ=Stadt',NULL,'2012-04-20 12:01:52','2012-04-20 12:01:52',336,NULL,335,'--- {}\n\n'),(210,2,13,13,'textentries textart=Geografie typ=\"Kanton/Bundesland\"',NULL,'2012-04-20 12:01:52','2012-04-20 12:01:52',337,NULL,335,'--- {}\n\n'),(211,2,14,14,'textentries textart=Geografie typ=Land',NULL,'2012-04-20 12:01:52','2012-04-20 12:01:52',338,NULL,335,'--- {}\n\n'),(212,2,15,15,'textentries textart=Geografie typ=\"ISO-Ländercode\"',NULL,'2012-04-20 12:01:52','2012-04-20 12:01:52',339,NULL,335,'--- {}\n\n'),(217,7,62,7,NULL,NULL,'2012-04-20 12:01:52','2012-04-20 12:01:52',348,368,139,'--- {}\n\n'),(218,2,62,35,'textentries textart=\"Erfasser/in\"',NULL,'2012-04-20 12:01:52','2012-04-20 12:01:52',349,371,349,'--- {}\n\n'),(219,2,77,36,'textentries textart=\"Erfasser/in vor dem Hochladen ins Medienarchiv\"',NULL,'2012-04-20 12:01:52','2012-04-20 12:01:52',355,369,355,'--- {}\n\n'),(220,2,78,37,'textentries textart=\"Erfasser/in vor dem Kopieren fürs MIZ-Achiv\"',NULL,'2012-04-20 12:01:52','2012-04-20 12:01:52',353,370,2659,'--- {}\n\n'),(221,7,77,8,NULL,NULL,'2012-04-20 12:01:53','2012-04-20 12:01:53',355,369,139,'--- {}\n\n'),(224,6,61,7,NULL,NULL,'2012-04-20 12:01:53','2012-04-20 12:01:53',394,NULL,NULL,'--- {}\n\n'),(225,3,79,68,'XMP-photoshop:SidecarForExtension',NULL,'2012-04-20 12:01:53','2012-04-20 12:01:53',NULL,NULL,NULL,'--- {}\n\n'),(227,15,81,1,NULL,NULL,'2012-04-20 12:01:53','2012-04-20 12:01:53',979,NULL,981,'--- {}\n\n'),(229,15,83,2,NULL,NULL,'2012-04-20 12:01:53','2012-04-20 12:01:53',983,NULL,981,'--- {}\n\n'),(231,15,85,10,NULL,NULL,'2012-04-20 12:01:53','2012-04-20 12:01:53',985,1415,987,'--- {}\n\n'),(233,15,87,3,NULL,NULL,'2012-04-20 12:01:53','2012-04-20 12:01:53',991,993,NULL,'--- {}\n\n'),(235,15,89,5,NULL,NULL,'2012-04-20 12:01:53','2012-04-20 12:01:53',995,1015,987,'--- {}\n\n'),(237,15,91,9,NULL,NULL,'2012-04-20 12:01:53','2012-04-20 12:01:53',999,1001,987,'--- {}\n\n'),(239,15,93,4,NULL,NULL,'2012-04-20 12:01:53','2012-04-20 12:01:53',1003,NULL,981,'--- {}\n\n'),(241,15,95,6,NULL,NULL,'2012-04-20 12:01:53','2012-04-20 12:01:53',1005,1007,NULL,'--- \n:length_max: 1\n'),(243,15,97,7,NULL,NULL,'2012-04-20 12:01:53','2012-04-20 12:01:53',1009,NULL,149,'--- {}\n\n'),(245,15,99,8,NULL,NULL,'2012-04-20 12:01:53','2012-04-20 12:01:53',1011,1013,NULL,'--- \n:length_max: 1\n'),(247,11,97,0,NULL,NULL,'2012-04-20 12:01:53','2012-04-20 12:01:53',1187,208,1189,'--- {}\n\n'),(249,3,101,69,'XMP-photoshop:Category',NULL,'2012-04-20 12:01:53','2012-04-20 12:01:53',NULL,NULL,NULL,'--- {}\n\n'),(251,17,103,0,NULL,NULL,'2012-04-20 12:01:53','2012-04-20 12:01:53',1489,NULL,NULL,'--- {}\n\n'),(253,19,105,1,NULL,NULL,'2012-04-20 12:01:53','2012-04-20 12:01:53',1503,NULL,NULL,'--- {}\n\n'),(255,21,107,8,NULL,NULL,'2012-04-20 12:01:53','2012-04-20 12:01:53',1633,3537,NULL,'--- {}\n\n'),(257,21,109,5,NULL,NULL,'2012-04-20 12:01:53','2012-04-20 12:01:53',3432,3529,NULL,'--- {}\n\n'),(259,21,111,2,NULL,NULL,'2012-04-20 12:01:53','2012-04-20 12:01:53',3521,3523,NULL,'--- {}\n\n'),(261,21,117,4,NULL,NULL,'2012-04-20 12:01:53','2012-04-20 12:01:53',1637,3527,NULL,'--- {}\n\n'),(263,21,119,6,NULL,NULL,'2012-04-20 12:01:53','2012-04-20 12:01:53',1639,3531,NULL,'--- {}\n\n'),(265,21,115,3,NULL,NULL,'2012-04-20 12:01:53','2012-04-20 12:01:53',1641,3525,NULL,'--- {}\n\n'),(267,21,121,7,NULL,NULL,'2012-04-20 12:01:53','2012-04-20 12:01:53',1803,3533,NULL,'--- {}\n\n'),(269,21,113,1,NULL,NULL,'2012-04-20 12:01:53','2012-04-20 12:01:53',1645,3519,NULL,'--- {}\n\n'),(271,19,123,7,NULL,NULL,'2012-04-20 12:01:53','2012-04-20 12:01:53',1981,NULL,NULL,'--- {}\n\n'),(273,19,125,2,NULL,NULL,'2012-04-20 12:01:53','2012-04-20 12:01:53',1667,NULL,NULL,'--- {}\n\n'),(275,19,127,3,NULL,NULL,'2012-04-20 12:01:53','2012-04-20 12:01:53',1641,NULL,NULL,'--- {}\n\n'),(277,19,129,4,NULL,NULL,'2012-04-20 12:01:53','2012-04-20 12:01:53',1669,NULL,NULL,'--- {}\n\n'),(281,23,133,1,NULL,NULL,'2012-04-20 12:01:53','2012-04-20 12:01:53',1813,NULL,NULL,'--- {}\n\n'),(287,23,137,2,NULL,NULL,'2012-04-20 12:01:53','2012-04-20 12:01:53',1819,NULL,NULL,'--- {}\n\n'),(297,3,139,70,'QuickTime:CreateDate',NULL,'2012-04-20 12:01:53','2012-04-20 12:01:53',NULL,NULL,NULL,'--- {}\n\n'),(299,3,141,71,'QuickTime:CurrentTime',NULL,'2012-04-20 12:01:53','2012-04-20 12:01:53',NULL,NULL,NULL,'--- {}\n\n'),(301,3,143,72,'QuickTime:Duration',NULL,'2012-04-20 12:01:53','2012-04-20 12:01:53',NULL,NULL,NULL,'--- {}\n\n'),(303,3,145,73,'QuickTime:Free',NULL,'2012-04-20 12:01:53','2012-04-20 12:01:53',NULL,NULL,NULL,'--- {}\n\n'),(305,3,147,74,'QuickTime:MatrixStructure',NULL,'2012-04-20 12:01:53','2012-04-20 12:01:53',NULL,NULL,NULL,'--- {}\n\n'),(307,3,149,75,'QuickTime:ModifyDate',NULL,'2012-04-20 12:01:53','2012-04-20 12:01:53',NULL,NULL,NULL,'--- {}\n\n'),(309,3,151,76,'QuickTime:MovieData',NULL,'2012-04-20 12:01:53','2012-04-20 12:01:53',NULL,NULL,NULL,'--- {}\n\n'),(311,3,153,77,'QuickTime:MovieDataSize',NULL,'2012-04-20 12:01:53','2012-04-20 12:01:53',NULL,NULL,NULL,'--- {}\n\n'),(313,3,155,78,'QuickTime:MovieHeaderVersion',NULL,'2012-04-20 12:01:53','2012-04-20 12:01:53',NULL,NULL,NULL,'--- {}\n\n'),(315,3,157,79,'QuickTime:NextTrackID',NULL,'2012-04-20 12:01:53','2012-04-20 12:01:53',NULL,NULL,NULL,'--- {}\n\n'),(317,3,159,80,'QuickTime:PosterTime',NULL,'2012-04-20 12:01:53','2012-04-20 12:01:53',NULL,NULL,NULL,'--- {}\n\n'),(319,3,161,81,'QuickTime:PreferredRate',NULL,'2012-04-20 12:01:53','2012-04-20 12:01:53',NULL,NULL,NULL,'--- {}\n\n'),(321,3,163,82,'QuickTime:PreferredVolume',NULL,'2012-04-20 12:01:53','2012-04-20 12:01:53',NULL,NULL,NULL,'--- {}\n\n'),(323,3,165,83,'QuickTime:PreviewDuration',NULL,'2012-04-20 12:01:53','2012-04-20 12:01:53',NULL,NULL,NULL,'--- {}\n\n'),(325,3,167,84,'QuickTime:PreviewTime',NULL,'2012-04-20 12:01:53','2012-04-20 12:01:53',NULL,NULL,NULL,'--- {}\n\n'),(327,3,169,85,'QuickTime:SelectionDuration',NULL,'2012-04-20 12:01:53','2012-04-20 12:01:53',NULL,NULL,NULL,'--- {}\n\n'),(329,3,171,86,'QuickTime:SelectionTime',NULL,'2012-04-20 12:01:53','2012-04-20 12:01:53',NULL,NULL,NULL,'--- {}\n\n'),(331,3,173,87,'QuickTime:TimeScale',NULL,'2012-04-20 12:01:53','2012-04-20 12:01:53',NULL,NULL,NULL,'--- {}\n\n'),(333,3,175,88,'QuickTime:Wide',NULL,'2012-04-20 12:01:53','2012-04-20 12:01:53',NULL,NULL,NULL,'--- {}\n\n'),(335,3,177,89,'Track1:AudioBitsPerSample',NULL,'2012-04-20 12:01:53','2012-04-20 12:01:53',NULL,NULL,NULL,'--- {}\n\n'),(337,3,179,90,'Track1:AudioChannels',NULL,'2012-04-20 12:01:53','2012-04-20 12:01:53',NULL,NULL,NULL,'--- {}\n\n'),(339,3,181,91,'Track1:AudioFormat',NULL,'2012-04-20 12:01:53','2012-04-20 12:01:53',NULL,NULL,NULL,'--- {}\n\n'),(341,3,183,92,'Track1:AudioSampleRate',NULL,'2012-04-20 12:01:53','2012-04-20 12:01:53',NULL,NULL,NULL,'--- {}\n\n'),(343,3,185,93,'Track1:Balance',NULL,'2012-04-20 12:01:53','2012-04-20 12:01:53',NULL,NULL,NULL,'--- {}\n\n'),(345,3,187,94,'Track1:ChunkOffset',NULL,'2012-04-20 12:01:53','2012-04-20 12:01:53',NULL,NULL,NULL,'--- {}\n\n'),(347,3,189,95,'Track1:HandlerClass',NULL,'2012-04-20 12:01:53','2012-04-20 12:01:53',NULL,NULL,NULL,'--- {}\n\n'),(349,3,191,96,'Track1:HandlerDescription',NULL,'2012-04-20 12:01:53','2012-04-20 12:01:53',NULL,NULL,NULL,'--- {}\n\n'),(351,3,193,97,'Track1:HandlerType',NULL,'2012-04-20 12:01:53','2012-04-20 12:01:53',NULL,NULL,NULL,'--- {}\n\n'),(353,3,195,98,'Track1:HandlerVendorID',NULL,'2012-04-20 12:01:53','2012-04-20 12:01:53',NULL,NULL,NULL,'--- {}\n\n'),(355,3,197,99,'Track1:MediaCreateDate',NULL,'2012-04-20 12:01:53','2012-04-20 12:01:53',NULL,NULL,NULL,'--- {}\n\n'),(357,3,199,100,'Track1:MediaDuration',NULL,'2012-04-20 12:01:53','2012-04-20 12:01:53',NULL,NULL,NULL,'--- {}\n\n'),(359,3,201,101,'Track1:MediaHeaderVersion',NULL,'2012-04-20 12:01:53','2012-04-20 12:01:53',NULL,NULL,NULL,'--- {}\n\n'),(361,3,203,102,'Track1:MediaModifyDate',NULL,'2012-04-20 12:01:53','2012-04-20 12:01:53',NULL,NULL,NULL,'--- {}\n\n'),(363,3,205,103,'Track1:MediaTimeScale',NULL,'2012-04-20 12:01:53','2012-04-20 12:01:53',NULL,NULL,NULL,'--- {}\n\n'),(365,3,207,104,'Track1:SampleSizes',NULL,'2012-04-20 12:01:53','2012-04-20 12:01:53',NULL,NULL,NULL,'--- {}\n\n'),(367,3,209,105,'Track1:SampleToChunk',NULL,'2012-04-20 12:01:53','2012-04-20 12:01:53',NULL,NULL,NULL,'--- {}\n\n'),(369,3,211,106,'Track1:TimeToSampleTable',NULL,'2012-04-20 12:01:53','2012-04-20 12:01:53',NULL,NULL,NULL,'--- {}\n\n'),(371,3,213,107,'Track1:TrackCreateDate',NULL,'2012-04-20 12:01:53','2012-04-20 12:01:53',NULL,NULL,NULL,'--- {}\n\n'),(373,3,215,108,'Track1:TrackDuration',NULL,'2012-04-20 12:01:53','2012-04-20 12:01:53',NULL,NULL,NULL,'--- {}\n\n'),(375,3,217,109,'Track1:TrackHeaderVersion',NULL,'2012-04-20 12:01:53','2012-04-20 12:01:53',NULL,NULL,NULL,'--- {}\n\n'),(377,3,219,110,'Track1:TrackID',NULL,'2012-04-20 12:01:53','2012-04-20 12:01:53',NULL,NULL,NULL,'--- {}\n\n'),(379,3,221,111,'Track1:TrackLayer',NULL,'2012-04-20 12:01:53','2012-04-20 12:01:53',NULL,NULL,NULL,'--- {}\n\n'),(381,3,223,112,'Track1:TrackModifyDate',NULL,'2012-04-20 12:01:53','2012-04-20 12:01:53',NULL,NULL,NULL,'--- {}\n\n'),(383,3,225,113,'Track1:TrackVolume',NULL,'2012-04-20 12:01:53','2012-04-20 12:01:53',NULL,NULL,NULL,'--- {}\n\n'),(385,3,227,114,'Track1:Unknown_alis',NULL,'2012-04-20 12:01:53','2012-04-20 12:01:53',NULL,NULL,NULL,'--- {}\n\n'),(387,3,229,115,'Track1:Unknown_edts',NULL,'2012-04-20 12:01:53','2012-04-20 12:01:53',NULL,NULL,NULL,'--- {}\n\n'),(389,3,231,116,'Track2:BitDepth',NULL,'2012-04-20 12:01:53','2012-04-20 12:01:53',NULL,NULL,NULL,'--- {}\n\n'),(391,3,233,117,'Track2:CompressorID',NULL,'2012-04-20 12:01:53','2012-04-20 12:01:53',NULL,NULL,NULL,'--- {}\n\n'),(393,3,235,118,'Track2:CompressorName',NULL,'2012-04-20 12:01:53','2012-04-20 12:01:53',NULL,NULL,NULL,'--- {}\n\n'),(395,3,237,119,'Track2:GraphicsMode',NULL,'2012-04-20 12:01:53','2012-04-20 12:01:53',NULL,NULL,NULL,'--- {}\n\n'),(397,3,239,120,'Track2:ImageHeight',NULL,'2012-04-20 12:01:53','2012-04-20 12:01:53',NULL,NULL,NULL,'--- {}\n\n'),(399,3,241,121,'Track2:ImageWidth',NULL,'2012-04-20 12:01:53','2012-04-20 12:01:53',NULL,NULL,NULL,'--- {}\n\n'),(401,3,243,122,'Track2:OpColor',NULL,'2012-04-20 12:01:53','2012-04-20 12:01:53',NULL,NULL,NULL,'--- {}\n\n'),(403,3,245,123,'Track2:SourceImageHeight',NULL,'2012-04-20 12:01:53','2012-04-20 12:01:53',NULL,NULL,NULL,'--- {}\n\n'),(405,3,247,124,'Track2:SourceImageWidth',NULL,'2012-04-20 12:01:53','2012-04-20 12:01:53',NULL,NULL,NULL,'--- {}\n\n'),(407,3,249,125,'Track2:SyncSampleTable',NULL,'2012-04-20 12:01:53','2012-04-20 12:01:53',NULL,NULL,NULL,'--- {}\n\n'),(409,3,251,126,'Track2:VendorID',NULL,'2012-04-20 12:01:53','2012-04-20 12:01:53',NULL,NULL,NULL,'--- {}\n\n'),(411,3,253,127,'Track2:VideoFrameRate',NULL,'2012-04-20 12:01:53','2012-04-20 12:01:53',NULL,NULL,NULL,'--- {}\n\n'),(413,3,255,128,'Track2:XResolution',NULL,'2012-04-20 12:01:53','2012-04-20 12:01:53',NULL,NULL,NULL,'--- {}\n\n'),(415,3,257,129,'Track2:YResolution',NULL,'2012-04-20 12:01:53','2012-04-20 12:01:53',NULL,NULL,NULL,'--- {}\n\n'),(417,3,259,130,'Composite:AvgBitrate',NULL,'2012-04-20 12:01:53','2012-04-20 12:01:53',NULL,NULL,NULL,'--- {}\n\n'),(419,3,261,131,'Composite:ImageSize',NULL,'2012-04-20 12:01:53','2012-04-20 12:01:53',NULL,NULL,NULL,'--- {}\n\n'),(421,3,263,132,'Composite:Rotation',NULL,'2012-04-20 12:01:53','2012-04-20 12:01:53',NULL,NULL,NULL,'--- {}\n\n'),(423,3,265,133,'QuickTime:TrackNumber',NULL,'2012-04-20 12:01:53','2012-04-20 12:01:53',NULL,NULL,NULL,'--- {}\n\n'),(425,3,267,134,'Track1:MediaLanguageCode',NULL,'2012-04-20 12:01:53','2012-04-20 12:01:53',NULL,NULL,NULL,'--- {}\n\n'),(427,3,269,135,'QuickTime:CompatibleBrands',NULL,'2012-04-20 12:01:53','2012-04-20 12:01:53',NULL,NULL,NULL,'--- {}\n\n'),(429,3,271,136,'QuickTime:MajorBrand',NULL,'2012-04-20 12:01:53','2012-04-20 12:01:53',NULL,NULL,NULL,'--- {}\n\n'),(431,3,273,137,'QuickTime:MinorVersion',NULL,'2012-04-20 12:01:53','2012-04-20 12:01:53',NULL,NULL,NULL,'--- {}\n\n'),(433,3,275,138,'QuickTime:InitialObjectDescriptor',NULL,'2012-04-20 12:01:53','2012-04-20 12:01:53',NULL,NULL,NULL,'--- {}\n\n'),(435,3,277,139,'QuickTime:Unknown_gshh',NULL,'2012-04-20 12:01:53','2012-04-20 12:01:53',NULL,NULL,NULL,'--- {}\n\n'),(437,3,279,140,'QuickTime:Unknown_gspm',NULL,'2012-04-20 12:01:53','2012-04-20 12:01:53',NULL,NULL,NULL,'--- {}\n\n'),(439,3,281,141,'QuickTime:Unknown_gspu',NULL,'2012-04-20 12:01:53','2012-04-20 12:01:53',NULL,NULL,NULL,'--- {}\n\n'),(441,3,283,142,'QuickTime:Unknown_gssd',NULL,'2012-04-20 12:01:53','2012-04-20 12:01:53',NULL,NULL,NULL,'--- {}\n\n'),(443,3,285,143,'QuickTime:Unknown_gsst',NULL,'2012-04-20 12:01:53','2012-04-20 12:01:53',NULL,NULL,NULL,'--- {}\n\n'),(445,3,287,144,'QuickTime:Unknown_gstd',NULL,'2012-04-20 12:01:53','2012-04-20 12:01:53',NULL,NULL,NULL,'--- {}\n\n'),(447,3,289,145,'MPEG:AudioBitrate',NULL,'2012-04-20 12:01:53','2012-04-20 12:01:53',NULL,NULL,NULL,'--- {}\n\n'),(449,3,291,146,'MPEG:AudioLayer',NULL,'2012-04-20 12:01:53','2012-04-20 12:01:53',NULL,NULL,NULL,'--- {}\n\n'),(451,3,293,147,'MPEG:ChannelMode',NULL,'2012-04-20 12:01:53','2012-04-20 12:01:53',NULL,NULL,NULL,'--- {}\n\n'),(453,3,295,148,'MPEG:CopyrightFlag',NULL,'2012-04-20 12:01:53','2012-04-20 12:01:53',NULL,NULL,NULL,'--- {}\n\n'),(455,3,297,149,'MPEG:Emphasis',NULL,'2012-04-20 12:01:53','2012-04-20 12:01:53',NULL,NULL,NULL,'--- {}\n\n'),(457,3,299,150,'MPEG:Encoder',NULL,'2012-04-20 12:01:53','2012-04-20 12:01:53',NULL,NULL,NULL,'--- {}\n\n'),(459,3,301,151,'MPEG:IntensityStereo',NULL,'2012-04-20 12:01:53','2012-04-20 12:01:53',NULL,NULL,NULL,'--- {}\n\n'),(461,3,303,152,'MPEG:LameBitrate',NULL,'2012-04-20 12:01:53','2012-04-20 12:01:53',NULL,NULL,NULL,'--- {}\n\n'),(463,3,305,153,'MPEG:LameLowPassFilter',NULL,'2012-04-20 12:01:53','2012-04-20 12:01:53',NULL,NULL,NULL,'--- {}\n\n'),(465,3,307,154,'MPEG:LameMethod',NULL,'2012-04-20 12:01:53','2012-04-20 12:01:53',NULL,NULL,NULL,'--- {}\n\n'),(467,3,309,155,'MPEG:LameQuality',NULL,'2012-04-20 12:01:53','2012-04-20 12:01:53',NULL,NULL,NULL,'--- {}\n\n'),(469,3,311,156,'MPEG:LameStereoMode',NULL,'2012-04-20 12:01:53','2012-04-20 12:01:53',NULL,NULL,NULL,'--- {}\n\n'),(471,3,313,157,'MPEG:LameVBRQuality',NULL,'2012-04-20 12:01:53','2012-04-20 12:01:53',NULL,NULL,NULL,'--- {}\n\n'),(473,3,315,158,'MPEG:MPEGAudioVersion',NULL,'2012-04-20 12:01:53','2012-04-20 12:01:53',NULL,NULL,NULL,'--- {}\n\n'),(475,3,317,159,'MPEG:MSStereo',NULL,'2012-04-20 12:01:53','2012-04-20 12:01:53',NULL,NULL,NULL,'--- {}\n\n'),(477,3,319,160,'MPEG:OriginalMedia',NULL,'2012-04-20 12:01:53','2012-04-20 12:01:53',NULL,NULL,NULL,'--- {}\n\n'),(479,3,321,161,'MPEG:SampleRate',NULL,'2012-04-20 12:01:53','2012-04-20 12:01:53',NULL,NULL,NULL,'--- {}\n\n'),(481,3,323,162,'File:ID3Size',NULL,'2012-04-20 12:01:53','2012-04-20 12:01:53',NULL,NULL,NULL,'--- {}\n\n'),(483,3,325,163,'ID3v1:Album',NULL,'2012-04-20 12:01:53','2012-04-20 12:01:53',NULL,NULL,NULL,'--- {}\n\n'),(485,3,327,164,'ID3v1:Artist',NULL,'2012-04-20 12:01:53','2012-04-20 12:01:53',NULL,NULL,NULL,'--- {}\n\n'),(487,3,329,165,'ID3v1:Comment',NULL,'2012-04-20 12:01:53','2012-04-20 12:01:53',NULL,NULL,NULL,'--- {}\n\n'),(489,3,331,166,'ID3v1:Genre',NULL,'2012-04-20 12:01:53','2012-04-20 12:01:53',NULL,NULL,NULL,'--- {}\n\n'),(491,3,333,167,'ID3v1:Track',NULL,'2012-04-20 12:01:53','2012-04-20 12:01:53',NULL,NULL,NULL,'--- {}\n\n'),(493,3,335,168,'ID3v1:Year',NULL,'2012-04-20 12:01:53','2012-04-20 12:01:53',NULL,NULL,NULL,'--- {}\n\n'),(495,3,337,169,'Composite:DateTimeOriginal',NULL,'2012-04-20 12:01:53','2012-04-20 12:01:53',NULL,NULL,NULL,'--- {}\n\n'),(497,23,123,5,NULL,NULL,'2012-04-20 12:01:53','2012-04-20 12:01:53',1981,NULL,NULL,'--- {}\n\n'),(499,15,123,13,NULL,NULL,'2012-04-20 12:01:53','2012-04-20 12:01:53',1981,NULL,NULL,'--- {}\n\n'),(501,23,339,4,NULL,NULL,'2012-04-20 12:01:53','2012-04-20 12:01:53',1993,NULL,NULL,'--- {}\n\n'),(503,15,339,12,NULL,NULL,'2012-04-20 12:01:53','2012-04-20 12:01:53',1993,NULL,NULL,'--- {}\n\n'),(505,23,331,3,NULL,NULL,'2012-04-20 12:01:53','2012-04-20 12:01:53',1811,NULL,NULL,'--- {}\n\n'),(507,25,341,7,NULL,NULL,'2012-04-20 12:01:53','2012-04-20 12:01:53',2157,NULL,2035,'--- {}\n\n'),(509,25,343,5,NULL,NULL,'2012-04-20 12:01:53','2012-04-20 12:01:53',2031,NULL,2033,'--- {}\n\n'),(511,25,345,1,NULL,NULL,'2012-04-20 12:01:53','2012-04-20 12:01:53',2037,NULL,NULL,'--- {}\n\n'),(513,25,347,6,NULL,NULL,'2012-04-20 12:01:53','2012-04-20 12:01:53',2039,NULL,2041,'--- {}\n\n'),(515,25,349,11,NULL,NULL,'2012-04-20 12:01:53','2012-04-20 12:01:53',2043,NULL,2045,'--- {}\n\n'),(517,25,357,9,NULL,NULL,'2012-04-20 12:01:53','2012-04-20 12:01:53',2047,NULL,2049,'--- {}\n\n'),(519,25,355,8,NULL,NULL,'2012-04-20 12:01:53','2012-04-20 12:01:53',2051,NULL,2159,'--- {}\n\n'),(521,25,351,2,NULL,NULL,'2012-04-20 12:01:53','2012-04-20 12:01:53',2055,NULL,2057,'--- {}\n\n'),(523,25,353,10,NULL,NULL,'2012-04-20 12:01:53','2012-04-20 12:01:53',2059,NULL,NULL,'--- {}\n\n'),(525,3,359,170,'Track2:CompositionTimeToSample',NULL,'2012-04-20 12:01:53','2012-04-20 12:01:53',NULL,NULL,NULL,'--- {}\n\n'),(527,3,361,171,'Track2:CompositionToDecodeTimelineMapping',NULL,'2012-04-20 12:01:53','2012-04-20 12:01:53',NULL,NULL,NULL,'--- {}\n\n'),(529,3,363,172,'Track2:IdependentAndDisposableSamples',NULL,'2012-04-20 12:01:53','2012-04-20 12:01:53',NULL,NULL,NULL,'--- {}\n\n'),(531,3,365,173,'Track2:Unknown_tapt',NULL,'2012-04-20 12:01:53','2012-04-20 12:01:53',NULL,NULL,NULL,'--- {}\n\n'),(533,3,367,174,'QuickTime:ComAppleFinalcutstudioMediaUuid',NULL,'2012-04-20 12:01:53','2012-04-20 12:01:53',NULL,NULL,NULL,'--- {}\n\n'),(535,3,369,175,'Track1:Unknown_stps',NULL,'2012-04-20 12:01:53','2012-04-20 12:01:53',NULL,NULL,NULL,'--- {}\n\n'),(537,3,371,176,'Track1:Unknown_tmcd',NULL,'2012-04-20 12:01:53','2012-04-20 12:01:53',NULL,NULL,NULL,'--- {}\n\n'),(539,3,373,177,'Track3:GenBalance',NULL,'2012-04-20 12:01:53','2012-04-20 12:01:53',NULL,NULL,NULL,'--- {}\n\n'),(541,3,375,178,'Track3:GenFlags',NULL,'2012-04-20 12:01:53','2012-04-20 12:01:53',NULL,NULL,NULL,'--- {}\n\n'),(543,3,377,179,'Track3:GenGraphicsMode',NULL,'2012-04-20 12:01:53','2012-04-20 12:01:53',NULL,NULL,NULL,'--- {}\n\n'),(545,3,379,180,'Track3:GenMediaVersion',NULL,'2012-04-20 12:01:53','2012-04-20 12:01:53',NULL,NULL,NULL,'--- {}\n\n'),(547,3,381,181,'Track3:GenOpColor',NULL,'2012-04-20 12:01:53','2012-04-20 12:01:53',NULL,NULL,NULL,'--- {}\n\n'),(549,3,383,182,'Track3:OtherFormat',NULL,'2012-04-20 12:01:53','2012-04-20 12:01:53',NULL,NULL,NULL,'--- {}\n\n'),(551,3,385,183,'Track3:Unknown_kgtt',NULL,'2012-04-20 12:01:53','2012-04-20 12:01:53',NULL,NULL,NULL,'--- {}\n\n'),(553,3,387,184,'XMP-photoshop:SupplementalCategories',NULL,'2012-04-20 12:01:53','2012-04-20 12:01:53',NULL,NULL,NULL,'--- {}\n\n'),(555,3,389,185,'XMP-photoshop:Urgency',NULL,'2012-04-20 12:01:53','2012-04-20 12:01:53',NULL,NULL,NULL,'--- {}\n\n'),(557,15,331,11,NULL,NULL,'2012-04-20 12:01:53','2012-04-20 12:01:53',1811,NULL,NULL,'--- {}\n\n'),(559,27,391,0,NULL,NULL,'2012-04-20 12:01:53','2012-04-20 12:01:53',2235,NULL,NULL,'--- {}\n\n'),(561,27,395,1,NULL,NULL,'2012-04-20 12:01:53','2012-04-20 12:01:53',2237,NULL,NULL,'--- {}\n\n'),(563,27,393,2,NULL,NULL,'2012-04-20 12:01:53','2012-04-20 12:01:53',2239,NULL,NULL,'--- {}\n\n'),(565,19,339,6,NULL,NULL,'2012-04-20 12:01:53','2012-04-20 12:01:53',1993,NULL,NULL,'--- {}\n\n'),(567,19,331,5,NULL,NULL,'2012-04-20 12:01:53','2012-04-20 12:01:53',1811,NULL,NULL,'--- {}\n\n'),(569,25,397,3,NULL,NULL,'2012-04-20 12:01:53','2012-04-20 12:01:53',2331,NULL,2335,'--- {}\n\n'),(571,25,399,4,NULL,NULL,'2012-04-20 12:01:53','2012-04-20 12:01:53',2405,NULL,2407,'--- {}\n\n'),(573,3,401,186,'QuickTime:AudioGain',NULL,'2012-04-20 12:01:53','2012-04-20 12:01:53',NULL,NULL,NULL,'--- {}\n\n'),(575,3,403,187,'QuickTime:Bass',NULL,'2012-04-20 12:01:53','2012-04-20 12:01:53',NULL,NULL,NULL,'--- {}\n\n'),(577,3,405,188,'QuickTime:Brightness',NULL,'2012-04-20 12:01:53','2012-04-20 12:01:53',NULL,NULL,NULL,'--- {}\n\n'),(579,3,407,189,'QuickTime:Color',NULL,'2012-04-20 12:01:53','2012-04-20 12:01:53',NULL,NULL,NULL,'--- {}\n\n'),(581,3,409,190,'QuickTime:Contrast',NULL,'2012-04-20 12:01:53','2012-04-20 12:01:53',NULL,NULL,NULL,'--- {}\n\n'),(583,3,411,191,'QuickTime:Mute',NULL,'2012-04-20 12:01:53','2012-04-20 12:01:53',NULL,NULL,NULL,'--- {}\n\n'),(585,3,413,192,'QuickTime:PitchShift',NULL,'2012-04-20 12:01:53','2012-04-20 12:01:53',NULL,NULL,NULL,'--- {}\n\n'),(587,3,415,193,'QuickTime:PlayAllFrames',NULL,'2012-04-20 12:01:53','2012-04-20 12:01:53',NULL,NULL,NULL,'--- {}\n\n'),(589,3,417,194,'QuickTime:PlaySelection',NULL,'2012-04-20 12:01:53','2012-04-20 12:01:53',NULL,NULL,NULL,'--- {}\n\n'),(591,3,419,195,'QuickTime:PlayerVersion',NULL,'2012-04-20 12:01:53','2012-04-20 12:01:53',NULL,NULL,NULL,'--- {}\n\n'),(593,3,421,196,'QuickTime:Tint',NULL,'2012-04-20 12:01:53','2012-04-20 12:01:53',NULL,NULL,NULL,'--- {}\n\n'),(595,3,423,197,'QuickTime:Trebel',NULL,'2012-04-20 12:01:53','2012-04-20 12:01:53',NULL,NULL,NULL,'--- {}\n\n'),(597,3,425,198,'QuickTime:Version',NULL,'2012-04-20 12:01:53','2012-04-20 12:01:53',NULL,NULL,NULL,'--- {}\n\n'),(599,3,427,199,'QuickTime:WindowLocation',NULL,'2012-04-20 12:01:53','2012-04-20 12:01:53',NULL,NULL,NULL,'--- {}\n\n'),(601,3,429,200,'Track2:Unknown_load',NULL,'2012-04-20 12:01:53','2012-04-20 12:01:53',NULL,NULL,NULL,'--- {}\n\n'),(603,3,431,201,'XMP-photoshop:Instructions',NULL,'2012-04-20 12:01:53','2012-04-20 12:01:53',NULL,NULL,NULL,'--- {}\n\n'),(605,3,433,202,'QuickTime:Unknown_0x009b',NULL,'2012-04-20 12:01:53','2012-04-20 12:01:53',NULL,NULL,NULL,'--- {}\n\n'),(607,3,435,203,'QuickTime:Unknown_apmd',NULL,'2012-04-20 12:01:53','2012-04-20 12:01:53',NULL,NULL,NULL,'--- {}\n\n'),(609,3,437,204,'QuickTime:UserData_TSC',NULL,'2012-04-20 12:01:53','2012-04-20 12:01:53',NULL,NULL,NULL,'--- {}\n\n'),(611,3,439,205,'QuickTime:UserData_TSZ',NULL,'2012-04-20 12:01:53','2012-04-20 12:01:53',NULL,NULL,NULL,'--- {}\n\n'),(613,3,441,206,'Track1:Unknown_cios',NULL,'2012-04-20 12:01:53','2012-04-20 12:01:53',NULL,NULL,NULL,'--- {}\n\n'),(615,3,443,207,'ID3v2_2:EncodedBy',NULL,'2012-04-20 12:01:53','2012-04-20 12:01:53',NULL,NULL,NULL,'--- {}\n\n'),(617,3,445,208,'XMP-photoshop:DocumentAncestors',NULL,'2012-04-20 12:01:53','2012-04-20 12:01:53',NULL,NULL,NULL,'--- {}\n\n'),(619,3,447,209,'XMP-photoshop:TextLayerName',NULL,'2012-04-20 12:01:53','2012-04-20 12:01:53',NULL,NULL,NULL,'--- {}\n\n'),(621,3,449,210,'XMP-photoshop:TextLayerText',NULL,'2012-04-20 12:01:53','2012-04-20 12:01:53',NULL,NULL,NULL,'--- {}\n\n'),(623,3,451,211,'QuickTime:UserData_enc',NULL,'2012-04-20 12:01:53','2012-04-20 12:01:53',NULL,NULL,NULL,'--- {}\n\n'),(625,2,53,26,'ObjRights.copyright',NULL,'2012-04-20 12:01:53','2012-04-20 12:01:53',237,NULL,235,'--- {}\n\n'),(627,3,453,212,'QuickTime:SourceCredits',NULL,'2012-04-20 12:01:53','2012-04-20 12:01:53',NULL,NULL,NULL,'--- {}\n\n'),(629,3,455,213,'QuickTime:UserData_PRD',NULL,'2012-04-20 12:01:53','2012-04-20 12:01:53',NULL,NULL,NULL,'--- {}\n\n'),(631,3,457,214,'QuickTime:UserData_key',NULL,'2012-04-20 12:01:53','2012-04-20 12:01:53',NULL,NULL,NULL,'--- {}\n\n'),(633,3,459,215,'QuickTime:CompressorVersion',NULL,'2012-04-20 12:01:53','2012-04-20 12:01:53',NULL,NULL,NULL,'--- {}\n\n'),(635,3,461,216,'QuickTime:Unknown_CNDM',NULL,'2012-04-20 12:01:53','2012-04-20 12:01:53',NULL,NULL,NULL,'--- {}\n\n'),(637,3,463,217,'QuickTime:Unknown_free',NULL,'2012-04-20 12:01:53','2012-04-20 12:01:53',NULL,NULL,NULL,'--- {}\n\n'),(639,3,465,218,'Composite:Aperture',NULL,'2012-04-20 12:01:53','2012-04-20 12:01:53',NULL,NULL,NULL,'--- {}\n\n'),(641,3,467,219,'Composite:DriveMode',NULL,'2012-04-20 12:01:53','2012-04-20 12:01:53',NULL,NULL,NULL,'--- {}\n\n'),(643,3,469,220,'Composite:FocalLength35efl',NULL,'2012-04-20 12:01:53','2012-04-20 12:01:53',NULL,NULL,NULL,'--- {}\n\n'),(645,3,471,221,'Composite:Lens',NULL,'2012-04-20 12:01:53','2012-04-20 12:01:53',NULL,NULL,NULL,'--- {}\n\n'),(647,3,473,222,'Composite:Lens35efl',NULL,'2012-04-20 12:01:53','2012-04-20 12:01:53',NULL,NULL,NULL,'--- {}\n\n'),(649,3,475,223,'Composite:LensID',NULL,'2012-04-20 12:01:53','2012-04-20 12:01:53',NULL,NULL,NULL,'--- {}\n\n'),(651,3,477,224,'Composite:ShootingMode',NULL,'2012-04-20 12:01:53','2012-04-20 12:01:53',NULL,NULL,NULL,'--- {}\n\n'),(653,3,479,225,'Composite:ShutterSpeed',NULL,'2012-04-20 12:01:53','2012-04-20 12:01:53',NULL,NULL,NULL,'--- {}\n\n'),(655,3,481,226,'Canon:CanonFlashInfo',NULL,'2012-04-20 12:01:53','2012-04-20 12:01:53',NULL,NULL,NULL,'--- {}\n\n'),(657,3,483,227,'Canon:CanonFlashMode',NULL,'2012-04-20 12:01:53','2012-04-20 12:01:53',NULL,NULL,NULL,'--- {}\n\n'),(659,3,485,228,'Canon:FlashActivity',NULL,'2012-04-20 12:01:53','2012-04-20 12:01:53',NULL,NULL,NULL,'--- {}\n\n'),(661,3,487,229,'Canon:FlashBits',NULL,'2012-04-20 12:01:53','2012-04-20 12:01:53',NULL,NULL,NULL,'--- {}\n\n'),(663,3,489,230,'Canon:FlashExposureComp',NULL,'2012-04-20 12:01:53','2012-04-20 12:01:53',NULL,NULL,NULL,'--- {}\n\n'),(665,3,491,231,'Canon:FlashGuideNumber',NULL,'2012-04-20 12:01:53','2012-04-20 12:01:53',NULL,NULL,NULL,'--- {}\n\n'),(667,3,493,232,'Canon:FlashOutput',NULL,'2012-04-20 12:01:53','2012-04-20 12:01:53',NULL,NULL,NULL,'--- {}\n\n'),(669,3,495,233,'Canon:ManualFlashOutput',NULL,'2012-04-20 12:01:53','2012-04-20 12:01:53',NULL,NULL,NULL,'--- {}\n\n'),(671,3,497,234,'ExifIFD:Flash',NULL,'2012-04-20 12:01:53','2012-04-20 12:01:53',NULL,NULL,NULL,'--- {}\n\n'),(673,3,499,235,'ExifIFD:FlashpixVersion',NULL,'2012-04-20 12:01:53','2012-04-20 12:01:53',NULL,NULL,NULL,'--- {}\n\n'),(675,3,501,236,'RIFF:FrameCount',NULL,'2012-04-20 12:01:53','2012-04-20 12:01:53',NULL,NULL,NULL,'--- {}\n\n'),(677,3,503,237,'RIFF:FrameRate',NULL,'2012-04-20 12:01:53','2012-04-20 12:01:53',NULL,NULL,NULL,'--- {}\n\n'),(679,3,505,238,'RIFF:MaxDataRate',NULL,'2012-04-20 12:01:53','2012-04-20 12:01:53',NULL,NULL,NULL,'--- {}\n\n'),(681,3,507,239,'RIFF:Quality',NULL,'2012-04-20 12:01:53','2012-04-20 12:01:53',NULL,NULL,NULL,'--- {}\n\n'),(683,3,509,240,'RIFF:SampleSize',NULL,'2012-04-20 12:01:53','2012-04-20 12:01:53',NULL,NULL,NULL,'--- {}\n\n'),(685,3,511,241,'RIFF:Software',NULL,'2012-04-20 12:01:53','2012-04-20 12:01:53',NULL,NULL,NULL,'--- {}\n\n'),(687,3,513,242,'RIFF:StreamCount',NULL,'2012-04-20 12:01:53','2012-04-20 12:01:53',NULL,NULL,NULL,'--- {}\n\n'),(689,3,515,243,'RIFF:StreamType',NULL,'2012-04-20 12:01:53','2012-04-20 12:01:53',NULL,NULL,NULL,'--- {}\n\n'),(691,3,517,244,'RIFF:VideoCodec',NULL,'2012-04-20 12:01:53','2012-04-20 12:01:53',NULL,NULL,NULL,'--- {}\n\n'),(693,3,519,245,'RIFF:VideoFrameCount',NULL,'2012-04-20 12:01:53','2012-04-20 12:01:53',NULL,NULL,NULL,'--- {}\n\n'),(694,3,520,246,'MPEG:VBRBytes',NULL,'2012-04-20 12:01:53','2012-04-20 12:01:53',NULL,NULL,NULL,'--- {}\n\n'),(696,3,522,247,'MPEG:VBRFrames',NULL,'2012-04-20 12:01:53','2012-04-20 12:01:53',NULL,NULL,NULL,'--- {}\n\n'),(698,3,524,248,'ID3v2_4:EncoderSettings',NULL,'2012-04-20 12:01:53','2012-04-20 12:01:53',NULL,NULL,NULL,'--- {}\n\n'),(700,3,526,249,'ID3v2_4:EncodingTime',NULL,'2012-04-20 12:01:53','2012-04-20 12:01:53',NULL,NULL,NULL,'--- {}\n\n'),(702,3,528,250,'ID3v2_4:ReleaseTime',NULL,'2012-04-20 12:01:53','2012-04-20 12:01:53',NULL,NULL,NULL,'--- {}\n\n'),(704,3,530,251,'ID3v2_4:UserDefinedText',NULL,'2012-04-20 12:01:53','2012-04-20 12:01:53',NULL,NULL,NULL,'--- {}\n\n'),(709,29,545,9,NULL,NULL,'2012-04-20 12:01:53','2012-04-20 12:01:53',3269,NULL,NULL,'--- {}\n\n'),(711,29,535,3,NULL,NULL,'2012-04-20 12:01:53','2012-04-20 12:01:53',3271,NULL,3273,'--- {}\n\n'),(713,29,539,6,NULL,NULL,'2012-04-20 12:01:53','2012-04-20 12:01:53',3275,NULL,3277,'--- {}\n\n'),(715,29,537,5,NULL,NULL,'2012-04-20 12:01:53','2012-04-20 12:01:53',3279,NULL,3281,'--- {}\n\n'),(717,29,541,7,NULL,NULL,'2012-04-20 12:01:53','2012-04-20 12:01:53',3283,NULL,NULL,'--- {}\n\n'),(719,29,533,1,NULL,NULL,'2012-04-20 12:01:53','2012-04-20 12:01:53',3285,NULL,NULL,'--- {}\n\n'),(721,29,543,8,NULL,NULL,'2012-04-20 12:01:53','2012-04-20 12:01:53',3287,NULL,3369,'--- {}\n\n'),(723,29,549,4,NULL,NULL,'2012-04-20 12:01:53','2012-04-20 12:01:53',3373,NULL,NULL,'--- {}\n\n'),(725,29,547,2,NULL,NULL,'2012-04-20 12:01:53','2012-04-20 12:01:53',3375,NULL,NULL,'--- {}\n\n'),(727,3,551,252,'QuickTime:Unknown_Cr8r',NULL,'2012-04-20 12:01:53','2012-04-20 12:01:53',NULL,NULL,NULL,'--- {}\n\n'),(729,3,553,253,'QuickTime:Unknown_FIEL',NULL,'2012-04-20 12:01:53','2012-04-20 12:01:53',NULL,NULL,NULL,'--- {}\n\n'),(731,3,555,254,'QuickTime:Unknown_FXTC',NULL,'2012-04-20 12:01:53','2012-04-20 12:01:53',NULL,NULL,NULL,'--- {}\n\n'),(733,3,557,255,'QuickTime:Unknown_aeLK',NULL,'2012-04-20 12:01:53','2012-04-20 12:01:53',NULL,NULL,NULL,'--- {}\n\n'),(735,3,559,256,'RIFF:TextJunk',NULL,'2012-04-20 12:01:53','2012-04-20 12:01:53',NULL,NULL,NULL,'--- {}\n\n'),(737,3,561,257,'RIFF:TotalFrameCount',NULL,'2012-04-20 12:01:53','2012-04-20 12:01:53',NULL,NULL,NULL,'--- {}\n\n'),(739,3,563,258,'QuickTime:Requirements',NULL,'2012-04-20 12:01:53','2012-04-20 12:01:53',NULL,NULL,NULL,'--- {}\n\n'),(741,3,565,259,'QuickTime:CreationDate-deu',NULL,'2012-04-20 12:01:53','2012-04-20 12:01:53',NULL,NULL,NULL,'--- {}\n\n'),(743,3,567,260,'QuickTime:Make-deu',NULL,'2012-04-20 12:01:53','2012-04-20 12:01:53',NULL,NULL,NULL,'--- {}\n\n'),(745,3,569,261,'QuickTime:Model-deu',NULL,'2012-04-20 12:01:53','2012-04-20 12:01:53',NULL,NULL,NULL,'--- {}\n\n'),(747,3,571,262,'QuickTime:Software-deu',NULL,'2012-04-20 12:01:53','2012-04-20 12:01:53',NULL,NULL,NULL,'--- {}\n\n'),(749,3,573,263,'RIFF:AudioCodec',NULL,'2012-04-20 12:01:53','2012-04-20 12:01:53',NULL,NULL,NULL,'--- {}\n\n'),(751,3,575,264,'RIFF:AudioSampleCount',NULL,'2012-04-20 12:01:53','2012-04-20 12:01:53',NULL,NULL,NULL,'--- {}\n\n'),(753,3,577,265,'RIFF:AvgBytesPerSec',NULL,'2012-04-20 12:01:53','2012-04-20 12:01:53',NULL,NULL,NULL,'--- {}\n\n'),(755,3,579,266,'RIFF:BitsPerSample',NULL,'2012-04-20 12:01:53','2012-04-20 12:01:53',NULL,NULL,NULL,'--- {}\n\n'),(757,3,581,267,'RIFF:Encoding',NULL,'2012-04-20 12:01:53','2012-04-20 12:01:53',NULL,NULL,NULL,'--- {}\n\n'),(759,3,583,268,'RIFF:NumChannels',NULL,'2012-04-20 12:01:53','2012-04-20 12:01:53',NULL,NULL,NULL,'--- {}\n\n'),(761,31,585,0,NULL,NULL,'2012-04-20 12:01:53','2012-04-20 12:01:53',3839,NULL,NULL,'--- {}\n\n'),(763,31,593,1,NULL,NULL,'2012-04-20 12:01:53','2012-04-20 12:01:53',3841,NULL,NULL,'--- {}\n\n'),(765,31,587,2,NULL,NULL,'2012-04-20 12:01:53','2012-04-20 12:01:53',3843,NULL,NULL,'--- {}\n\n'),(767,31,589,3,NULL,NULL,'2012-04-20 12:01:53','2012-04-20 12:01:53',3851,NULL,NULL,'--- {}\n\n'),(769,31,591,4,NULL,NULL,'2012-04-20 12:01:53','2012-04-20 12:01:53',3849,NULL,NULL,'--- {}\n\n'),(771,3,595,269,'QuickTime:UserData_TIM',NULL,'2012-04-20 12:01:53','2012-04-20 12:01:53',NULL,NULL,NULL,'--- {}\n\n'),(773,3,597,270,'Track1:ChunkOffset64',NULL,'2012-04-20 12:01:53','2012-04-20 12:01:53',NULL,NULL,NULL,'--- {}\n\n'),(775,3,599,271,'Track2:NullMediaHeader',NULL,'2012-04-20 12:01:53','2012-04-20 12:01:53',NULL,NULL,NULL,'--- {}\n\n'),(777,3,601,272,'XMP-xmpMM:PantryFlashFired',NULL,'2012-04-20 12:01:53','2012-04-20 12:01:53',NULL,NULL,NULL,'--- {}\n\n'),(779,3,603,273,'XMP-xmpMM:PantryFlashFunction',NULL,'2012-04-20 12:01:53','2012-04-20 12:01:53',NULL,NULL,NULL,'--- {}\n\n'),(781,3,605,274,'XMP-xmpMM:PantryFlashMode',NULL,'2012-04-20 12:01:53','2012-04-20 12:01:53',NULL,NULL,NULL,'--- {}\n\n'),(783,3,607,275,'XMP-xmpMM:PantryFlashRedEyeMode',NULL,'2012-04-20 12:01:53','2012-04-20 12:01:53',NULL,NULL,NULL,'--- {}\n\n'),(785,3,609,276,'XMP-xmpMM:PantryFlashReturn',NULL,'2012-04-20 12:01:53','2012-04-20 12:01:53',NULL,NULL,NULL,'--- {}\n\n'),(787,3,615,277,'QuickTime:ComAppleFinalcutstudioMediaHistoryUuid',NULL,'2012-04-20 12:01:53','2012-04-20 12:01:53',NULL,NULL,NULL,'--- {}\n\n'),(789,3,617,278,'QuickTime:Unknown_0x010a',NULL,'2012-04-20 12:01:53','2012-04-20 12:01:53',NULL,NULL,NULL,'--- {}\n\n'),(791,3,619,279,'Track1:ChapterList',NULL,'2012-04-20 12:01:53','2012-04-20 12:01:53',NULL,NULL,NULL,'--- {}\n\n'),(793,3,621,280,'Track4:Text',NULL,'2012-04-20 12:01:53','2012-04-20 12:01:53',NULL,NULL,NULL,'--- {}\n\n'),(795,3,623,281,'Track4:Unknown_kgit',NULL,'2012-04-20 12:01:53','2012-04-20 12:01:53',NULL,NULL,NULL,'--- {}\n\n'),(797,1,613,6,NULL,NULL,'2012-04-20 12:01:53','2012-04-20 12:01:53',4365,NULL,NULL,'--- {}\n\n'),(799,6,613,5,NULL,NULL,'2012-04-20 12:01:53','2012-04-20 12:01:53',4355,NULL,NULL,'--- {}\n\n'),(801,3,625,282,'QuickTime:ComAppleProappsClipID',NULL,'2012-04-20 12:01:53','2012-04-20 12:01:53',NULL,NULL,NULL,'--- {}\n\n'),(803,3,627,283,'QuickTime:ComAppleProappsIsGood',NULL,'2012-04-20 12:01:53','2012-04-20 12:01:53',NULL,NULL,NULL,'--- {}\n\n'),(805,3,629,284,'QuickTime:ComAppleProappsOriginalFormat',NULL,'2012-04-20 12:01:53','2012-04-20 12:01:53',NULL,NULL,NULL,'--- {}\n\n'),(807,3,631,285,'QuickTime:ComAppleProappsReel',NULL,'2012-04-20 12:01:53','2012-04-20 12:01:53',NULL,NULL,NULL,'--- {}\n\n'),(809,3,633,286,'QuickTime:ComSonyBprlMxfUmid',NULL,'2012-04-20 12:01:53','2012-04-20 12:01:53',NULL,NULL,NULL,'--- {}\n\n'),(811,3,635,287,'QuickTime:ComSonyBprlXdcamradplugVersion',NULL,'2012-04-20 12:01:53','2012-04-20 12:01:53',NULL,NULL,NULL,'--- {}\n\n'),(813,3,637,288,'QuickTime:ComSonyProfessionaldiscNonrealtimemetaLastupdate',NULL,'2012-04-20 12:01:53','2012-04-20 12:01:53',NULL,NULL,NULL,'--- {}\n\n'),(815,3,639,289,'QuickTime:OrgSmpteMxfPackageMaterialPackageid',NULL,'2012-04-20 12:01:53','2012-04-20 12:01:53',NULL,NULL,NULL,'--- {}\n\n'),(817,3,641,290,'QuickTime:Unknown_kgcg',NULL,'2012-04-20 12:01:53','2012-04-20 12:01:53',NULL,NULL,NULL,'--- {}\n\n'),(819,3,643,291,'QuickTime:Unknown_kgsi',NULL,'2012-04-20 12:01:53','2012-04-20 12:01:53',NULL,NULL,NULL,'--- {}\n\n');
/*!40000 ALTER TABLE `meta_key_definitions` ENABLE KEYS */;
UNLOCK TABLES;

--
-- Table structure for table `meta_keys`
--

DROP TABLE IF EXISTS `meta_keys`;
/*!40101 SET @saved_cs_client     = @@character_set_client */;
/*!40101 SET character_set_client = utf8 */;
CREATE TABLE `meta_keys` (
  `id` int(11) NOT NULL AUTO_INCREMENT,
  `label` varchar(255) COLLATE utf8_unicode_ci DEFAULT NULL,
  `object_type` varchar(255) COLLATE utf8_unicode_ci DEFAULT NULL,
  `is_dynamic` tinyint(1) DEFAULT NULL,
  `is_extensible_list` tinyint(1) DEFAULT NULL,
  PRIMARY KEY (`id`),
  UNIQUE KEY `index_meta_keys_on_label` (`label`),
  KEY `index_meta_keys_on_object_type` (`object_type`)
) ENGINE=InnoDB AUTO_INCREMENT=644 DEFAULT CHARSET=utf8 COLLATE=utf8_unicode_ci;
/*!40101 SET character_set_client = @saved_cs_client */;

--
-- Dumping data for table `meta_keys`
--

LOCK TABLES `meta_keys` WRITE;
/*!40000 ALTER TABLE `meta_keys` DISABLE KEYS */;
INSERT INTO `meta_keys` VALUES (1,'identifier',NULL,NULL,NULL),(2,'urn',NULL,NULL,NULL),(3,'title',NULL,NULL,NULL),(4,'subtitle',NULL,NULL,NULL),(5,'author','Person',NULL,NULL),(6,'additional authors','Person',NULL,NULL),(7,'institutional affiliation','MetaDepartment',NULL,NULL),(8,'portrayed object dates','MetaDate',NULL,NULL),(9,'keywords','Keyword',NULL,NULL),(10,'classification',NULL,NULL,NULL),(11,'portrayed object location',NULL,NULL,NULL),(12,'portrayed object city',NULL,NULL,NULL),(13,'portrayed object state',NULL,NULL,NULL),(14,'portrayed object country',NULL,NULL,NULL),(15,'portrayed object country code','MetaCountry',NULL,NULL),(16,'portrayed person',NULL,NULL,NULL),(17,'portrayed institution',NULL,NULL,NULL),(18,'other creative participants',NULL,NULL,NULL),(19,'other document participants',NULL,NULL,NULL),(20,'participating institution',NULL,NULL,NULL),(21,'patron',NULL,NULL,NULL),(22,'academic year','MetaTerm',NULL,0),(23,'project leader',NULL,NULL,NULL),(24,'project type','MetaTerm',NULL,0),(25,'description',NULL,NULL,NULL),(26,'short description',NULL,NULL,NULL),(27,'public caption',NULL,NULL,NULL),(28,'remark',NULL,NULL,NULL),(29,'hyperlinks',NULL,NULL,NULL),(30,'tags',NULL,NULL,NULL),(31,'type','MetaTerm',NULL,0),(32,'scene',NULL,NULL,NULL),(33,'subject code',NULL,NULL,NULL),(34,'coverage',NULL,NULL,NULL),(35,'language',NULL,NULL,NULL),(36,'relation',NULL,NULL,NULL),(37,'creator','Person',NULL,NULL),(38,'creator address',NULL,NULL,NULL),(39,'creator city',NULL,NULL,NULL),(40,'creator state',NULL,NULL,NULL),(41,'creator postal code',NULL,NULL,NULL),(42,'creator country',NULL,NULL,NULL),(43,'creator work telephone',NULL,NULL,NULL),(44,'creator work email',NULL,NULL,NULL),(45,'creator work url',NULL,NULL,NULL),(46,'creator position',NULL,NULL,NULL),(47,'source',NULL,NULL,NULL),(48,'source side',NULL,NULL,NULL),(49,'source image',NULL,NULL,NULL),(50,'source plate',NULL,NULL,NULL),(51,'source isbn',NULL,NULL,NULL),(52,'copyright notice',NULL,NULL,NULL),(53,'copyright status','Copyright',NULL,NULL),(54,'copyright usage',NULL,1,NULL),(55,'copyright url',NULL,1,NULL),(56,'provider',NULL,NULL,NULL),(57,'portrayed object dimensions',NULL,NULL,NULL),(58,'portrayed object materials','MetaTerm',NULL,1),(59,'rating',NULL,NULL,NULL),(60,'uploaded by','User',0,NULL),(61,'uploaded at','Date',1,NULL),(62,'description author','Person',NULL,NULL),(63,'publisher',NULL,NULL,NULL),(64,'format',NULL,NULL,NULL),(65,'date created','MetaDate',NULL,NULL),(66,'transmission reference',NULL,NULL,NULL),(67,'objectnumber',NULL,NULL,NULL),(68,'objectname',NULL,NULL,NULL),(69,'color mode',NULL,NULL,NULL),(70,'history',NULL,NULL,NULL),(71,'intellectual genre',NULL,NULL,NULL),(72,'creator contact info',NULL,NULL,NULL),(73,'project title',NULL,NULL,NULL),(74,'public access',NULL,1,NULL),(75,'edited by',NULL,1,NULL),(76,'media type',NULL,1,NULL),(77,'description author before import','Person',NULL,NULL),(78,'description author before snapshot','Person',NULL,NULL),(79,'sidecar for extension',NULL,NULL,NULL),(81,'LV_Landschaftstyp','MetaTerm',NULL,1),(83,'LV_Verwendungszweck','MetaTerm',NULL,1),(85,'LV_Bildwirkung','MetaTerm',NULL,1),(87,'LV_Bildzeit','MetaTerm',NULL,0),(89,'LV_Farbe','MetaTerm',NULL,1),(91,'LV_Landschaftselemente','MetaTerm',NULL,1),(93,'LV_Wetter/Klima','MetaTerm',NULL,1),(95,'LV_Horizontlinie','MetaTerm',NULL,0),(97,'LV_Räumliche Wahrnehmung','MetaTerm',NULL,0),(99,'LV_Abstraktionsgrad','MetaTerm',NULL,0),(101,'category',NULL,NULL,NULL),(103,'SL_Resourcen','MetaTerm',NULL,1),(105,'SO_Ordnungen','MetaTerm',NULL,1),(107,'CA_Konzept','MetaTerm',NULL,1),(109,'CA_Informationstechnologie','MetaTerm',NULL,1),(111,'CA_Zweck','MetaTerm',NULL,1),(113,'CA_Thema','MetaTerm',NULL,1),(115,'CA_Kontext','MetaTerm',NULL,1),(117,'CA_Ausgangsmaterial','MetaTerm',NULL,1),(119,'CA_Daten','MetaTerm',NULL,1),(121,'CA_Sinnstiftung','MetaTerm',NULL,1),(123,'epoch','MetaTerm',NULL,1),(125,'SO_Elemente','MetaTerm',NULL,1),(127,'SO_Kontext','MetaTerm',NULL,1),(129,'SO_Medium','MetaTerm',NULL,1),(133,'VFO_Ansätze','MetaTerm',NULL,1),(137,'VFO_Ausstellungen','MetaTerm',NULL,1),(139,'create date',NULL,NULL,NULL),(141,'current time',NULL,NULL,NULL),(143,'duration',NULL,NULL,NULL),(145,'free',NULL,NULL,NULL),(147,'matrix structure',NULL,NULL,NULL),(149,'modify date',NULL,NULL,NULL),(151,'movie data',NULL,NULL,NULL),(153,'movie data size',NULL,NULL,NULL),(155,'movie header version',NULL,NULL,NULL),(157,'next track id',NULL,NULL,NULL),(159,'poster time',NULL,NULL,NULL),(161,'preferred rate',NULL,NULL,NULL),(163,'preferred volume',NULL,NULL,NULL),(165,'preview duration',NULL,NULL,NULL),(167,'preview time',NULL,NULL,NULL),(169,'selection duration',NULL,NULL,NULL),(171,'selection time',NULL,NULL,NULL),(173,'time scale',NULL,NULL,NULL),(175,'wide',NULL,NULL,NULL),(177,'audio bits per sample',NULL,NULL,NULL),(179,'audio channels',NULL,NULL,NULL),(181,'audio format',NULL,NULL,NULL),(183,'audio sample rate',NULL,NULL,NULL),(185,'balance',NULL,NULL,NULL),(187,'chunk offset',NULL,NULL,NULL),(189,'handler class',NULL,NULL,NULL),(191,'handler description',NULL,NULL,NULL),(193,'handler type',NULL,NULL,NULL),(195,'handler vendor id',NULL,NULL,NULL),(197,'media create date',NULL,NULL,NULL),(199,'media duration',NULL,NULL,NULL),(201,'media header version',NULL,NULL,NULL),(203,'media modify date',NULL,NULL,NULL),(205,'media time scale',NULL,NULL,NULL),(207,'sample sizes',NULL,NULL,NULL),(209,'sample to chunk',NULL,NULL,NULL),(211,'time to sample table',NULL,NULL,NULL),(213,'track create date',NULL,NULL,NULL),(215,'track duration',NULL,NULL,NULL),(217,'track header version',NULL,NULL,NULL),(219,'track id',NULL,NULL,NULL),(221,'track layer',NULL,NULL,NULL),(223,'track modify date',NULL,NULL,NULL),(225,'track volume',NULL,NULL,NULL),(227,'unknown alis',NULL,NULL,NULL),(229,'unknown edts',NULL,NULL,NULL),(231,'bit depth',NULL,NULL,NULL),(233,'compressor id',NULL,NULL,NULL),(235,'compressor name',NULL,NULL,NULL),(237,'graphics mode',NULL,NULL,NULL),(239,'image height',NULL,NULL,NULL),(241,'image width',NULL,NULL,NULL),(243,'op color',NULL,NULL,NULL),(245,'source image height',NULL,NULL,NULL),(247,'source image width',NULL,NULL,NULL),(249,'sync sample table',NULL,NULL,NULL),(251,'vendor id',NULL,NULL,NULL),(253,'video frame rate',NULL,NULL,NULL),(255,'x resolution',NULL,NULL,NULL),(257,'y resolution',NULL,NULL,NULL),(259,'avg bitrate',NULL,NULL,NULL),(261,'image size',NULL,NULL,NULL),(263,'rotation',NULL,NULL,NULL),(265,'track number',NULL,NULL,NULL),(267,'media language code',NULL,NULL,NULL),(269,'compatible brands',NULL,NULL,NULL),(271,'major brand',NULL,NULL,NULL),(273,'minor version',NULL,NULL,NULL),(275,'initial object descriptor',NULL,NULL,NULL),(277,'unknown gshh',NULL,NULL,NULL),(279,'unknown gspm',NULL,NULL,NULL),(281,'unknown gspu',NULL,NULL,NULL),(283,'unknown gssd',NULL,NULL,NULL),(285,'unknown gsst',NULL,NULL,NULL),(287,'unknown gstd',NULL,NULL,NULL),(289,'audio bitrate',NULL,NULL,NULL),(291,'audio layer',NULL,NULL,NULL),(293,'channel mode',NULL,NULL,NULL),(295,'copyright flag',NULL,NULL,NULL),(297,'emphasis',NULL,NULL,NULL),(299,'encoder',NULL,NULL,NULL),(301,'intensity stereo',NULL,NULL,NULL),(303,'lame bitrate',NULL,NULL,NULL),(305,'lame low pass filter',NULL,NULL,NULL),(307,'lame method',NULL,NULL,NULL),(309,'lame quality',NULL,NULL,NULL),(311,'lame stereo mode',NULL,NULL,NULL),(313,'lame vbr quality',NULL,NULL,NULL),(315,'mpeg audio version',NULL,NULL,NULL),(317,'ms stereo',NULL,NULL,NULL),(319,'original media',NULL,NULL,NULL),(321,'sample rate',NULL,NULL,NULL),(323,'id3 size',NULL,NULL,NULL),(325,'album',NULL,NULL,NULL),(327,'artist',NULL,NULL,NULL),(329,'comment',NULL,NULL,NULL),(331,'genre','MetaTerm',NULL,1),(333,'track',NULL,NULL,NULL),(335,'year',NULL,NULL,NULL),(337,'date time original',NULL,NULL,NULL),(339,'style','MetaTerm',NULL,1),(341,'Zett_Ansprechsperson','Person',NULL,NULL),(343,'Zett_Artikel',NULL,NULL,NULL),(345,'Zett_Ausgabe','MetaTerm',NULL,0),(347,'Zett_Autorinnen','Person',NULL,NULL),(349,'Zett_Kommentar',NULL,NULL,NULL),(351,'Zett_Sparte','MetaTerm',NULL,0),(353,'Zett_Status','MetaTerm',NULL,0),(355,'Zett_Redaktion','Person',NULL,NULL),(357,'Zett_Produktion','Person',NULL,NULL),(359,'composition time to sample',NULL,NULL,NULL),(361,'composition to decode timeline mapping',NULL,NULL,NULL),(363,'idependent and disposable samples',NULL,NULL,NULL),(365,'unknown tapt',NULL,NULL,NULL),(367,'com apple finalcutstudio media uuid',NULL,NULL,NULL),(369,'unknown stps',NULL,NULL,NULL),(371,'unknown tmcd',NULL,NULL,NULL),(373,'gen balance',NULL,NULL,NULL),(375,'gen flags',NULL,NULL,NULL),(377,'gen graphics mode',NULL,NULL,NULL),(379,'gen media version',NULL,NULL,NULL),(381,'gen op color',NULL,NULL,NULL),(383,'other format',NULL,NULL,NULL),(385,'unknown kgtt',NULL,NULL,NULL),(387,'supplemental categories',NULL,NULL,NULL),(389,'urgency',NULL,NULL,NULL),(391,'Toni_Blickrichtung','MetaTerm',NULL,1),(393,'Toni_Prozess',NULL,NULL,NULL),(395,'Toni_Objekt','MetaTerm',NULL,1),(397,'Zett_Artikelbildnr',NULL,NULL,NULL),(399,'Zett_Artikel_Arbeitstitel',NULL,NULL,NULL),(401,'audio gain',NULL,NULL,NULL),(403,'bass',NULL,NULL,NULL),(405,'brightness',NULL,NULL,NULL),(407,'color',NULL,NULL,NULL),(409,'contrast',NULL,NULL,NULL),(411,'mute',NULL,NULL,NULL),(413,'pitch shift',NULL,NULL,NULL),(415,'play all frames',NULL,NULL,NULL),(417,'play selection',NULL,NULL,NULL),(419,'player version',NULL,NULL,NULL),(421,'tint',NULL,NULL,NULL),(423,'trebel',NULL,NULL,NULL),(425,'version',NULL,NULL,NULL),(427,'window location',NULL,NULL,NULL),(429,'unknown load',NULL,NULL,NULL),(431,'instructions',NULL,NULL,NULL),(433,'unknown 0x009b',NULL,NULL,NULL),(435,'unknown apmd',NULL,NULL,NULL),(437,'user data tsc',NULL,NULL,NULL),(439,'user data tsz',NULL,NULL,NULL),(441,'unknown cios',NULL,NULL,NULL),(443,'encoded by',NULL,NULL,NULL),(445,'document ancestors',NULL,NULL,NULL),(447,'text layer name',NULL,NULL,NULL),(449,'text layer text',NULL,NULL,NULL),(451,'user data enc',NULL,NULL,NULL),(453,'source credits',NULL,NULL,NULL),(455,'user data prd',NULL,NULL,NULL),(457,'user data key',NULL,NULL,NULL),(459,'compressor version',NULL,NULL,NULL),(461,'unknown cndm',NULL,NULL,NULL),(463,'unknown free',NULL,NULL,NULL),(465,'aperture',NULL,NULL,NULL),(467,'drive mode',NULL,NULL,NULL),(469,'focal length35efl',NULL,NULL,NULL),(471,'lens',NULL,NULL,NULL),(473,'lens35efl',NULL,NULL,NULL),(475,'lens id',NULL,NULL,NULL),(477,'shooting mode',NULL,NULL,NULL),(479,'shutter speed',NULL,NULL,NULL),(481,'canon flash info',NULL,NULL,NULL),(483,'canon flash mode',NULL,NULL,NULL),(485,'flash activity',NULL,NULL,NULL),(487,'flash bits',NULL,NULL,NULL),(489,'flash exposure comp',NULL,NULL,NULL),(491,'flash guide number',NULL,NULL,NULL),(493,'flash output',NULL,NULL,NULL),(495,'manual flash output',NULL,NULL,NULL),(497,'flash',NULL,NULL,NULL),(499,'flashpix version',NULL,NULL,NULL),(501,'frame count',NULL,NULL,NULL),(503,'frame rate',NULL,NULL,NULL),(505,'max data rate',NULL,NULL,NULL),(507,'quality',NULL,NULL,NULL),(509,'sample size',NULL,NULL,NULL),(511,'software',NULL,NULL,NULL),(513,'stream count',NULL,NULL,NULL),(515,'stream type',NULL,NULL,NULL),(517,'video codec',NULL,NULL,NULL),(519,'video frame count',NULL,NULL,NULL),(520,'vbr bytes',NULL,NULL,NULL),(522,'vbr frames',NULL,NULL,NULL),(524,'encoder settings',NULL,NULL,NULL),(526,'encoding time',NULL,NULL,NULL),(528,'release time',NULL,NULL,NULL),(530,'user defined text',NULL,NULL,NULL),(533,'FI_Veröffentlichungen','MetaTerm',NULL,0),(535,'FI_Fachveranstaltungen','MetaTerm',NULL,0),(537,'FI_Verbreitung','MetaTerm',NULL,0),(539,'FI_Transfer','MetaTerm',NULL,0),(541,'FI_Vernetzung','MetaTerm',NULL,0),(543,'FI_Wissenschaftsbetrieb','MetaTerm',NULL,0),(545,'FI_Drittmittel','MetaTerm',NULL,0),(547,'FI_Veröffentlichungen_Text',NULL,NULL,NULL),(549,'FI_Fachveranstaltungen_Text',NULL,NULL,NULL),(551,'unknown cr8r',NULL,NULL,NULL),(553,'unknown fiel',NULL,NULL,NULL),(555,'unknown fxtc',NULL,NULL,NULL),(557,'unknown ae lk',NULL,NULL,NULL),(559,'text junk',NULL,NULL,NULL),(561,'total frame count',NULL,NULL,NULL),(563,'requirements',NULL,NULL,NULL),(565,'creation date deu',NULL,NULL,NULL),(567,'make deu',NULL,NULL,NULL),(569,'model deu',NULL,NULL,NULL),(571,'software deu',NULL,NULL,NULL),(573,'audio codec',NULL,NULL,NULL),(575,'audio sample count',NULL,NULL,NULL),(577,'avg bytes per sec',NULL,NULL,NULL),(579,'bits per sample',NULL,NULL,NULL),(581,'encoding',NULL,NULL,NULL),(583,'num channels',NULL,NULL,NULL),(585,'PA_Artefakttyp','MetaTerm',NULL,0),(587,'PA_Überlieferungsleistung','MetaTerm',NULL,1),(589,'PA_Vermittlungspotential','MetaTerm',NULL,1),(591,'PA_KommentarArtefakte',NULL,NULL,NULL),(593,'PA_ArtefakttypDifferenzierung','MetaTerm',NULL,1),(595,'user data tim',NULL,NULL,NULL),(597,'chunk offset64',NULL,NULL,NULL),(599,'null media header',NULL,NULL,NULL),(601,'pantry flash fired',NULL,NULL,NULL),(603,'pantry flash function',NULL,NULL,NULL),(605,'pantry flash mode',NULL,NULL,NULL),(607,'pantry flash red eye mode',NULL,NULL,NULL),(609,'pantry flash return',NULL,NULL,NULL),(611,'Status Archivierung','MetaTerm',NULL,NULL),(613,'owner','User',1,NULL),(615,'com apple finalcutstudio media history uuid',NULL,NULL,NULL),(617,'unknown 0x010a',NULL,NULL,NULL),(619,'chapter list',NULL,NULL,NULL),(621,'text',NULL,NULL,NULL),(623,'unknown kgit',NULL,NULL,NULL),(625,'com apple proapps clip id',NULL,NULL,NULL),(627,'com apple proapps is good',NULL,NULL,NULL),(629,'com apple proapps original format',NULL,NULL,NULL),(631,'com apple proapps reel',NULL,NULL,NULL),(633,'com sony bprl mxf umid',NULL,NULL,NULL),(635,'com sony bprl xdcamradplug version',NULL,NULL,NULL),(637,'com sony professionaldisc nonrealtimemeta lastupdate',NULL,NULL,NULL),(639,'org smpte mxf package material packageid',NULL,NULL,NULL),(641,'unknown kgcg',NULL,NULL,NULL),(643,'unknown kgsi',NULL,NULL,NULL);
/*!40000 ALTER TABLE `meta_keys` ENABLE KEYS */;
UNLOCK TABLES;

--
-- Table structure for table `meta_keys_meta_terms`
--

DROP TABLE IF EXISTS `meta_keys_meta_terms`;
/*!40101 SET @saved_cs_client     = @@character_set_client */;
/*!40101 SET character_set_client = utf8 */;
CREATE TABLE `meta_keys_meta_terms` (
  `meta_key_id` int(11) DEFAULT NULL,
  `meta_term_id` int(11) DEFAULT NULL,
  `id` int(11) NOT NULL AUTO_INCREMENT,
  `position` int(11) NOT NULL DEFAULT '0',
  PRIMARY KEY (`id`),
  UNIQUE KEY `index_meta_keys_terms_on_meta_key_id_and_term_id` (`meta_key_id`,`meta_term_id`),
  KEY `index_meta_keys_meta_terms_on_position` (`position`)
) ENGINE=InnoDB AUTO_INCREMENT=523 DEFAULT CHARSET=utf8 COLLATE=utf8_unicode_ci;
/*!40101 SET character_set_client = @saved_cs_client */;

--
-- Dumping data for table `meta_keys_meta_terms`
--

LOCK TABLES `meta_keys_meta_terms` WRITE;
/*!40000 ALTER TABLE `meta_keys_meta_terms` DISABLE KEYS */;
INSERT INTO `meta_keys_meta_terms` VALUES (22,60,1,0),(22,61,2,1),(22,62,3,2),(22,63,4,3),(22,64,5,4),(22,340,6,5),(22,341,7,6),(22,2131,8,7),(22,2321,9,8),(22,2666,10,9),(22,2668,11,10),(24,85,12,0),(24,86,13,1),(24,87,14,2),(24,88,15,3),(24,89,16,4),(24,90,17,5),(24,91,18,6),(31,73,19,0),(31,74,20,1),(31,75,21,2),(31,76,22,3),(31,77,23,4),(31,78,24,5),(31,79,25,6),(31,80,26,7),(31,83,27,8),(58,801,28,0),(58,885,29,1),(58,1387,30,2),(58,1571,31,3),(58,2161,32,4),(58,2163,33,5),(58,2165,34,6),(58,2167,35,7),(58,2169,36,8),(58,2171,37,9),(58,2173,38,10),(58,2175,39,11),(58,2177,40,12),(58,2179,41,13),(58,2181,42,14),(58,2183,43,15),(58,2185,44,16),(58,2187,45,17),(58,2189,46,18),(58,2191,47,19),(58,2193,48,20),(58,2195,49,21),(58,2197,50,22),(58,2199,51,23),(58,2201,52,24),(58,2203,53,25),(58,2205,54,26),(58,2207,55,27),(58,2209,56,28),(58,2211,57,29),(58,2339,58,30),(58,2351,59,31),(58,2353,60,32),(58,2355,61,33),(58,2591,62,34),(58,2706,63,35),(58,3140,64,36),(58,3235,65,37),(58,3543,66,38),(58,3637,67,39),(58,3639,68,40),(58,3647,69,41),(58,3651,70,42),(58,3707,71,43),(58,3709,72,44),(58,3711,73,45),(58,3713,74,46),(58,3925,75,47),(58,4361,76,48),(81,443,77,0),(81,1063,78,1),(81,1065,79,2),(81,1081,80,3),(81,1083,81,4),(81,1085,82,5),(81,1087,83,6),(81,1089,84,7),(81,1091,85,8),(81,1093,86,9),(81,1095,87,10),(81,1097,88,11),(81,1191,89,12),(81,1225,90,13),(81,1227,91,14),(81,1229,92,15),(81,1263,93,16),(81,1363,94,17),(81,2369,95,18),(81,2371,96,19),(81,2377,97,20),(81,2379,98,21),(81,2395,99,22),(83,79,100,0),(83,1017,101,1),(83,1019,102,2),(83,1067,103,3),(83,1069,104,4),(83,1071,105,5),(83,1073,106,6),(83,1075,107,7),(83,1077,108,8),(83,1079,109,9),(83,1111,110,10),(83,1113,111,11),(83,1115,112,12),(85,1021,113,0),(85,1153,114,1),(85,1161,115,2),(85,1163,116,3),(85,1165,117,4),(85,1167,118,5),(85,1205,119,6),(85,1207,120,7),(85,1209,121,8),(85,1249,122,9),(85,1251,123,10),(85,1253,124,11),(85,1285,125,12),(85,1287,126,13),(85,1289,127,14),(85,1311,128,15),(85,1313,129,16),(85,1315,130,17),(85,1335,131,18),(85,1361,132,19),(85,1371,133,20),(85,1377,134,21),(85,1391,135,22),(85,1393,136,23),(85,1399,137,24),(85,1401,138,25),(85,1403,139,26),(85,1425,140,27),(85,1429,141,28),(85,1449,142,29),(85,1451,143,30),(85,1453,144,31),(85,1455,145,32),(85,2385,146,33),(85,2397,147,34),(87,1033,148,0),(87,1035,149,1),(87,1037,150,2),(87,1039,151,3),(87,1043,152,4),(87,1045,153,5),(87,1047,154,6),(87,1049,155,7),(87,1051,156,8),(87,1053,157,9),(87,1195,158,10),(87,1197,159,11),(87,1413,160,12),(89,741,161,0),(89,1149,162,1),(89,1169,163,2),(89,1171,164,3),(89,1173,165,4),(89,1211,166,5),(89,1213,167,6),(89,1231,168,7),(89,1241,169,8),(89,1243,170,9),(89,1245,171,10),(89,1255,172,11),(89,1261,173,12),(89,1267,174,13),(89,1305,175,14),(89,1323,176,15),(89,1331,177,16),(89,1367,178,17),(89,1457,179,18),(89,2389,180,19),(89,2555,181,20),(91,336,182,0),(91,431,183,1),(91,433,184,2),(91,435,185,3),(91,443,186,4),(91,461,187,5),(91,1175,188,6),(91,1177,189,7),(91,1179,190,8),(91,1181,191,9),(91,1183,192,10),(91,1215,193,11),(91,1217,194,12),(91,1219,195,13),(91,1221,196,14),(91,1223,197,15),(91,1233,198,16),(91,1235,199,17),(91,1247,200,18),(91,1257,201,19),(91,1259,202,20),(91,1269,203,21),(91,1273,204,22),(91,1275,205,23),(91,1277,206,24),(91,1279,207,25),(91,1291,208,26),(91,1293,209,27),(91,1295,210,28),(91,1297,211,29),(91,1299,212,30),(91,1301,213,31),(91,1303,214,32),(91,1307,215,33),(91,1309,216,34),(91,1317,217,35),(91,1319,218,36),(91,1321,219,37),(91,1325,220,38),(91,1327,221,39),(91,1329,222,40),(91,1337,223,41),(91,1339,224,42),(91,1341,225,43),(91,1343,226,44),(91,1345,227,45),(91,1347,228,46),(91,1349,229,47),(91,1351,230,48),(91,1355,231,49),(91,1357,232,50),(91,1359,233,51),(91,1365,234,52),(91,1375,235,53),(91,1379,236,54),(91,1395,237,55),(91,1397,238,56),(91,1405,239,57),(91,1407,240,58),(91,1409,241,59),(91,1427,242,60),(91,1459,243,61),(91,2367,244,62),(91,2373,245,63),(91,2381,246,64),(91,2383,247,65),(91,2387,248,66),(91,2391,249,67),(91,2393,250,68),(91,2399,251,69),(91,2547,252,70),(91,2553,253,71),(93,1117,254,0),(93,1119,255,1),(93,1121,256,2),(93,1125,257,3),(93,1127,258,4),(93,1129,259,5),(93,1131,260,6),(93,1133,261,7),(93,1135,262,8),(93,1139,263,9),(93,1159,264,10),(93,1239,265,11),(93,1265,266,12),(93,1333,267,13),(93,1417,268,14),(95,1057,269,0),(95,1059,270,1),(95,1061,271,2),(95,1199,272,3),(97,1099,273,0),(97,1101,274,1),(97,1103,275,2),(97,1105,276,3),(97,1107,277,4),(97,1109,278,5),(97,1201,279,6),(99,1021,280,0),(99,1023,281,1),(99,1025,282,2),(99,1027,283,3),(99,1029,284,4),(99,1031,285,5),(103,1479,286,0),(103,1481,287,1),(103,1483,288,2),(103,1485,289,3),(103,1487,290,4),(105,1493,291,0),(105,1495,292,1),(105,1497,293,2),(105,1499,294,3),(105,1501,295,4),(107,1593,296,0),(107,1771,297,1),(107,1773,298,2),(107,1775,299,3),(107,1777,300,4),(107,1791,301,5),(109,1387,302,0),(109,1551,303,1),(109,1561,304,2),(109,1589,305,3),(109,1725,306,4),(109,1727,307,5),(109,1729,308,6),(109,1731,309,7),(109,1733,310,8),(109,1735,311,9),(109,1737,312,10),(109,1739,313,11),(109,1741,314,12),(109,1743,315,13),(109,1747,316,14),(109,1749,317,15),(109,1751,318,16),(111,88,319,0),(111,1671,320,1),(111,1701,321,2),(111,1705,322,3),(111,1709,323,4),(111,1715,324,5),(111,3613,325,6),(113,1543,326,0),(113,1663,327,1),(113,1675,328,2),(113,1685,329,3),(113,1687,330,4),(113,1689,331,5),(113,1691,332,6),(113,1693,333,7),(113,1695,334,8),(113,1697,335,9),(113,1699,336,10),(113,1805,337,11),(115,89,338,0),(115,1463,339,1),(115,1659,340,2),(115,1717,341,3),(115,1793,342,4),(117,1655,343,0),(117,1721,344,1),(117,1723,345,2),(117,1789,346,3),(117,3593,347,4),(117,3595,348,5),(117,3597,349,6),(119,1521,350,0),(119,1657,351,1),(119,1753,352,2),(119,1755,353,3),(119,1757,354,4),(121,1561,355,0),(121,1623,356,1),(121,1629,357,2),(121,1661,358,3),(121,1759,359,4),(121,1761,360,5),(121,1763,361,6),(121,1765,362,7),(121,1767,363,8),(121,1769,364,9),(121,1795,365,10),(121,1797,366,11),(121,1799,367,12),(121,1801,368,13),(123,667,369,0),(123,1535,370,1),(123,1653,371,2),(123,1941,372,3),(123,1947,373,4),(123,1949,374,5),(123,1951,375,6),(123,1953,376,7),(123,1955,377,8),(123,1961,378,9),(123,1963,379,10),(123,1967,380,11),(123,1969,381,12),(123,1971,382,13),(123,1973,383,14),(123,1977,384,15),(123,1979,385,16),(123,1983,386,17),(123,1985,387,18),(123,1987,388,19),(123,1989,389,20),(123,1991,390,21),(123,2551,391,22),(125,1647,392,0),(125,1905,393,1),(125,2005,394,2),(125,2007,395,3),(125,2009,396,4),(127,1649,397,0),(127,2001,398,1),(127,2003,399,2),(129,1651,400,0),(129,1999,401,1),(133,1609,402,0),(133,1613,403,1),(133,1843,404,2),(133,1845,405,3),(133,1847,406,4),(133,1849,407,5),(133,1851,408,6),(133,1853,409,7),(133,1855,410,8),(133,1857,411,9),(133,1859,412,10),(133,1861,413,11),(133,1863,414,12),(133,1865,415,13),(133,1867,416,14),(137,1869,417,0),(137,1871,418,1),(137,1873,419,2),(137,1875,420,3),(137,1877,421,4),(331,447,422,0),(331,669,423,1),(331,1619,424,2),(331,1879,425,3),(331,1881,426,4),(331,2225,427,5),(339,655,428,0),(339,1827,429,1),(339,1831,430,2),(339,1833,431,3),(339,1835,432,4),(339,1837,433,5),(339,1839,434,6),(339,1841,435,7),(339,1995,436,8),(339,1997,437,9),(339,2549,438,10),(339,2557,439,11),(345,2097,440,0),(345,2099,441,1),(345,2101,442,2),(345,2103,443,3),(345,2105,444,4),(345,2409,445,5),(351,74,446,0),(351,83,447,1),(351,2075,448,2),(351,2077,449,3),(351,2079,450,4),(351,2081,451,5),(351,2083,452,6),(351,2085,453,7),(351,2087,454,8),(351,2089,455,9),(351,2091,456,10),(351,2093,457,11),(351,2095,458,12),(353,2061,459,0),(353,2063,460,1),(353,2065,461,2),(353,2067,462,3),(353,2069,463,4),(353,2071,464,5),(353,2073,465,6),(353,2107,466,7),(391,2243,467,0),(391,2249,468,1),(391,2253,469,2),(395,2241,470,0),(395,2245,471,1),(395,2247,472,2),(395,2251,473,3),(533,1603,474,0),(533,3289,475,1),(533,3291,476,2),(533,3293,477,3),(533,3295,478,4),(533,3297,479,5),(533,3299,480,6),(533,3301,481,7),(533,3303,482,8),(533,3305,483,9),(533,3307,484,10),(533,3309,485,11),(535,3311,486,0),(535,3313,487,1),(535,3315,488,2),(535,3317,489,3),(535,3319,490,4),(537,3321,491,0),(537,3323,492,1),(537,3325,493,2),(537,3327,494,3),(537,3329,495,4),(537,3331,496,5),(539,3333,497,0),(539,3335,498,1),(539,3337,499,2),(539,3339,500,3),(541,3341,501,0),(541,3343,502,1),(541,3345,503,2),(541,3347,504,3),(543,3349,505,0),(543,3351,506,1),(543,3353,507,2),(543,3355,508,3),(545,3357,509,0),(545,3359,510,1),(545,3361,511,2),(545,3363,512,3),(545,3365,513,4),(545,3367,514,5),(585,879,515,0),(585,3859,516,1),(585,3861,517,2),(585,3863,518,3),(585,3865,519,4),(585,4299,520,5),(585,4301,521,6),(585,4303,522,7);
/*!40000 ALTER TABLE `meta_keys_meta_terms` ENABLE KEYS */;
UNLOCK TABLES;

--
-- Table structure for table `meta_terms`
--

DROP TABLE IF EXISTS `meta_terms`;
/*!40101 SET @saved_cs_client     = @@character_set_client */;
/*!40101 SET character_set_client = utf8 */;
CREATE TABLE `meta_terms` (
  `id` int(11) NOT NULL AUTO_INCREMENT,
  `en_gb` varchar(255) COLLATE utf8_unicode_ci DEFAULT NULL,
  `de_ch` varchar(255) COLLATE utf8_unicode_ci DEFAULT NULL,
  PRIMARY KEY (`id`),
  KEY `index_terms_on_en_GB_and_de_CH` (`en_gb`,`de_ch`)
) ENGINE=InnoDB AUTO_INCREMENT=4559 DEFAULT CHARSET=utf8 COLLATE=utf8_unicode_ci;
/*!40101 SET character_set_client = @saved_cs_client */;

--
-- Dumping data for table `meta_terms`
--

LOCK TABLES `meta_terms` WRITE;
/*!40000 ALTER TABLE `meta_terms` DISABLE KEYS */;
INSERT INTO `meta_terms` VALUES (117,NULL,'Ist das Werk urheberrechtlich geschützt oder gemeinfrei?'),(1711,'','--- Darstellung / Visualisierung'),(1591,'','---Analyse'),(1719,'','---Experiment'),(3377,'','.'),(1051,'','Abend'),(1117,'','Abendrot'),(3521,'','Absicht'),(1019,'','Abstimmungsunterlagen'),(1021,'','abstrakt'),(1011,'','Abstraktionsgrad'),(2651,'','Abteilung/Vertiefung ZHdK'),(1063,'','Agglomeration'),(1795,'','Analyse'),(1887,'','Angaben sind identisch mit \"Datierung\" (Werk).'),(1883,'','Angaben sind identische mit \"Datierung\" (Werk).'),(1001,'','Angaben zu Geländeformation, Gewässer, Infrastruktur, Mensch/Tier, Vegetation usw.'),(242,'','Angeboten durch'),(1749,'','Animation'),(1813,'','Ansätze/Phänomene'),(2157,'','Ansprechperson Abbildung'),(2027,'','Ansprechsperson'),(2109,'','Ansprechsperson Abbildung'),(1697,'','Antikenrezeption'),(3281,'','Anwendung und Wirkung in div. gesellschaftlichen Bereichen'),(1815,'','Anwendungs- und Kunstrichtungen'),(1067,'','Architekturbild'),(1789,'','architekturgeschichtliches Wissen'),(1649,'','Architekturtraktat'),(1655,'','Architekturtraktat'),(328,'','Art der Objektrechte'),(3839,'','Artefakttyp'),(2031,'','Artikel'),(2405,'','Artikel Arbeitstitel'),(2331,'','Artikelbild-Nr.'),(1105,'','Atmosphärische Perspektive'),(1911,'','auch ein Serientitel kann hier eingetragen werden'),(3533,'','Auf welche Weise wird aus den Daten eine sinnvoll zu rezipierende Form?'),(1689,'','Aufbau der Ordnungen'),(224,'','Auftrag durch'),(323,'','Auftraggeber'),(143,'','Ausführliche Beschreibung'),(2037,'','Ausgabe Zett'),(1637,'','Ausgangsmaterial'),(1017,'','Ausstellung'),(1819,'','Ausstellungen/Projekte'),(198,'','Autor/in'),(371,'','Autor/in der Metadaten. Wer hat die Verschlagwortung der vorliegenden Kopie fürs MIZ-Archiv vorgenommen?'),(370,'','Autor/in der Metadaten. Wer hat die Verschlagwortung im Medienarchiv vorgenommen, bevor eine Kopie fürs MIZ-Archiv erstellt wurde?'),(368,'','Autor/in der Metadaten. Wer hat die Verschlagwortung im Medienarchiv vorgenommen?'),(369,'','Autor/in der Metadaten. Wer hat die Verschlagwortung vorgenommen, bevor das File ins Medienarchiv geladen wurde?'),(380,'','Autor/in des Sets. Wer hat die Zusammenstellung und Verschlagwortung des Sets vorgenommen?'),(2039,'','Autor/innen des Artikels'),(2041,'','Autor/innen des Artikels, dem das Bild zugeordnet wird.'),(1647,'','Basis'),(1265,'','bedeckt'),(331,'','Bemaßungsetikett'),(212,'','Bemerkung'),(310,'','Bereich'),(200,'','Bereich ZHdK'),(1013,'','Beschreibt den Grad der Ähnlichkeit zwischen dem abgebildeten und realen Gegenstand. '),(208,'','Beschreibung'),(349,'','Beschreibung durch'),(355,'','Beschreibung durch (vor dem Hochladen ins Medienarchiv)'),(351,'','Beschreibung durch (vor dem Import ins Medienarchiv)'),(353,'','Beschreibung durch (vor dem Kopieren fürs MIZ-Archiv)'),(2659,'','Beschreibung durch (vor dem vor dem Kopieren fürs MIZ-Achiv)'),(1725,'','Beschreibungssprache'),(322,'','Beteiligte Institution'),(2647,'','Beteiligte Institutionen'),(321,'','Beteiligte Personen'),(1119,'','Bewölkung/wolkig'),(1629,'','Bildanordnung'),(1561,'','Bildbearbeitung'),(1623,'','Bildbeschreibung'),(210,'','Bildlegende'),(985,'','Bildwirkung'),(991,'','Bildzeit'),(2235,'','Blickrichtung'),(1759,'','Bottom-Up-Wissen'),(1821,'','Chronometrische Kategorien'),(1501,'','Composita'),(1631,'','Computergestützte Architekturgeschichte'),(1589,'','Computergrafik 2D'),(1747,'','Computergrafik 3D'),(1071,'','Computerspiel'),(1737,'','Content Based Image Retrival (CBIR)'),(235,'','Copyright'),(237,'','Copyright-Status'),(1499,'','Corinthia'),(1801,'','Darstellung / Visualisierung'),(2261,'','Das Medienarchiv der Künste ist eine Plattform für mediales Arbeiten an der ZHdK. Das Open-Source-Entwicklungsprojekt des ITZ und des MIZ steht gegenwärtig in der Version 0.3 für Pilotprojekte der ZHdK zur Verfügung. Schritt für Schritt wird es nun für ei'),(1727,'','Datenbanksystem'),(311,'','Datierung'),(315,'','Datierung/Darstellungsdatum'),(202,'','Datum'),(1073,'','Dekoration'),(188,'','Der Bereich an der ZHdK, in dem das Werk entstanden ist. Hier können Studienvertiefungen, Institute und Abteilungen genannt werden.'),(395,'','Der Titel des Sets bezeichnet die Zusammenstellung der Medieneinträge.'),(384,'','Der Titel des Sets bezeichnet entweder die enthaltene Zusammenstellung der Werke (z.B. Vorlesung \"Internationale Kunstpraxis\") oder den Titel des Werkes, das darin in mehreren Ansichten zu sehen ist (z.B. Grossmünster Zürich).'),(2147,'','Der Titel des Sets bzw. des Projekts bezeichnet die Zusammenstellung der Medieneinträge.'),(3841,'','Differenzierung Artefakttyp'),(1587,'','Digitale Architekturgeschichte'),(1739,'','Digitalisierung'),(244,'','Dimensionen'),(1075,'','Dokumentation'),(1495,'','Dorica'),(228,'','Doz'),(229,'','Dozierende/Projektleitung'),(3269,'','Drittmittel'),(139,'','Eingabeform: Nachname, Vorname'),(186,'','Eingabeformat: http://www.beispiel.ch'),(359,'','Eingabeformat: http://www.beispiel.ch [Datum des letzten Zugriffs]'),(192,'','Eingabehilfe für Literaturnachweise: Nachname, Vorname: Titel, Ort Jahr'),(136,'','Eingabehilfe: Departement, Studienvertiefung'),(174,'','Eingabemöglichkeiten: z.B. 60 x 80 cm, 5 x 18 x 17 m, 5:22 h, 32 min'),(167,'','Eingabevorschlag: Assistenz Köstumprobe: Barbara Beispiel'),(177,'','Eingabevorschlag: Bildbearbeitung: Mirco Muster'),(185,'','Eingabevorschläge: z.B. 60 x 80 cm, 5 x 18 x 17 m, 5:22 h, 32 min'),(362,'','Eingabevorschläge: z.B. Videostill, Öl auf Leinwand, PAL, Baryt-Abzug'),(1889,'','Eingefügte Werte sind identisch mit \"Datierung\" (Werk).'),(1885,'','Eingefügte Werte sind identisch mit \"Land\" (Werk).'),(1891,'','Eingefügte Werte sind identische mit \"Material/Format\" (Medium).'),(3273,'','einschl. Ausstellungen und Konzerte'),(329,'','Einschränkungen'),(987,'','Einzelne Schlagworte, durch Return/Enter getrennt'),(138,'','Einzelne Schlagworte, durch Return/Enter getrennt.'),(1667,'','Elemente'),(1687,'','Entwicklung der Ordnungen'),(1981,'','Epoche'),(1715,'','Erfassen'),(350,'','Erfasser/in'),(356,'','Erfasser/in (vor dem Hochladen ins Medienarchiv)'),(352,'','Erfasser/in (vor dem Import ins Medienarchiv)'),(354,'','Erfasser/in (vor dem vor dem Kopieren fürs MIZ-Achiv)'),(343,'','ErfasserIn'),(1767,'','Ergebnis berechnet'),(1065,'','Erholungszone'),(1765,'','Erkenntnis redaktionell erzeugt'),(394,'','Erstellt am'),(393,'','Erstellt von'),(2653,'','Erwähnung RechteinhaberIn'),(1639,'','Erzeugte Daten'),(3271,'','Fachveranstaltungen'),(995,'','Farbe'),(88,'','Forschung'),(1077,'','Forschung'),(3371,'','Forschung ZHdK'),(325,'','FotografIn'),(1031,'','fotografisch'),(140,'','Freie Eingabe'),(180,'','Freie Eingabe oder Übernahme der technischen Information.'),(1103,'','Froschperspektive'),(1033,'','Frühling'),(1653,'','Frührenaissance'),(2035,'','Für Rückfragen, welche das Bild betreffen.'),(2029,'','Für Rückfragen, welche die Abbildung betreffen.'),(206,'','Gattung'),(1081,'','Gebirgslandschaft'),(1741,'','Generative Algorithmen'),(1811,'','Genre'),(335,'','Geografie'),(1825,'','Geografische Kategorien'),(1733,'','Geoinformationssystem (GIS)'),(989,'','Gesamteindruck der Darstellung, Ausdrucksqualität, Atmosphäre'),(1121,'','Gewitter'),(1187,'','ghjgkjhgk'),(131,'','Gibt es auf einer Internetseite weitere Informationen zum Medieneintrag? Ist das Werk etwa Bestandteil einer Internetanwendung?'),(159,'','Gibt es auf einer Internetseite weitere Informationen zum Werk? Ist das Werk etwa Bestandteil einer Internetanwendung?'),(160,'','Gibt es auf einer Internetseite weitere Informationen zum Werk? Ist es etwa Bestandteil einer Internetanwendung?'),(253,'','Gibt es auf einer Internetseite weitere Informationen zum Werk? Ist es etwa Bestandteil einer Internetanwendung? Oder besteht eine Projektwebsite?'),(360,'','Gibt es auf einer Internetseite weitere Informationen zum Werk? Ist es etwa Bestandteil einer Internetanwendung? Oder besteht eine Projektwebsite? Bitte fügen Sie unbedingt das Datum des letzten Zugriffs hinzu!'),(1037,'','Herbst'),(1893,'','Hier kann der Editor für Personengruppen genutzt werden. Eingefügte Werte sind identisch mit \"Autor/in\" (Werk).'),(382,'','Hier können Sie eine ausführliche Beschreibung der Werke oder des Sets einfügen.'),(2153,'','Hier können Sie eine ausführliche Beschreibung des Sets bzw. des Projekts einfügen.'),(399,'','Hier können Sie eine ausführliche Beschreibung des Sets einfügen.'),(391,'','Hier können Sie eine ausführliche Beschreibung des Sets oder der Werke einfügen.'),(378,'','Hier können Sie eine ausführliche Beschreibung des Werkes einfügen.'),(1661,'','Hierarchische Wissensordnung'),(1189,'','hinweis'),(347,'','Hochgeladen am'),(1651,'','Holzschnitt'),(1005,'','Horizontlinie'),(1751,'','Hypermedia / Multimedia'),(1729,'','Hypertext'),(2333,'','Identifikationsnummer für das Produktionsteam'),(2335,'','Identifikationsnummer für das Produktionsteam.'),(1069,'','Illustration'),(3277,'','In Lehre, Weiterbildung und Dienstleistung'),(3525,'','In welchem Kontext wird das Projekt realisiert?'),(2013,'','In welchem Studienabschnitt wurde das Werk erstellt?'),(169,'','In welchem Studienjahr wurde das Werk erstellt?'),(148,'','In welchem Studienjahr wurde das Werk erstellt? - Für Abschlussarbeiten kann zusätzlich bei \"ZHdK-Projekttyp\" das entsprechende Feld ausgewählt werden.'),(147,'','In welchem Studienjahr wurde das Werk erstellt? - Für Abschlussarbeiten kann zusätzlich bei ZHdK-Projekttyp das entsprechende Feld ausgewählt werden.'),(358,'','In welchem Zusammenhang steht das Werk zu Lehre und Forschung an der ZHdK?'),(357,'','In welchem Zusammenhang steht das Werk zu Lehre und Forschung an der ZHdK? Was für ein Typ ist das Werk?'),(3255,'','Indikatoren Forschung ZHdK'),(1083,'','Industrielandschaft'),(3432,'','Informationstechnik'),(1597,'','Informationstechnologie'),(1743,'','Internet'),(214,'','Internet Links (URL)'),(1497,'','Ionica'),(339,'','ISO-Ländercode'),(301,'','Ist das Werk im Kontext eines Projektes entstanden? Wie lautet der Titel dieses Projektes? Das kann eine Lehrveranstaltung, ein Forschungsprojekt oder eine persönliche Arbeit sein.'),(121,'','Ist das Werk urheberrechtlich geschützt oder gemeinfrei?'),(993,'','Jahreszeit bzw. Tageszeit'),(337,'','Kanton/Bundesland'),(2043,'','Kommentar'),(3849,'','Kommentar Artefakt'),(3847,'','Kommentar Performance-Artefakte'),(2045,'','Kommentar zum Bild'),(1641,'','Kontext'),(1595,'','Konzept'),(1633,'','Konzepte einer computergestützten Architekturgeschichte'),(314,'','Kurzbeschreibung'),(2645,'','Kurzbeschreibung/Abstract'),(338,'','Land'),(999,'','Landschaftselemente'),(979,'','Landschaftstyp'),(1085,'','Landwirtschaft'),(318,'','Legende'),(1671,'','Lehre und Vermittlung'),(1079,'','Lehrmittel'),(1809,'','Lehrmittel Fotografie'),(342,'','Letzte Aktualisierung durch'),(246,'','Material/Format'),(333,'','Material/Technik'),(344,'','Medienart'),(231,'','Medienersteller/in'),(1669,'','Medium'),(151,'','Mehrfachauswahl bei längeren Projekten möglich'),(149,'','Mehrfachauswahl möglich'),(975,'','Mehrfachauswahl möglich durch Halten der shift-Taste oder der ctrl- bzw. cmd-Taste.'),(1507,'','Mehrfachauswahl möglich. Tippen Sie den Teil einer ZHdK-Abkürzung oder eines ZHdK-Bereichs in das Eingabefeld, um Vorschläge zu erhalten.'),(981,'','Mehrfachauswahl und Hinzufügen von Werten möglich'),(1721,'','Messdaten'),(1047,'','Mittag'),(1059,'','mittig'),(220,'','Mitwirkende / weitere Personen'),(238,'','MIZ-Archiv: Art der Objektrechte'),(225,'','MIZ-Archiv: Auftraggeber'),(245,'','MIZ-Archiv: Bemaßungsetikett'),(213,'','MIZ-Archiv: Bemerkung'),(201,'','MIZ-Archiv: Bereich'),(223,'','MIZ-Archiv: Beteiligte Institution'),(221,'','MIZ-Archiv: Beteiligte Personen'),(203,'','MIZ-Archiv: Datierung/Darstellungsdatum'),(240,'','MIZ-Archiv: Einschränkungen'),(232,'','MIZ-Archiv: FotografIn'),(207,'','MIZ-Archiv: Gattung'),(209,'','MIZ-Archiv: Kurzbeschreibung'),(211,'','MIZ-Archiv: Legende'),(247,'','MIZ-Archiv: Material/Technik'),(219,'','MIZ-Archiv: Porträtierte Institution'),(217,'','MIZ-Archiv: Porträtierte Person'),(230,'','MIZ-Archiv: Projektleitung'),(236,'','MIZ-Archiv: Rechte'),(205,'','MIZ-Archiv: Stichworte'),(227,'','MIZ-Archiv: Studienjahr'),(195,'','MIZ-Archiv: Titel'),(197,'','MIZ-Archiv: Untertitel'),(199,'','MIZ-Archiv: Urheber/in'),(243,'','MIZ-Archiv: Verwaltet durch'),(215,'','MIZ-Archiv: Web-Link'),(234,'','MIZ-Archiv: Weitere Personen'),(1691,'','Monografie'),(1043,'','Morgen'),(1125,'','Morgenrot'),(1049,'','Nachmittag'),(1053,'','Nacht'),(364,'','Name oder Institution: z.B. Barbara Beispiel, Archiv der Künste Zürich, unbekannt'),(366,'','Name oder Institution: z.B. ZHdK MIZ, Agentur für Medien Zürich, Archiv Prof. Müller'),(1817,'','Namen/Gruppen'),(1029,'','naturalistisch'),(1087,'','Naturlandschaft'),(1127,'','Nebel'),(3373,'','Nennung Fachveranstaltungen'),(3375,'','Nennung Veröffentlichungen'),(1593,'','Netz, Netzwerk, Vernetzung'),(1761,'','Netzwerk'),(239,'','Nutzungsbedingungen'),(3851,'','Nutzungspotential'),(1057,'','oben'),(2237,'','Objekt'),(1915,'','oder Titel einer Werkserie'),(308,'','Offen für Internet'),(2657,'','Offen für Internet (ja = 1 / nein = 0)'),(2655,'','Offen für Internet (ja/nein)'),(1463,'','öffentliche Institution'),(1503,'','Ordnung'),(1089,'','Parklandschaft'),(222,'','Partner / beteiligte Institutionen'),(3837,'','Performance-Artefakte'),(3369,'','Personengebundene Aktivitäten'),(218,'','Porträtierte Institution'),(320,'','Porträtierte Person'),(216,'','Porträtierte Person/en'),(2649,'','Porträtierte Personen'),(1793,'','private Initiative'),(2025,'','Produktion Zett'),(324,'','Projektleitung'),(190,'','Projektname'),(305,'','Projekttitel'),(1111,'','Projektvisualisierung'),(2239,'','Prozess'),(346,'','Public access'),(309,'','public access=1'),(1701,'','Publikation'),(3613,'','Publikation online'),(1657,'','Punkte'),(1009,'','Räumliche Wahrnehmung'),(1027,'','realistisch'),(327,'','Rechte'),(1763,'','Regel (Ontologie, Formengrammatik usw.)'),(1129,'','Regen'),(1797,'','Rekonstruktion'),(1663,'','Säulenlehre'),(1023,'','schematisch'),(204,'','Schlagworte zu Inhalt und Motiv'),(377,'','Schlagworte zu Inhalt und Motiv der zusammengestellten Werke. Was ist zu sehen oder zu hören? Welche Themen behandeln die Werke?'),(398,'','Schlagworte zum Set bzw. zu Inhalt und Motiv der einzelnen Werke. Was ist zu sehen oder zu hören? Welche Themen behandeln das Set bzw. welche die Werke?'),(2151,'','Schlagworte zum Set bzw. zum Projekt. Was ist zu sehen oder zu hören? Welche Themen behandelt das Set / das Projekt?'),(400,'','Schlagworte zum Set. Was ist zu sehen oder zu hören? Welche Themen behandelt das Set?'),(390,'','Schlagworte zur Zusammenstellung der Werke als Set bzw. zu Inhalt und Motiv der einzelnen Werke. Was ist zu sehen oder zu hören? Welche Themen behandeln das Set bzw. welche die Werke?'),(1131,'','Schnee'),(3265,'','sdfd'),(1731,'','Semantic Web'),(379,'','Set bearbeitet durch'),(381,'','Set zusammengestellt durch'),(1091,'','Siedlungsgebiet'),(1769,'','Simulation'),(375,'','Sind die Werke im Kontext eines Projektes entstanden? Wie lautet der Titel dieses Projektes? Das kann eine Lehrveranstaltung, ein Forschungsprojekt oder eine persönliche Arbeit sein.'),(374,'','Sind die Werkw im Kontext eines Projektes entstanden? Wie lautet der Titel dieses Projektes? Das kann eine Lehrveranstaltung, ein Forschungsprojekt oder eine persönliche Arbeit sein.'),(387,'','Sind die zusammengestellte Werke oder das Set im Kontext eines Projektes entstanden? Wie lautet der Titel dieses Projektes? Das kann eine Lehrveranstaltung, ein Forschungsprojekt oder eine persönliche Arbeit sein.'),(388,'','Sind die zusammengestellten Werke oder ist das Set im Kontext eines Projektes entstanden? Wie lautet der Titel dieses Projektes? Das kann eine Lehrveranstaltung, ein Forschungsprojekt oder eine persönliche Arbeit sein.'),(1735,'','Social Web / Web 2.0'),(1035,'','Sommer'),(1133,'','Sonnenschein'),(2055,'','Sparte'),(1717,'','staatliche Förderung'),(336,'','Stadt'),(1093,'','Stadtlandschaft'),(334,'','Standort/Aufführungsort'),(2059,'','Status'),(316,'','Stichworte'),(1993,'','Stil- und Kunstrichtungen'),(1665,'','Stil-Epoche'),(1693,'','Stil-Epoche'),(1025,'','stilisiert'),(226,'','Studienjahr'),(1135,'','Sturm'),(1415,'','Subjektiver Eindruck der Darstellung, Ausdrucksqualität oder Atmosphäre, z.B. dramatisch, kalt, einladend.'),(1695,'','Systematisierung in der Architektur'),(1413,'','Tag'),(1823,'','Technik'),(1643,'','Techniken der Sinnstiftung'),(1803,'','Techniken der Sinnstiftung / Vorgehensweise'),(1685,'','Terminologie Säulenordnungen'),(1109,'','Texturgradient'),(1645,'','Thema'),(194,'','Titel'),(2033,'','Titel des Artikels, zu dem das Bild gehört.'),(373,'','Titel des Sets ODER Titel der gesammelten Werke des Sets'),(313,'','Titel/Projektname'),(306,'','Titel/Projekttitel'),(1095,'','Tourismusgebiet'),(3275,'','Transfer'),(1493,'','Tuskische Ordnung'),(1799,'','Überblick'),(3843,'','Überliefungsleistung'),(150,'','Um was für eine Art von Arbeit handelt es sich bei dem Werk?'),(283,'','Um was für eine Art von Arbeit handelt es sich bei dem Werk? In welchem Zusammenhang steht es zu Lehre und Forschung an der ZHdK?'),(2233,'','Umbau Toni-Areal'),(144,'','Umfangreicher Freitext'),(158,'','Umfangreicher Freitext möglich'),(1199,'','unbestimmt'),(1201,'','unbestimmt'),(1195,'','unbestimmte Jahreszeit'),(1197,'','unbestimmte Tageszeit'),(1659,'','Universität'),(1061,'','unten'),(2407,'','Unter diesem Titel wird der Artikel während der Redaktion und Produktion geführt.'),(365,'','Unter welchen Bedingungen ist die Nutzung des Werkes erlaubt?'),(196,'','Untertitel'),(372,'','Urheber/in der Werke des Sets. Wer hat diese erschaffen? Handelt es sich um einen historischen Künstler oder eine zeitgenössische Komponistin? Sind Sie selbst Urheber/in der Werke? Auch Künstlernamen sind möglich.'),(386,'','Urheber/in der Werke, die in dem Sets gruppiert sind. Wer hat diese erschaffen? Handelt es sich um einen historischen Künstler oder eine zeitgenössische Komponistin? Sind Sie selbst Urheber/in der Werke? Auch Künstlernamen sind möglich.'),(307,'','UrheberIn'),(241,'','URL für Copyright-Informationen'),(2047,'','Verantwortliche/r Produktion'),(2051,'','Verantwortliche/r Redaktion'),(1107,'','Verblauung'),(3279,'','Verbreitung'),(1699,'','Verhältnis Architekturtheorie und Baupraxis'),(1097,'','Verkehrslandschaft'),(3845,'','Vermittlungspotential'),(3283,'','Vernetzung'),(3285,'','Veröffentlichungen'),(330,'','Verwaltet durch'),(983,'','Verwendungszweck'),(2263,'','Visualisierungen in der Wissenschaftskommunikation – Der Bildeinsatz in der Landschafts- und Umweltplanung'),(1099,'','Vogelperspektive'),(2666,'','Vorbildung'),(1045,'','Vormittag'),(1113,'','Wandbild'),(3527,'','Was ist das Ausgangsmaterial der Untersuchung?'),(319,'','Web-Link'),(2668,'','Weiterbildung'),(1723,'','weitere historische Quellen'),(326,'','Weitere Personen'),(233,'','Weitere Personen Medienerstellung'),(3523,'','Welche Absicht wird mit dem Projekt verfolgt? '),(3531,'','Welche Art von Daten werden beim Einsatz der Informationstechniken erzeugt?'),(3529,'','Welche Informationstechnik kommt zum Einsatz?'),(141,'','Welche Person hat den Auftrag für das Werk gegeben? Welche Institution hat das Werk gefördert?'),(3537,'','Welchem Konzept einer computergestützten Architekturgeschichte ist das Projekt / das Werk zuzuordnen?'),(3535,'','Welchen Konzepten einer computergestützten Architekturgeschichte ist das Projekt / das Werk zuzuordnen?'),(3519,'','Welcher Aspekt des Themas der Säulenordnungen wird behandelt? '),(937,'','Wenn vorhanden, wird das Kamera-Datum angezeigt.'),(146,'','Wer hat das Projekt geleitet? Hier können Dozierende, Mentor/innen oder Projektverantwortliche eingetragen werden.'),(145,'','Wer hat das Projekt geleitet? Hier können Dozierende, Mentoren oder Projektverantwortliche eingetragen werden.'),(397,'','Wer hat das Set zusammengestellt?'),(401,'','Wer hat die Zusammenstellung und Verschlagwortung des Sets vorgenommen?'),(133,'','Wer ist auf der Fotografie abgebildet? Welche Person thematisiert der Film?'),(2049,'','Wer ist verantwortlich für dieses Bild im Prozess der Produktion?'),(2159,'','Wer ist verantwortlich für dieses Bild im Prozess der Redaktion?'),(2053,'','Wer ist verantwortlich für dieses Bild im Prozess der Redaktion??'),(2155,'','Wer nimmt die Zusammenstellung und Verschlagwortung des Sets bzw. des Projekts vor?'),(2149,'','Wer nimmt die Zusammenstellung und Verschlagwortung des Sets bzw. des vor?'),(4357,'','Wer nimmt die Zusammenstellung und Verschlagwortung des Sets vor?'),(193,'','Wer stellt das Medienobjekt zur Verfügung? Z.B. Lehrmittel können durch eine Studienvertiefung oder Pressematerialien durch die Services bereitgestellt werden. Aber auch externe Anbieter dürfen hier genannt werden.'),(1115,'','Wettbewerb'),(1003,'','Wetter/Klima'),(191,'','Wie war der Titel des Lehr- oder Forschungsprojektes? '),(1139,'','Wind'),(1039,'','Winter'),(3287,'','Wissenschafts- und Institutsbetrieb'),(1007,'','Wo liegt der Horizont im Bild?'),(1417,'','wolkenlos'),(142,'','Wurde mit einem Forschungspartner zusammengearbeitet? Ist eine Institution an der Entstehung beteiligt?'),(1015,'','Zentraler Farbton des Bildes, vorherrschende Farben'),(997,'','Zentraler Farbton des Bildes, vorherrschende Farben.'),(1101,'','Zentralperspektive'),(189,'','ZHdK-Projekttyp'),(2057,'','Zu welcher Sparte im Zett gehört das Bild?'),(383,'','Zusammenstellung durch'),(1635,'','Zweck'),(1599,'','Zweck und Absicht'),(2145,':rel:d:bm:GF2E5551F7T01',':rel:d:bm:GF2E5551F7T01'),(3477,'.Ahmedabad','.Ahmedabad'),(3543,'[]','[]'),(3925,'[#<Meta::Term id: 2195, en_GB: \"Original: JPEG\", de_CH: \"Original: JPEG\">]','[#<Meta::Term id: 2195, en_GB: \"Original: JPEG\", de_CH: \"Original: JPEG\">]'),(4157,'02.08.2012-03.08.2012','02.08.2012-03.08.2012'),(4333,'1 semester/2012','1 semester/2012'),(51,'1. Semester Bachelor','1. Semester Bachelor'),(57,'1. Semester Master','1. Semester Master'),(2219,'1. Weltkrieg','1. Weltkrieg'),(4319,'12.03.2012 - 22.03.2012','12.03.2012 - 22.03.2012'),(1983,'19. Jahrhundert','19. Jahrhundert'),(3559,'19.09.2011','19.09.2011'),(1987,'1920er','1920er'),(1989,'1930er','1930er'),(1991,'1940er','1940er'),(2551,'1970er ','1970er '),(1615,'1980er Jahre','1980er Jahre'),(1611,'1990er','1990er'),(3827,'19April2008-zurich-walcheturm-concerto','19April2008-zurich-walcheturm-concerto'),(4323,'2 Wochen','2 Wochen'),(52,'2. Semester Bachelor','2. Semester Bachelor'),(58,'2. Semester Master','2. Semester Master'),(2221,'2. Weltkrieg','2. Weltkrieg'),(667,'20. Jahrhundert','20. Jahrhundert'),(2537,'2010 HS','2010 HS'),(2545,'2011 FS','2011 FS'),(4149,'2012 FS','2012 FS'),(3607,'23.09.2011','23.09.2011'),(53,'3. Semester Bachelor','3. Semester Bachelor'),(59,'3. Semester Master','3. Semester Master'),(2724,'3/11 Zett','3/11 Zett'),(3675,'3D','3D'),(3665,'3D internet','3D internet'),(54,'4. Semester Bachelor','4. Semester Bachelor'),(55,'5. Semester Bachelor','5. Semester Bachelor'),(4291,'a','a'),(2847,'about','about'),(85,'Abschlussarbeit','Abschlussarbeit'),(625,'Abstrakte 3D-Visualisierung','Abstrakte 3D-Visualisierung'),(2893,'accessible','accessible'),(3021,'action','action'),(4171,'actionable results','actionable results'),(94,'Address of Creator','Adresse'),(2907,'affordances','affordances'),(3565,'Agra','Agra'),(3212,'Ahmedabad','Ahmedabad'),(4115,'Ahmedinedschad','Ahmedinedschad'),(3917,'Ajanta','Ajanta'),(3067,'Akt','Akt'),(1857,'Akt- und Erotikfotografie','Akt- und Erotikfotografie'),(4264,'Aktion','Aktion'),(4211,'Akustik','Akustik'),(289,'Album','Album'),(295,'Album','Set'),(3927,'Alcazar Palace','Alcazar Palace'),(2213,'Algerienkrieg','Algerienkrieg'),(2877,'algorithms','algorithms'),(3150,'Algorithmus','Algorithmus'),(4141,'Allreal','Allreal'),(3219,'Alter Mann','Alter Mann'),(4203,'alternate views','alternate views'),(1939,'Altes Ägypten','Altes Ägypten'),(3625,'Altkleider','Altkleider'),(2081,'Alumni','Alumni'),(1865,'Amateurfotografie','Amateurfotografie'),(4003,'Amber Fort','Amber Fort'),(4005,'Amber Fort','Amber Fort'),(4007,'Amber Fort','Amber Fort'),(4009,'Amber Fort','Amber Fort'),(4011,'Amber Fort','Amber Fort'),(4013,'Amber Fort','Amber Fort'),(4055,'Amelie Losier','Amelie Losier'),(2217,'Amerikanischer Bürgerkrieg','Amerikanischer Bürgerkrieg'),(4339,'amore','amore'),(4361,'Analoge Fotografie','Analoge Fotografie'),(1577,'Analyse','Analyse'),(2981,'analytics','analytics'),(4207,'anchoring bias','anchoring bias'),(879,'Anderes','Anderes'),(2589,'Andres Bosshardt','Andres Bosshardt'),(3491,'Animal','Animal'),(2471,'Annina Rüst','Annina Rüst'),(3144,'Annotation','Annotation'),(4469,'Anokhi','Anokhi'),(4471,'Anokhi','Anokhi'),(4473,'Anokhi','Anokhi'),(4475,'Anokhi','Anokhi'),(4477,'Anokhi','Anokhi'),(4479,'Anokhi','Anokhi'),(3919,'Anokhi Museum','Anokhi Museum'),(3434,'Anonymität','Anonymität'),(1533,'Antike','Antike'),(1675,'Antike Architektur','Antike Architektur'),(3231,'Applikation','Applikation'),(2177,'Aquarellfarben auf Papier','Aquarellfarben auf Papier'),(3929,'Arabesque','Arabesque'),(3931,'Arabic Script','Arabic Script'),(811,'Arbeitsfläche','Arbeitsfläche'),(3049,'Arbeitspapier','Arbeitspapier'),(2345,'Archäologie','Archäologie'),(3933,'Architectural Feature','Architectural Feature'),(3935,'Architectural Styles','Architectural Styles'),(3451,'Architecture','Architecture'),(73,'Architektur','Architektur'),(1859,'Architekturfotografie','Architekturfotografie'),(1543,'Architekturtheorie','Architekturtheorie'),(1523,'Architekturtraktat','Architekturtraktat'),(1545,'Architekturzeichnungen','Architekturzeichnungen'),(4557,'Archiv','Archiv'),(2535,'archiv performativ','archiv performativ'),(1773,'Archiv, Speicher, Datenbank','Archiv, Speicher, Datenbank'),(13,'Archive number','Archivnummer'),(1705,'Archivierung','Archivierung'),(3487,'Art','Art'),(3503,'Art Gallery','Art Gallery'),(71,'Art type','Gattung'),(787,'Artikel','Artikel'),(2489,'Artikel \"Die Innenwelt der Aussenwelt der Stimme\"','Artikel \"Die Innenwelt der Aussenwelt der Stimme\"'),(3819,'Artikel ICST in Darmstadt ','Artikel ICST in Darmstadt '),(3303,'Artikel in einem Magazin','Artikel in einem Magazin'),(3297,'Artikel in einem wiss. Journal','Artikel in einem wiss. Journal'),(2481,'Artikel Instant Muve','Artikel Instant Muve'),(2726,'Artikel Komposition','Artikel Komposition'),(3717,'Artikel Musikvermittlung KR','Artikel Musikvermittlung KR'),(3701,'Artist-in-Residence Z+','Artist-in-Residence Z+'),(4279,'as','as'),(4277,'asd','asd'),(4285,'asda','asda'),(677,'asia','asia'),(2837,'ask','ask'),(3881,'Asyl','Asyl'),(3075,'atari 2600','atari 2600'),(2311,'Atelierschule Zürich','Atelierschule Zürich'),(4111,'ätzen','ätzen'),(2937,'audience','audience'),(1281,'Audio','Audio'),(3857,'Audio Aufzeichnung','Audio Aufzeichnung'),(4303,'Audioaufzeichnung','Audioaufzeichnung'),(3855,'Audiovisuelle Aufzeichnung','Audiovisuelle Aufzeichnung'),(3775,'Aufschnitt','Aufschnitt'),(449,'Aufsicht','Aufsicht'),(3365,'Aus Dienstleistung und Entwicklungsprojekten','Aus Dienstleistung und Entwicklungsprojekten'),(509,'aus Harenberg Museum der Malerei','aus Harenberg Museum der Malerei'),(2279,'Ausserschulische Vermittlung','Ausserschulische Vermittlung'),(86,'Ausstellung','Ausstellung'),(1141,'Ausstellung Bibiotheksgang','Ausstellung Bibiotheksgang'),(2803,'Ausstellung Indirekte Erfahrungen','Ausstellung Indirekte Erfahrungen'),(921,'Ausstellung Museum für Gestaltung','Ausstellung Museum für Gestaltung'),(3315,'Ausstellungen, Konzerte, Aufführungen','Ausstellungen, Konzerte, Aufführungen'),(3317,'Ausstellungsbeteiligung, Konzertbeteiligung','Ausstellungsbeteiligung, Konzertbeteiligung'),(955,'Ausstellungsdokumentation','Ausstellungsdokumentation'),(2797,'Ausstellungsreihe labor','Ausstellungsreihe labor'),(2941,'author','author'),(3,'Author','Autor/in'),(392,'Author','Autor/in der Werke'),(396,'Author','Autor/in des Sets'),(280,'Author of the set.',''),(113,'Author of the set.','Autor/in des Sets'),(2399,'Auto','Auto'),(1221,'Autos','Autos'),(3669,'avatar','avatar'),(1359,'Bach','Bach'),(2131,'Bachelor','Bachelor'),(2672,'Bachelor 2011','Bachelor 2011'),(3192,'Bachelor Design','Bachelor Design'),(1937,'Bachelor of Arts in Design','Bachelor of Arts in Design'),(953,'Bachelor-Diplom  Industrial Design 2010','Bachelor-Diplom  Industrial Design 2010'),(2692,'Bachelorausstellung CAST 2011','Bachelorausstellung CAST 2011'),(721,'background','background'),(3755,'Backstein','Backstein'),(2720,'Badi Tiefenbrunnen','Badi Tiefenbrunnen'),(751,'BAE','BAE'),(2329,'Balkan','Balkan'),(877,'Balkendiagramm','Balkendiagramm'),(3869,'Ballett','Ballett'),(3875,'Ballettwettbewerb','Ballettwettbewerb'),(3407,'Ballon','Ballon'),(3065,'Bar','Bar'),(2529,'Barbara Kulcsar','Barbara Kulcsar'),(2527,'Barbara Terpoorten','Barbara Terpoorten'),(2769,'Barbara Weber','Barbara Weber'),(737,'barbecue','barbecue'),(1941,'Barock','Barock'),(2497,'Basel','Basel'),(2005,'Basis','Basis'),(769,'Bauen','Bauen'),(1181,'Bauernhof','Bauernhof'),(1179,'Bäume','Bäume'),(3713,'Baumwolle','Baumwolle'),(4227,'Bauprojekt','Bauprojekt'),(1297,'Baustelle','Baustelle'),(3757,'Bauteil','Bauteil'),(739,'BBQ','BBQ'),(2435,'Beatween','Beatween'),(1453,'befremdend','befremdend'),(4345,'Begegnung zwischen Kind und ausgestopften Tieren','Begegnung zwischen Kind und ausgestopften Tieren'),(2925,'behaviour','behaviour'),(1331,'Beige','Beige'),(657,'Beispiel','Beispiel'),(1421,'Beispiele','Beispiele'),(3351,'Beiträge zur Umsetzung von Forschungsergebnissen in Wirtschaft, Politik, Verwaltung, Verbänden, u.a.','Beiträge zur Umsetzung von Forschungsergebnissen in Wirtschaft, Politik, Verwaltung, Verbänden, u.a.'),(1709,'Bereitstellung / Open Access','Bereitstellung / Open Access'),(1357,'Berg','Berg'),(1247,'Berge','Berge'),(445,'Berlin','Berlin'),(2293,'Berufsvorbereitung','Berufsvorbereitung'),(3907,'Best Practice','Best Practice'),(3335,'Betreuung Abschlussarbeiten (Master) und Promotionen (PhD)','Betreuung Abschlussarbeiten (Master) und Promotionen (PhD)'),(2439,'Between','Between'),(2483,'Bewegung','Bewegung'),(2309,'Bezirksschule Turgi','Bezirksschule Turgi'),(3202,'Bharatpur','Bharatpur'),(4367,'Bibliothek','Bibliothek'),(3747,'biegbar','biegbar'),(2567,'bier','bier'),(4311,'Bild','Bild'),(2493,'Bild zu Kurzartikel','Bild zu Kurzartikel'),(3865,'Bild-Text-Kombination','Bild-Text-Kombination'),(3142,'Bildähnlichkeit','Bildähnlichkeit'),(4363,'Bildatlas','Bildatlas'),(1541,'Bilddatenbank','Bilddatenbank'),(4041,'Bildende Kunst','Bildende Kunst'),(3101,'Bilder','Bilder'),(2730,'Bilder Musik 11/12','Bilder Musik 11/12'),(4375,'Bilderatlas','Bilderatlas'),(1843,'Bildjournalismus','Bildjournalismus'),(2271,'Bildnerisches Gestalten','Bildnerisches Gestalten'),(2728,'Bildschirm','Bildschirm'),(837,'Bildtechnik/Herstellungsverfahren Original','Bildtechnik/Herstellungsverfahren Original'),(785,'Bildvorschläge','Bildvorschläge'),(4079,'Binden','Binden'),(2117,'bird','bird'),(2113,'birds','birds'),(3585,'Birla Temple','Birla Temple'),(741,'blau','blau'),(1241,'Blautöne','Blautöne'),(4321,'Blei- und Filzstift','Blei- und Filzstift'),(2163,'Bleistift auf Papier, digitale Nachbearbeitung','Bleistift auf Papier, digitale Nachbearbeitung'),(3995,'Block Print','Block Print'),(3997,'Block Print','Block Print'),(3999,'Block Print','Block Print'),(4001,'Block Print','Block Print'),(3309,'Blog / Online Diskussionsforum','Blog / Online Diskussionsforum'),(3473,'blue','blue'),(4359,'blueprint','blueprint'),(1529,'Blum','Blum'),(431,'Blumen','Blumen'),(1899,'Blutrache','Blutrache'),(2367,'Boden','Boden'),(3485,'BOF','BOF'),(4481,'Bollywood','Bollywood'),(4485,'Bollywood','Bollywood'),(4489,'Bollywood','Bollywood'),(4493,'Bollywood','Bollywood'),(4497,'Bollywood','Bollywood'),(4501,'Bollywood','Bollywood'),(3893,'book','book'),(4167,'boolean','boolean'),(1339,'Boot','Boot'),(3379,'Börsenkurse','Börsenkurse'),(3210,'Boy','Boy'),(2831,'brand','brand'),(1171,'braun','braun'),(1261,'Brauntöne','Brauntöne'),(4137,'Broschüre','Broschüre'),(2839,'browse','browse'),(3180,'Browsen','Browsen'),(1341,'Brücke','Brücke'),(1405,'Brücken','Brücken'),(1895,'Brudermord','Brudermord'),(2609,'Brunnen','Brunnen'),(411,'Buch','Buch'),(3599,'Buch Cover','Buch Cover'),(555,'Buch gemalte Gärten','Buch gemalte Gärten'),(3293,'Buch in Herausgeberschaft','Buch in Herausgeberschaft'),(3295,'Buchkapitel','Buchkapitel'),(2571,'büchsen','büchsen'),(443,'Bucht','Bucht'),(1151,'bunt','bunt'),(2167,'Buntstift auf gelbem Skizzenpapier','Buntstift auf gelbem Skizzenpapier'),(2171,'Buntstift und Acrylfarbe auf Karton','Buntstift und Acrylfarbe auf Karton'),(3611,'Bürger Zürich','Bürger Zürich'),(3743,'Bürste','Bürste'),(2597,'Bus','Bus'),(2375,'Büsch','Büsch'),(1269,'Büsche','Büsche'),(2319,'BVS Biel','BVS Biel'),(1943,'Byzantinisch','Byzantinisch'),(1569,'CAD','CAD'),(2569,'cans','cans'),(3541,'Cape Canaveral','Cape Canaveral'),(3937,'Carving','Carving'),(62,'CAS (Certificate of Advanced Studies)','CAS (Certificate of Advanced Studies)'),(1927,'Caspian oil geography ','Caspian oil geography '),(2670,'CAST','CAST'),(2821,'categories','categories'),(2943,'category','category'),(1567,'CBIR','CBIR'),(3430,'CD Cover','CD Cover'),(1573,'Cesariano','Cesariano'),(3011,'chapter one','chapter one'),(2807,'chapter two','chapter two'),(709,'chicken','chicken'),(3455,'Children','Children'),(679,'chili','chili'),(681,'chili pepper','chili pepper'),(2349,'China','China'),(1677,'Chitham','Chitham'),(3673,'choreographie','choreographie'),(1867,'Chronofotografie','Chronofotografie'),(4483,'Cinema','Cinema'),(4487,'Cinema','Cinema'),(4491,'Cinema','Cinema'),(4495,'Cinema','Cinema'),(4499,'Cinema','Cinema'),(4503,'Cinema','Cinema'),(2953,'citations','citations'),(35,'City','Stadt'),(161,'City of the depicted object',''),(36,'City of the depicted object','Stadt des abgebildeten Objektes'),(20,'Classification','Klassification'),(1425,'clean','clean'),(903,'Closed Circuit','Closed Circuit'),(3705,'CMYK','CMYK'),(3517,'Cochin','Cochin'),(2865,'collaboration','collaboration'),(2181,'Collage','Collage'),(2855,'collection','collection'),(2823,'collections','collections'),(3200,'Color','Color'),(3453,'Colors','Colors'),(2957,'common next steps','common next steps'),(3233,'Computer','Computer'),(1807,'Computer Aided Design','Computer Aided Design'),(2223,'Computergenerierte Landschaftsbilder','Computergenerierte Landschaftsbilder'),(2353,'computergenieriertes Bild','computergenieriertes Bild'),(2459,'Conservix','Conservix'),(2873,'content','content'),(7,'Content Keywords','Schlagworte zu Inhalt und Motiv'),(3013,'context','context'),(9,'Copyright','Copyright'),(296,'Copyright','Credits'),(25,'Copyright','Rechte'),(279,'Copyright owner',''),(10,'Copyright owner','Besitzer/in der Nutzungs- und Verwertungsrechte'),(361,'Copyright owner','Besitzer/in der Nutzungs- und Verwertungsrechte. Diese können z.B. beim Autor/Urheber des Werkes oder bei einer Institution liegen. Bei Werken, die an der ZHdK in Lehre und Forschung entstanden sind, liegt ohne Sonderregelung das Copyright bei der ZHdK.'),(115,'Copyright owner','Besitzer/in der Nutzungs- und Verwertungsrechte. Diese können z.B. beim Autor/Urheber des Werkes oder bei einer Institution liegen. Handelt es sich um Werke, die an der ZHdK im Rahmen von Lehre und Forschung entstanden sind, liegt ohne Sonderregelung das '),(116,'Copyright Status','Copyright-Status'),(120,'Copyright URL for detailed description of usage rights of the work.','Internetlink zur detaillierten Beschreibung der Nutzungsbedingungen wie z.B. Lizenztexte und Publikationsdisclaimer.'),(367,'Copyright URL for detailed description of usage rights of the work.','Internetlink zur detaillierten Beschreibung der Nutzungsbedingungen wie z.B. Lizenztexte und Publikationsdisclaimer. Bitte fügen Sie unbedingt das Datum des letzten Zugriffs hinzu!'),(119,'Copyright-Info URL','URL für Copyright-Informationen'),(4437,'Corbusier','Corbusier'),(4439,'Corbusier','Corbusier'),(4441,'Corbusier','Corbusier'),(4443,'Corbusier','Corbusier'),(4445,'Corbusier','Corbusier'),(284,'Core','Core'),(1487,'cotton','Baumwolle'),(39,'Country','Land'),(163,'Country of the depicted object',''),(40,'Country of the depicted object','Land des abgebildeten Objektes'),(3577,'Countryside','Countryside'),(37,'County','Kanton/Bundesland'),(162,'County of the depicted object',''),(38,'County of the depicted object','Kanton/Bundesland des abgebildeten Objektes'),(2075,'Coverbild','Coverbild'),(3465,'Cow','Cow'),(2997,'creator','creator'),(277,'Creator of the depicted work',''),(4,'Creator of the depicted work','Urheber/in des abgebildeten Werkes'),(123,'Creator of the depicted work','Urheber/in des abgebildeten Werkes.\r\nWer hat das abgebildete Werk erschaffen? Handelt es sich um einen historischen Künstler oder eine zeitgenössische Komponistin? Sind Sie selbst die Urheberin / der Urheber des Werkes?\r\nAuch Künstlernamen sind möglich.'),(29,'Creator of the depicted work','Urheber/in des abgebildeten Werkes.\r\nWer hat das abgebildete Werk erschaffen? Handelt es sich um einen historischen Künstler oder eine zeitgenössische Komponistin? Sind Sie selbst die Urheberin / der Urheber des Werkes?\r\nEs können auch Künstlernamen einge'),(122,'Creator of the depicted work','Urheber/in des abgebildeten Werkes.\r\nWer hat das abgebildete Werk erschaffen? Handelt es sich um einen historischen Künstler oder eine zeitgenössische Komponistin? Sind Sie selbst die Urheberin / der Urheber des Werkes?\r\nEs können auch Künstlernamen einge'),(124,'Creator of the depicted work','Urheber/in des Werkes. Wer hat das Werk erschaffen? Handelt es sich um einen historischen Künstler oder eine zeitgenössische Komponistin? Sind Sie selbst die Urheberin / der Urheber des Werkes? Auch Künstlernamen sind möglich.'),(268,'Creator of the depicted work','Urheber/in des Werkes. Wer hat das Werk erschaffen? Handelt es sich um einen historischen Künstler oder eine zeitgenössische Komponistin? Sind Sie selbst Urheber/in des Werkes? Auch Künstlernamen sind möglich.'),(909,'Creator of the depicted work','Urheber/in des Werkes. Wer hat das Werk erschaffen? Handelt es sich um einen historischen Künstler oder eine zeitgenössische Komponistin? Sind Sie selbst Urheber/in des Werkes? Auch Pseudonyme und Personengruppen (z.B. Künstlergruppen, Ateliers, Firmen) s'),(911,'Creator of the depicted work','Urheber/in des Werkes. Wer hat das Werk erschaffen? Handelt es sich um einen historischen Künstler oder eine zeitgenössische Komponistin? Sind Sie selbst Urheber/in des Werkes? Auch Pseudonyme und Personengruppen (z.B. Künstlergruppen, Ateliers, Firmen) s'),(917,'Creator of the depicted work','Urheber/in des Werkes. Wer hat das Werk erschaffen? Handelt es sich um einen historischen Künstler oder eine zeitgenössische Komponistin? Sind Sie selbst Urheber/in? Auch Pseudonyme und Personengruppen (z.B. Künstlergruppe, Atelier, Firma) sind möglich.'),(913,'Creator of the depicted work','Urheber/in des Werkes. Wer hat das Werk erschaffen? Handelt es sich um einen historischen Künstler oder eine zeitgenössische Komponistin? Sind Sie selbst Urheber/in? Auch Pseudonyme und Personengruppen (z.B. Künstlergruppen, Ateliers, Firmen) sind möglich'),(915,'Creator of the depicted work','Urheber/in des Werkes. Wer hat das Werk erschaffen? Handelt es sich um einen historischen Künstler oder eine zeitgenössische Komponistin? Sind Sie selbst Urheber/in? Auch Pseudonyme und Personengruppen (z.B. Künstlergruppen, Ateliers, Firmen) sind möglich'),(170,'Creator of the digital file (e.g. Photographer).','Urheber/in der Abbildung'),(93,'Creator of the digital file (e.g. Photographer).','Urheber/in der Abbildung.'),(259,'Creator of the digital file (e.g. Photographer).','Urheber/in des Mediums, z.B. eine Fotografin, ein Filmer, eine Zeichnerin. Die Person wird genannt, wenn sie sich von der Urheber/in des Werkes unterscheidet. - Nicht eingetragen werden Personen, welche lediglich die digitale Reproduktion des Werkes erste'),(260,'Creator of the digital file (e.g. Photographer).','Urheber/in des Mediums, z.B. eine Fotografin, ein Filmer, eine Zeichnerin. Diese Person unterscheidet sich von der Urheber/in des Werkes. - Nicht eingetragen werden Personen, welche lediglich die digitale Reproduktion des Werkes erstellt haben.'),(182,'Creator of the digital file (e.g. Photographer).','Urheber/in des Mediums. Dies kann eine Fotografin, ein Filmer, eine Zeichnerin sein. Die Person wird genannt, wenn sie sich vom Urhber/in des Werkes unterscheidet.'),(183,'Creator of the digital file (e.g. Photographer).','Urheber/in des Mediums. Dies kann eine Fotografin, ein Filmer, eine Zeichnerin sein. Die Person wird genannt, wenn sie sich von der Urheber/in des Werkes unterscheidet.'),(257,'Creator of the digital file (e.g. Photographer).','Urheber/in des Mediums. Dies kann z.B. eine Fotografin, ein Filmer, eine Zeichnerin sein. Die Person wird genannt, wenn sie sich von der Urheber/in des Werkes unterscheidet. - Es ist nicht notwendig, Personen einzutragen, die z.B. die Reprografie, Kopie o'),(258,'Creator of the digital file (e.g. Photographer).','Urheber/in des Mediums. Dies kann z.B. eine Fotografin, ein Filmer, eine Zeichnerin sein. Die Person wird genannt, wenn sie sich von der Urheber/in des Werkes unterscheidet. - Nicht eingetragen werden Personen, welche lediglich die digitale Reproduktion d'),(2927,'creators','creators'),(2895,'credible','credible'),(298,'Credits','Credits'),(715,'cuisine','cuisine'),(691,'cumin','cumin'),(693,'curry','curry'),(3186,'Cybu Richli','Cybu Richli'),(923,'Cynthia Gavranic','Cynthia Gavranic'),(4283,'d','d'),(4297,'da','da'),(2203,'Daguerreotypie','Daguerreotypie'),(2487,'Damaskus','Damaskus'),(2091,'Darstellende Künste und Film','Darstellende Künste und Film'),(1673,'Darstellung','Darstellung'),(843,'Darstellungsmodus/graphische Methode','Darstellungsmodus/graphische Methode'),(4293,'das','das'),(61,'DAS (Diploma of Advanced Studies)','DAS (Diploma of Advanced Studies)'),(1831,'Das Neue Sehen','Das Neue Sehen'),(4281,'dasd','dasd'),(4295,'dasdasd','dasdasd'),(2991,'date','date'),(274,'Date Created','Datierung'),(5,'Date Created','Datum'),(102,'Date Created','Erstellungsdatum'),(929,'Date of creation of media content - not of the media file.','Datum der Erschaffung des Werkes - nicht das Datum, an dem die Datei oder das Medium der Abbildung / der Wiedergabe des Werkes entstanden ist. Eingabe einer Zeitspanne: Leerzeichen Bindestrich Leerzeichen / \" - \".'),(935,'Date of creation of media content - not of the media file.','Datum der Erschaffung des Werkes - nicht das Datum, an dem die Datei oder das Medium der Abbildung / der Wiedergabe entstanden ist.\nEingabe einer Zeitspanne: 1923 - 1929 (Leerzeichen Bindestrich Leerzeichen).'),(933,'Date of creation of media content - not of the media file.','Datum der Erschaffung des Werkes - nicht das Datum, an dem die Datei oder das Medium der Abbildung / der Wiedergabe entstanden ist.\nEingabe einer Zeitspanne: Leerzeichen Bindestrich Leerzeichen / \" - \".'),(931,'Date of creation of media content - not of the media file.','Datum der Erschaffung des Werkes - nicht das Datum, an dem die Datei oder das Medium der Abbildung / der Wiedergabe entstanden ist. Eingabe einer Zeitspanne: Leerzeichen Bindestrich Leerzeichen / \" - \".'),(275,'Date of creation of media content (e.g. 1878, 1.3.2003 or Spring semester 2011) - not of the media file.',''),(269,'Date of creation of media content (e.g. 1878, 1.3.2003 or Spring semester 2011) - not of the media file.','Datum der Erschaffung des Werkes (z.B. 1878, 2.3.2008 oder Frühlingssemester 2011) - Nicht das Datum, an dem die Datei oder das Medium der Abbildung oder der Wiedergabe des Werkes entstanden ist.'),(125,'Date of creation of media content (e.g. 1878, 1.3.2003 or Spring semester 2011) - not of the media file.','Datum der Erschaffung des Werkes (z.B. 1878, 2.3.2008 oder Frühlingssemester 2011) - Nicht das Datum, an dem die Datei oder die Abbildung des Werkes entstanden ist.'),(6,'Date of creation of media content (e.g. 1878, 1.3.2003 or Spring semester 2011) - not of the media file.','Datum der Erstellung des Medieninhalts (z.B. 1878, 1.3.2003 oder Frühlingssemester 2011) - Nicht das Datum, an dem die Datei entstanden ist.'),(103,'Date of creation of media object','Datum der Erstellung des Medienobjektes resp. der Datei'),(179,'Date of creation of media object','Datum der Erstellung des Medienobjektes resp. der Datei. Wann wurde die Fotografie aufgenommen oder das Computerrendering erzeugt? - Das Erstelldatum des Medienobjekts kann verschieden sein zum Erstelldatum des Werkes.'),(264,'Date of creation of media object','Datum der Erstellung des Medienobjektes resp. der Datei. Wann wurde die Fotografie aufgenommen oder das Computerrendering erzeugt? - Das Erstelldatum des Medienobjekts kann verschieden sein zur Datierung des Werkes.'),(265,'Date of creation of media object','Datum der Erstellung des Medienobjektes resp. der Datei. Wann wurde die Fotografie aufgenommen oder das Computerrendering erzeugt? - Das Erstellungsdatum des Medienobjekts kann verschieden sein zur Datierung des Werkes.'),(267,'Date of creation of media object','Datum der Erstellung des Mediums. Wann wurde die Fotografie aufgenommen oder das Computerrendering erzeugt? - Das Erstellungsdatum des Mediums kann verschieden sein zur Datierung des Werkes.'),(282,'Date of creation of the set (e.g. 1.3.2003 or spring semester 2011) - not of the media files.',''),(385,'Date of creation of the set (e.g. 1.3.2003 or spring semester 2011) - not of the media files.','Datum der Erschaffung der zusammengestellten Werke (z.B. 1878, 2.3.2008 oder Frühlingssemester 2011)'),(376,'Date of creation of the set (e.g. 1.3.2003 or spring semester 2011) - not of the media files.','Datum der Erschaffung der zusammengestellten Werke (z.B. 1878, 2.3.2008 oder Frühlingssemester 2011) - Nicht das Datum, an dem die Datei oder das Medium der Abbildung oder der Wiedergabe des Werkes entstanden ist.'),(114,'Date of creation of the set (e.g. 1.3.2003 or spring semester 2011) - not of the media files.','Datum der Erstellung des Sets (z.B. 1.3.2003 oder Frühlingssemester 2011) - Nicht das Datum, an dem die Dateien entstanden sind.'),(389,'Date of creation of the set (e.g. 1.3.2003 or spring semester 2011) - not of the media files.','Datum der Zusammenstellung des Sets (z.B. Frühlingssemester 2011) oder der Erschaffung der Werke (z.B. 1878, 2.3.2008).'),(3422,'Dateiformate','Dateiformate'),(1519,'Datenbank','Datenbank'),(3116,'Datenbanken','Datenbanken'),(4143,'Datenblatt','Datenblatt'),(254,'Dates','Datierung'),(32,'Dates','Datum'),(23,'Datierung/Darstellungsdatum','Datierung/Darstellungsdatum'),(2684,'David Lynch','David Lynch'),(2702,'DDE','DDE'),(3939,'Decor','Decor'),(3941,'Decoration','Decoration'),(2069,'Definitive Auswahl','Definitive Auswahl'),(463,'Deich','Deich'),(3206,'Delhi','Delhi'),(3399,'Demonstration','Demonstration'),(4039,'Departement Kunst & Medien','Departement Kunst & Medien'),(2509,'Der Patient','Der Patient'),(18,'Description','Beschreibung'),(24,'Description (objects.chat)','Beschreibung (objects.chat)'),(348,'description author','Beschreibung durch'),(19,'Description of the media content.','Eine frei zu wählende Beschreibung des Medieninhalts.'),(74,'Design','Design'),(2869,'designer','designer'),(2979,'designers','designers'),(3198,'Designethnografie','Designethnografie'),(3605,'Designforschung','Designforschung'),(797,'Designmethoden','Designmethoden'),(2891,'desireble','desireble'),(4195,'desktop','desktop'),(1433,'Deutschland','Deutschland'),(4531,'Devi Art Foundation','Devi Art Foundation'),(4533,'Devi Art Foundation','Devi Art Foundation'),(4535,'Devi Art Foundation','Devi Art Foundation'),(4537,'Devi Art Foundation','Devi Art Foundation'),(4539,'Devi Art Foundation','Devi Art Foundation'),(3581,'Dhobi Mumbai','Dhobi Mumbai'),(2415,'Dia','Dia'),(841,'Diagrammatisch','Diagrammatisch'),(895,'Dialog','Dialog'),(2749,'Diedrich Diederichsen','Diedrich Diederichsen'),(437,'dies und das','dies und das'),(665,'digital','digital'),(1791,'Digitale Architekturgeschichte','Digitale Architekturgeschichte'),(2179,'Digitale Fotografie','Digitale Fotografie'),(3140,'Digitale Kollage','Digitale Kollage'),(4033,'Digitale Rekonstruktion','Digitale Rekonstruktion'),(4015,'Dileep','Dileep'),(4017,'Dileep','Dileep'),(4019,'Dileep','Dileep'),(4021,'Dileep','Dileep'),(26,'Dimensions','Bemaßungsetikett'),(108,'Dimensions','Dimensionen'),(2563,'Diplom','Diplom'),(405,'Diplomarbeit','Diplomarbeit'),(3383,'Disco','Disco'),(2849,'discovery','discovery'),(1423,'Diskussionsgrundlage','Diskussionsgrundlage'),(3291,'Dissertation','Dissertation'),(1207,'distanziert','distanziert'),(861,'Disziplinärer Hintergrund','Disziplinärer Hintergrund'),(4225,'DMU','DMU'),(3027,'document','document'),(4201,'documents','documents'),(63,'Doktoratsprogramm','Doktoratsprogramm'),(1847,'Dokumentarfotografie','Dokumentarfotografie'),(87,'Dokumentation','Dokumentation'),(2521,'Dominique Devenport','Dominique Devenport'),(3515,'Doodle','Doodle'),(1435,'Dorf','Dorf'),(3797,'Dosierung','Dosierung'),(4155,'Dozent: Schlatter David','Dozent: Schlatter David'),(4315,'Dozent: Volkart Daniel','Dozent: Volkart Daniel'),(4347,'Dozierende: Schlatter David, Volkart Daniel','Dozierende: Schlatter David, Volkart Daniel'),(4331,'Dozierende: Schlatter, David und Volkhart, Daniel','Dozierende: Schlatter, David und Volkhart, Daniel'),(3639,'Draht','Draht'),(1401,'dramatisch','dramatisch'),(4246,'dramaturgische Performance','dramaturgische Performance'),(3363,'Drittmittel aus Weiterbildung','Drittmittel aus Weiterbildung'),(3359,'Drittmittel für Auftragsforschung','Drittmittel für Auftragsforschung'),(3357,'Drittmittel für Forschungsprojekte','Drittmittel für Forschungsprojekte'),(3361,'Drittmittel von Stiftungen, Firmen, Privaten','Drittmittel von Stiftungen, Firmen, Privaten'),(835,'Druck','Druck'),(3897,'dt','dt'),(3915,'DUKTA','DUKTA'),(533,'Dunkelheit vorne','Dunkelheit vorne'),(1239,'Dunst','Dunst'),(535,'Durchgang','Durchgang'),(3793,'Duschmittel','Duschmittel'),(1403,'düster','düster'),(3499,'Dwell','Dwell'),(1583,'E-Learning','E-Learning'),(109,'E.g. 60 x 80 cm, 5 x 18 x 17 m, 5:22 h, 32 min.','flächig, räumlich, zeitlich, z.B. 60 x 80 cm, 5 x 18 x 17 m, 5:22 h, 32 min'),(175,'E.g. 60 x 80 cm, 5 x 18 x 17 m, 5:22 h, 32 min.','Wie groß ist das Kunstwerk? Wie lange dauert das Musikstück? Angaben zu Fläche, Raum und Zeit können hier eingetragen werden.'),(363,'e.g. Oil on Canvas, PAL, Paper','Auf welchem physikalischen Träger befindet sich das Medium? Auch digitale Formate können genannt werden.'),(263,'e.g. Oil on Canvas, PAL, Paper','Auf welchem physikalischen Träger befindet sich das Medium? Z.B. Öl auf Leinwand, PAL, Baryt-Abzug. Auch digitale Formate können genannt werden.'),(181,'e.g. Oil on Canvas, PAL, Paper','Auf welchem physikalischen Träger befindet sich das Medium? z.B. Öl auf Leinwand, PAL, Baryt-Abzug. Auch digitale Formate können genant werden.'),(111,'e.g. Oil on Canvas, PAL, Paper','z.B. Öl auf Leinwand, PAL, Baryt-Abzug'),(171,'E.g. Studio Publikationen, ZHdK Kommunikation','Wer stellt das Medienobjekt zur Verfügung? Z.B. Lehrmittel können durch eine Studienverstiefung oder Pressematerialien durch das Studio Publikationen bereitgestellt werden.'),(173,'E.g. Studio Publikationen, ZHdK Kommunikation','Wer stellt das Medienobjekt zur Verfügung? Z.B. Lehrmittel können durch eine Studienvertiefung oder Pressematerialien durch die Services bereitgestellt werden. Aber auch externe Anbieter dürfen hier genannt werden.'),(172,'E.g. Studio Publikationen, ZHdK Kommunikation','Wer stellt das Medienobjekt zur Verfügung? Z.B. Lehrmittel können durch eine Studienvertiefung oder Pressematerialien durch die Services bereitgestellt werden. Aber auch externe Anbieter können hier genannt werden.'),(107,'E.g. Studio Publikationen, ZHdK Kommunikation','Z.B. Studio Publikationen, ZHdK Kommunikation'),(134,'E.g. Zürich Museum of Art','Ist eine Institution Thema des Werkes? Sind Gebäude oder Innenräume abgebildet? Ist die Institution durch ihre Mitarbeiter/innen oder durch ihre Tätigkeit vorgestellt?'),(45,'E.g. Zürich Museum of Art','Z.B. Gebäude oder Innenräume einer Institution'),(4117,'Eastwood','Eastwood'),(1229,'Ebene','Ebene'),(511,'Ebenen','Ebenen'),(2325,'Ehemaliges Jugoslawien','Ehemaliges Jugoslawien'),(3367,'Eigenmittel ZHdK','Eigenmittel ZHdK'),(3333,'Einbindung der Forschung in Studiengänge und Lehrveranstaltungen','Einbindung der Forschung in Studiengänge und Lehrveranstaltungen'),(3337,'Einbindung der Forschung in Weiterbildungsangebote','Einbindung der Forschung in Weiterbildungsangebote'),(1391,'einladend','einladend'),(2633,'Einladung','Einladung'),(1253,'Einsamkeit','Einsamkeit'),(4455,'Elephant','Elephant'),(4461,'Elephant','Elephant'),(4463,'Elephant','Elephant'),(4465,'Elephant','Elephant'),(4467,'Elephant','Elephant'),(2523,'Elia Bruellhart','Elia Bruellhart'),(3909,'Elias Arens','Elias Arens'),(4023,'Ellora','Ellora'),(4025,'Ellora','Ellora'),(4027,'Ellora','Ellora'),(4029,'Ellora','Ellora'),(4031,'Ellora','Ellora'),(4217,'EM2N','EM2N'),(97,'Email Address','E-Mail-Adresse'),(869,'Emissionen/Atmosphäre/Luft','Emissionen/Atmosphäre/Luft'),(4221,'EMPA','EMPA'),(2067,'Engere Auswahl','Engere Auswahl'),(2879,'engine','engine'),(2871,'engineer','engineer'),(3107,'Entwurf','Entwurf'),(1805,'Entwurfsprozess in der Architektur','Entwurfsprozess in der Architektur'),(3689,'EPFL','EPFL'),(4095,'Epoxit','Epoxit'),(4097,'Epoxitharz','Epoxitharz'),(1881,'Ereignis','Ereignis'),(1251,'Erhabenheit','Erhabenheit'),(3355,'Erhaltene Rufe','Erhaltene Rufe'),(4073,'Erhitzen','Erhitzen'),(2581,'Erinnerung','Erinnerung'),(3168,'Erklärung','Erklärung'),(2301,'Erwachsenenbildung','Erwachsenenbildung'),(2257,'Erzählung','Erzählung'),(3817,'Esswaren','Esswaren'),(1945,'Etruskisch','Etruskisch'),(2637,'Event','Event'),(3715,'Events','Events'),(4175,'exit','exit'),(925,'ExoMars','ExoMars'),(699,'exotic','exotic'),(4163,'expand','expand'),(2209,'Experiment','Experiment'),(3601,'Experimentalfilm','Experimentalfilm'),(4165,'explode','explode'),(4187,'explore','explore'),(3683,'Expression Media','Expression Media'),(2461,'Fabian Thommen','Fabian Thommen'),(2859,'faceted','faceted'),(2967,'facets','facets'),(845,'Fachpresse','Fachpresse'),(1437,'Fachwerk','Fachwerk'),(3405,'Fahrrad','Fahrrad'),(3627,'Falten','Falten'),(2143,'Familie','Familie'),(1873,'Family of Man','Family of Man'),(1313,'fantastisch','fantastisch'),(1385,'Fantasy','Fantasy'),(765,'Farb-Licht Zentrum (FLZ)','Farb-Licht Zentrum (FLZ)'),(477,'Farbe','Farbe'),(3103,'Farben','Farben'),(1153,'farbig','farbig'),(875,'Farbigkeit','Farbigkeit'),(513,'Farbigkeit vorne','Farbigkeit vorne'),(619,'Farbliche Auszeichnung','Farbliche Auszeichnung'),(761,'FarbLicht','FarbLicht'),(767,'FarbLicht-Muster','FarbLicht-Muster'),(873,'Farbskala','Farbskala'),(1933,'farmers','farmers'),(465,'Farn','Farn'),(4109,'Fassade','Fassade'),(2861,'fast','fast'),(3385,'Fast-Food','Fast-Food'),(3563,'Fatehpur Sikrit','Fatehpur Sikrit'),(2911,'features','features'),(2775,'Featuretree','Featuretree'),(2857,'federated','federated'),(3039,'feeds','feeds'),(2553,'Feld','Feld'),(1319,'Felsen','Felsen'),(3773,'Festigkeit','Festigkeit'),(471,'Feuer','Feuer'),(515,'Figur Grund','Figur Grund'),(2379,'Fiktive Landschaft','Fiktive Landschaft'),(75,'Film','Film'),(1871,'Film und Foto','Film und Foto'),(2615,'Filmmusik','Filmmusik'),(2601,'Filmplakat','Filmplakat'),(3035,'filter','filter'),(3154,'Filtern','Filtern'),(2829,'find','find'),(4191,'find similar','find similar'),(2833,'findable','findable'),(2175,'Fineliner auf Papier, digitale Nachbearbeitung','Fineliner auf Papier, digitale Nachbearbeitung'),(4353,'Fineliner, Filzstift','Fineliner, Filzstift'),(4425,'Fire','Fire'),(4427,'Fire','Fire'),(4429,'Fire','Fire'),(4431,'Fire','Fire'),(4433,'Fire','Fire'),(4435,'Fire','Fire'),(1511,'Flachdach','Flachdach'),(4069,'Flächiges Pattern','Flächiges Pattern'),(1329,'Flachland','Flachland'),(4067,'Flechten','Flechten'),(2559,'fliegenpilz','fliegenpilz'),(4447,'Floor','Floor'),(4449,'Floor','Floor'),(461,'Fluss','Fluss'),(1407,'Flussbett','Flussbett'),(3761,'flüssig','flüssig'),(4268,'Fluxus-Performance','Fluxus-Performance'),(2561,'fly agaric','fly agaric'),(2479,'Flyer','Flyer'),(2577,'Folter','Folter'),(745,'Form','Form'),(2813,'format','format'),(3749,'formbar','formbar'),(3341,'Forschungskooperationen (national, international)','Forschungskooperationen (national, international)'),(1575,'Forssman','Forssman'),(3184,'Foto','Foto'),(2191,'Fotobuch','Fotobuch'),(76,'Fotografie','Fotografie'),(4299,'Fotografie / Still','Fotografie / Still'),(1835,'Fotografie & Propaganda','Fotografie & Propaganda'),(3593,'Fotografien','Fotografien'),(3853,'Fotografische Aufzeichnung','Fotografische Aufzeichnung'),(3895,'fotography','fotography'),(3418,'Fotoklasse','Fotoklasse'),(2189,'Fotomappe mit 20 S/W-Positiven','Fotomappe mit 20 S/W-Positiven'),(621,'Fotomontage','Fotomontage'),(2015,'Fotorgrafiegeschichte','Fotorgrafiegeschichte'),(3603,'Found Footage','Found Footage'),(3069,'Frau','Frau'),(2129,'Fraumünster','Fraumünster'),(2663,'Freilichtspektakel','Freilichtspektakel'),(2285,'Freizeitbereich','Freizeitbereich'),(3043,'Fremde Dichter','Fremde Dichter'),(3130,'Fremde Kultur','Fremde Kultur'),(2955,'frequently bought togehter','frequently bought togehter'),(1165,'friedlich','friedlich'),(4083,'Frittieren','Frittieren'),(1557,'Frontispiz','Frontispiz'),(3787,'Früchteschale','Früchteschale'),(1439,'Frühe Neuzeit','Frühe Neuzeit'),(4325,'Frühlingssemester 2012','Frühlingssemester 2012'),(4305,'FS 2012','FS 2012'),(1869,'FSA','FSA'),(2619,'FTM Schaufenster','FTM Schaufenster'),(2617,'FTM-Projekte','FTM-Projekte'),(855,'Funktion','Funktion'),(1995,'Futurismus','Futurismus'),(1829,'Futurismus & Vortizismus','Futurismus & Vortizismus'),(1315,'futuristisch','futuristisch'),(1383,'Game','Game'),(3677,'game engine','game engine'),(2355,'Game-Screenshot','Game-Screenshot'),(3073,'gamedesign','gamedesign'),(4558,'Games','Games'),(4385,'Gandhi','Gandhi'),(4389,'Gandhi','Gandhi'),(4393,'Gandhi','Gandhi'),(4397,'Gandhi','Gandhi'),(4401,'Gandhi','Gandhi'),(4405,'Gandhi','Gandhi'),(4387,'Gandhi Ashram','Gandhi Ashram'),(4391,'Gandhi Ashram','Gandhi Ashram'),(4395,'Gandhi Ashram','Gandhi Ashram'),(4399,'Gandhi Ashram','Gandhi Ashram'),(4403,'Gandhi Ashram','Gandhi Ashram'),(4407,'Gandhi Ashram','Gandhi Ashram'),(2607,'Garage','Garage'),(2743,'GARETH PUGH','GARETH PUGH'),(613,'Garten','Garten'),(2853,'gateway','gateway'),(2009,'Gebälk','Gebälk'),(1217,'Gebäude','Gebäude'),(1237,'Gebirge','Gebirge'),(1343,'Gebirge','Gebirge'),(849,'Gebrauchskontext','Gebrauchskontext'),(1173,'gedeckte Farben','gedeckte Farben'),(581,'Gegenlicht','Gegenlicht'),(2251,'Geländeturm Hardturm-Areal mit Pfingstweidstrasse','Geländeturm Hardturm-Areal mit Pfingstweidstrasse'),(1231,'Gelb','Gelb'),(1267,'Gelbtöne','Gelbtöne'),(1447,'Gemüse','Gemüse'),(2585,'Gender','Gender'),(72,'General category of the art portrayed','Allgemeine Gattung der Kunst in Bezug auf das Ausdrucksmedium'),(157,'General category of the art portrayed','Allgemeine Gattung der Kunst in Bezug auf das Ausdrucksmedium. In welchem künstlerischen Medium artikuliert sich das Werk?'),(127,'General category of the art portrayed','Allgemeine Gattung der Kunst in Bezug auf das Ausdrucksmedium. Mit welchen künstlerischen Medien arbeitet das Werk?'),(270,'General category of the art portrayed','Allgemeine Gattung der Kunst. In welchem künstlerischen Medium artikuliert sich das Werk? Welche künstlerischen Mittel werden zum Ausdruck genutzt?'),(4145,'Generalunternehmer','Generalunternehmer'),(1605,'Generative Architektur','Generative Architektur'),(2135,'Geschichte','Geschichte'),(1907,'Geschichte ZHdK','Geschichte ZHdK'),(2137,'Gesellschaft','Gesellschaft'),(2299,'Gestalten mit digitalen Medien','Gestalten mit digitalen Medien'),(4153,'Gestalterische Grundlagen 1 - Bild','Gestalterische Grundlagen 1 - Bild'),(3821,'Gesture_MultiTouchTable','Gesture_MultiTouchTable'),(3249,'Gewand','Gewand'),(1325,'Gewässer','Gewässer'),(763,'Gewerbemuseum Winterthur','Gewerbemuseum Winterthur'),(3253,'Gewürze','Gewürze'),(4053,'Gibs','Gibs'),(3765,'giessen','giessen'),(2475,'Gino Filadoro','Gino Filadoro'),(4077,'Gips','Gips'),(3156,'GIS','GIS'),(1921,'Gitarre','Gitarre'),(2339,'Glas','Glas'),(1155,'Gletscher','Gletscher'),(2403,'Globalisierung','Globalisierung'),(3190,'GloCal','GloCal'),(2851,'goal','goal'),(2921,'goals','goals'),(1481,'gold','Gold'),(2343,'Golddekor','Golddekor'),(587,'Goldener Schnitt','Goldener Schnitt'),(1947,'Gotik','Gotik'),(3911,'gözde özgür','gözde özgür'),(889,'Grafik','Grafik'),(2193,'Grafik erstellt in OmniGraffle','Grafik erstellt in OmniGraffle'),(2708,'Graph','Graph'),(3891,'graphic design','graphic design'),(467,'Gras','Gras'),(2393,'Gräser','Gräser'),(1243,'Grautöne','Grautöne'),(3471,'green','green'),(4045,'Grenzen','Grenzen'),(1949,'Griechische Antike','Griechische Antike'),(2123,'Grossmünster','Grossmünster'),(1169,'grün','grün'),(3166,'Grundlagen','Grundlagen'),(1563,'Grundrisse','Grundrisse'),(340,'Grundstudium Diplom','Grundstudium Diplom'),(1347,'Grünfläche','Grünfläche'),(1255,'Grüntöne','Grüntöne'),(1509,'Grünzeug','Grünzeug'),(959,'Gruppenportrait','Gruppenportrait'),(649,'Gruppenporträt','Gruppenporträt'),(3963,'GUI','GUI'),(2949,'guides','guides'),(1897,'Guitarre','Guitarre'),(2207,'Gummidruck','Gummidruck'),(747,'Gussform','Gussform'),(3349,'Gutacher- und forschungsbez. Beratertätigkeit','Gutacher- und forschungsbez. Beratertätigkeit'),(2269,'GZ Hirzenbach','GZ Hirzenbach'),(2287,'GZ Hirzenbach Zürich','GZ Hirzenbach Zürich'),(4093,'Häckseln','Häckseln'),(1365,'Hafen','Hafen'),(3225,'Hand','Hand'),(3241,'Händler','Händler'),(4238,'Handlungsperformance','Handlungsperformance'),(3235,'Handykamera','Handykamera'),(2789,'Hannes Rickli','Hannes Rickli'),(4266,'Happening','Happening'),(423,'Hase','Hase'),(2973,'haunted house','haunted house'),(341,'Hauptstudium Diplom','Hauptstudium Diplom'),(883,'haus','haus'),(1355,'Häuser','Häuser'),(4519,'Hauz Khaz','Hauz Khaz'),(4521,'Hauz Khaz','Hauz Khaz'),(4523,'Hauz Khaz','Hauz Khaz'),(4525,'Hauz Khaz','Hauz Khaz'),(4527,'Hauz Khaz','Hauz Khaz'),(4529,'Hauz Khaz','Hauz Khaz'),(727,'healthiness','healthiness'),(1177,'Hecken','Hecken'),(2583,'Heimat','Heimat'),(3093,'Heimweh','Heimweh'),(469,'Helikopter','Helikopter'),(575,'hell dunkel','hell dunkel'),(1213,'hellblau','hellblau'),(1951,'Hellenismus','Hellenismus'),(537,'Helligkeit hinten','Helligkeit hinten'),(1505,'Hello','Hello'),(2731,'HELMRINDERKNECHT contemporary design gallery','HELMRINDERKNECHT contemporary design gallery'),(2785,'Helvetica','Helvetica'),(3759,'Hemd','Hemd'),(713,'herbal','herbal'),(3481,'Heritage House','Heritage House'),(2431,'HGKZ','HGKZ'),(1517,'Hierarchie','Hierarchie'),(1547,'Hierarchischer Zugang','Hierarchischer Zugang'),(3204,'Highway','Highway'),(1607,'Hilfe','Hilfe'),(1259,'Himmel','Himmel'),(3965,'Hindi','Hindi'),(3118,'Hinterface','Hinterface'),(1427,'Hirsch','Hirsch'),(2369,'Historische Besiedlung','Historische Besiedlung'),(4215,'HMT','HMT'),(1409,'Hochgebirge','Hochgebirge'),(3401,'Hochhaus','Hochhaus'),(2093,'Hochschule','Hochschule'),(4099,'Holz','Holz'),(1441,'Horizont','Horizont'),(593,'Horizont hoch','Horizont hoch'),(583,'Horizont tief','Horizont tief'),(2621,'Horror Movie','Horror Movie'),(2625,'Horrorfilm','Horrorfilm'),(2359,'Hörspiel','Hörspiel'),(2533,'Host Club','Host Club'),(719,'hot','hot'),(3091,'Hotel','Hotel'),(3009,'how','how'),(1175,'Hügel','Hügel'),(1263,'Hügellandschaft','Hügellandschaft'),(1397,'Hütten','Hütten'),(1621,'HyperColumn','HyperColumn'),(1539,'HyperImage','HyperImage'),(3691,'IAD','IAD'),(807,'iBrowsing','iBrowsing'),(4223,'ICST','ICST'),(3047,'IDE','IDE'),(2133,'Identität','Identität'),(1161,'idyllisch','idyllisch'),(2793,'IFCAR','IFCAR'),(3987,'IICD Jaipur','IICD Jaipur'),(3989,'IICD Jaipur','IICD Jaipur'),(3991,'IICD Jaipur','IICD Jaipur'),(2187,'Ilfocolor Mittelformat Polyester Farbfilm','Ilfocolor Mittelformat Polyester Farbfilm'),(3555,'Imanuel Schipper','Imanuel Schipper'),(4233,'Immissionen','Immissionen'),(3124,'Impressionen','Impressionen'),(2845,'incentives','incentives'),(2875,'index','index'),(1627,'Index-Browser','Index-Browser'),(3099,'Indexierung','Indexierung'),(2915,'indexing','indexing'),(675,'india','india'),(673,'indian food','indian food'),(4417,'Indian Institute of Management','Indian Institute of Management'),(4419,'Indian Institute of Management','Indian Institute of Management'),(4421,'Indian Institute of Management','Indian Institute of Management'),(4423,'Indian Institute of Management','Indian Institute of Management'),(479,'Indien','Indien'),(2019,'Industrial Design','Industrial Design'),(4159,'Information','Information'),(685,'ingredient','ingredient'),(3436,'inkognito','inkognito'),(2505,'Innenaufnahme','Innenaufnahme'),(3087,'Insel','Insel'),(2455,'Inside out / Outside in','Inside out / Outside in'),(899,'Installation','Installation'),(30,'Institutional Affiliation','Bereich ZHdK'),(31,'Institutional Affiliation of the Author of the work to the ZHdK.','Der Bereich an der ZHdK, in dem das abgebildete Werk entstanden ist.'),(137,'Institutional Affiliation of the Author of the work to the ZHdK.','Der Bereich an der ZHdK, in dem das Werk entstanden ist. '),(166,'Institutional Affiliation of the Author of the work to the ZHdK.','Der Bereich an der ZHdK, in dem das Werk entstanden ist. Hier können Studienvertiefungen, Institute und Abteilungen genannt werden.'),(3345,'Institutioneller Fachausstausch (Konferenzteilnahme, Diskussionen, Panels, Symposien, Workshops))','Institutioneller Fachausstausch (Konferenzteilnahme, Diskussionen, Panels, Symposien, Workshops))'),(1613,'Inszenierte Fotografie','Inszenierte Fotografie'),(2665,'Inszenierung','Inszenierung'),(907,'Inszenierungen','Inszenierungen'),(2291,'Integration','Integration'),(2905,'interaction','interaction'),(3134,'Interaktion','Interaktion'),(809,'Interaktionsformen','Interaktionsformen'),(3170,'Interaktionsmodell','Interaktionsmodell'),(4258,'interaktive Performance mit Audiotechnik','interaktive Performance mit Audiotechnik'),(3961,'Intercultural Competence','Intercultural Competence'),(4317,'Interdiszilinäres Projekt','Interdiszilinäres Projekt'),(3441,'interdisziplinäre','interdisziplinäre'),(4309,'Interdisziplinäres Projekt','Interdisziplinäres Projekt'),(803,'Interface','Interface'),(3196,'interkulturelle Kompetenz','interkulturelle Kompetenz'),(3887,'interkulturelle kompetenz india 12','interkulturelle kompetenz india 12'),(22,'Internal Remark - Free Text.','Interne Bemerkung - Freier Text.'),(70,'Internet Links (URL)','Internet Links (URL)'),(413,'Intimität','Intimität'),(286,'IO Interface','IO Interface'),(4373,'iPad','iPad'),(4193,'iphone','iphone'),(3685,'IPTC/XMPpro','IPTC/XMPpro'),(421,'irgendwas','irgendwas'),(1455,'irritierend','irritierend'),(2688,'Isanbul','Isanbul'),(3216,'Islam','Islam'),(701,'island','island'),(41,'ISO-Country code','ISO-Ländercode'),(164,'ISO-Country code of the depicted object',''),(42,'ISO-Country code of the depicted object','ISO-Ländercode des abgebildeten Objektes'),(2674,'Istanbul','Istanbul'),(2629,'IT-Pool','IT-Pool'),(457,'Jahresausstellung','Jahresausstellung'),(1985,'Jahrhundertwende','Jahrhundertwende'),(3561,'Jaipur','Jaipur'),(3823,'Jan Schacher','Jan Schacher'),(3449,'Jantar Mantar','Jantar Mantar'),(3426,'java-datei','java-datei'),(3403,'Jazzkonzert','Jazzkonzert'),(2759,'Jean-Martin Büttner','Jean-Martin Büttner'),(1143,'Jérome Sprenger','Jérome Sprenger'),(99,'Job-title','Berufsbezeichnung'),(2799,'Journal für Kunst, Sex und Mathematik','Journal für Kunst, Sex und Mathematik'),(3621,'JS Bach','JS Bach'),(2289,'Jugendliche','Jugendliche'),(3901,'Julia Schmalbrock','Julia Schmalbrock'),(3569,'Juma Masid','Juma Masid'),(3239,'Junger Mann','Junger Mann'),(2303,'Justizvollzugsanstalt Realta GR','Justizvollzugsanstalt Realta GR'),(3647,'Kaffee','Kaffee'),(1235,'Kaktus','Kaktus'),(561,'kalt warm','kalt warm'),(4337,'Kammerspiele des Alltags','Kammerspiele des Alltags'),(4327,'Kammerspiele im Alltag','Kammerspiele im Alltag'),(1337,'Kanal','Kanal'),(2341,'Kanne','Kanne'),(2297,'Kantonsschule Küsnacht','Kantonsschule Küsnacht'),(2315,'Kantonsschule Stadelhofen Zürich','Kantonsschule Stadelhofen Zürich'),(2007,'Kapitell','Kapitell'),(871,'Karte','Karte'),(641,'Karten','Karten'),(4063,'Karton','Karton'),(3420,'Kathedrale','Kathedrale'),(731,'kebab','kebab'),(3575,'Kerala','Kerala'),(743,'Keramik','Keramik'),(2815,'keyword','keyword'),(302,'Keywords','Schlagworte zu Inhalt und Motiv'),(278,'Keywords describing the media entry content',''),(8,'Keywords describing the media entry content','Schlagworte zu Inhalt und Motiv des Medieneintrags'),(126,'Keywords describing the media entry content','Schlagworte zu Inhalt und Motiv des Medieneintrags. Was ist zu sehen oder zu hören? Welche Themen behandelt das Werk? Welche bildlichen oder muskalischen Motive lassen sich benennen? '),(248,'Keywords describing the media entry content','Schlagworte zu Inhalt und Motiv des Werkes. Was ist zu sehen oder zu hören? Welche Themen behandelt das Werk?'),(155,'Keywords describing the media entry content','Schlagworte zu Inhalt und Motiv des Werkes. Was ist zu sehen oder zu hören? Welche Themen behandelt das Werk? Welche bildlichen oder muskalischen Motive lassen sich benennen? '),(156,'Keywords describing the media entry content','Schlagworte zu Inhalt und Motiv des Werkes. Was ist zu sehen oder zu hören? Welche Themen behandelt das Werk? Welche bildlichen, dramaturgischen, filmischen oder musikalischen Motive lassen sich benennen? '),(1293,'Kinder','Kinder'),(2281,'Kindergarten','Kindergarten'),(3063,'Kino','Kino'),(2613,'Kirche','Kirche'),(2337,'Klang','Klang'),(2783,'Klassifikation','Klassifikation'),(1953,'Klassizismus','Klassizismus'),(4105,'Kleben','Kleben'),(887,'Klima','Klima'),(859,'Klimatologie','Klimatologie'),(2611,'Kloster','Kloster'),(3993,'Knee Clinic','Knee Clinic'),(3243,'knieen','knieen'),(905,'knowbotic research','knowbotic research'),(2977,'knowledge management','knowledge management'),(4065,'Knüpfen','Knüpfen'),(2627,'Kollaboration','Kollaboration'),(3132,'Kollage','Kollage'),(2307,'Kollegium Schwyz','Kollegium Schwyz'),(2745,'Kolonialismus','Kolonialismus'),(2185,'Kombination von 3D-Konstruktion, Fotografie und digitale Bildbearbeitung','Kombination von 3D-Konstruktion, Fotografie und digitale Bildbearbeitung'),(539,'Kontrast vorne','Kontrast vorne'),(655,'Konzeptkunst','Konzeptkunst'),(2495,'Konzert','Konzert'),(3343,'Kooperationen mit Wirtschaft und öffentlichem Sektor','Kooperationen mit Wirtschaft und öffentlichem Sektor'),(771,'Kooperationsprojekt','Kooperationsprojekt'),(489,'Körper','Körper'),(3387,'Kraftmaschine','Kraftmaschine'),(1295,'Krahn','Krahn'),(2635,'Kreativität','Kreativität'),(3059,'Krieg','Krieg'),(3899,'kriegenburg','kriegenburg'),(1845,'Kriegsfotografie','Kriegsfotografie'),(4329,'Kugelschreiber-Zeichnungen','Kugelschreiber-Zeichnungen'),(1205,'kühl','kühl'),(2087,'Kulturanalyse und Vermittlung','Kulturanalyse und Vermittlung'),(2747,'KulturMedienZukunft 2011','KulturMedienZukunft 2011'),(79,'Kunst','Kunst'),(2089,'Kunst & Medien','Kunst & Medien'),(2795,'künstlerische Forschung','künstlerische Forschung'),(2401,'Künstlerisches Forschungsprojekt','Künstlerisches Forschungsprojekt'),(1399,'künstlich','künstlich'),(2791,'Kunstmuseum Thun','Kunstmuseum Thun'),(3416,'Kunststoff','Kunststoff'),(863,'Kurve/Graph','Kurve/Graph'),(3825,'Kurzartikel_VeranstaltungenNM','Kurzartikel_VeranstaltungenNM'),(3777,'kurzfristig','kurzfristig'),(2077,'Kurzmeldungen','Kurzmeldungen'),(1317,'Küste','Küste'),(1225,'Küstenlandschaft','Küstenlandschaft'),(4341,'L\'amore al bar','L\'amore al bar'),(2441,'L\'esprit d\'escalier','L\'esprit d\'escalier'),(2445,'L\'esprit l\'escalier','L\'esprit l\'escalier'),(711,'lamb','lamb'),(1167,'ländlich','ländlich'),(447,'Landschaft','Landschaft'),(1203,'Landschaftsarchitektur','Landschaftsarchitektur'),(507,'Landschaftsmalerei','Landschaftsmalerei'),(631,'Landschaftsplanung','Landschaftsplanung'),(451,'Landschaftsvisualisierung','Landschaftsvisualisierung'),(1389,'Landschaftsviualisierung','Landschaftsviualisierung'),(1193,'landwirtschaftlich','landwirtschaftlich'),(4379,'Langstrasse, Nachtklub','Langstrasse, Nachtklub'),(2909,'language','language'),(4037,'Langzeitbeobachtung Schlieren','Langzeitbeobachtung Schlieren'),(3835,'Langzeitperformance','Langzeitperformance'),(3769,'Lasagne','Lasagne'),(2021,'Lautsprecher','Lautsprecher'),(3725,'Lawrence Power','Lawrence Power'),(4451,'Laxmi Vilas Palace','Laxmi Vilas Palace'),(4135,'Layout','Layout'),(3029,'learn','learn'),(2863,'learning','learning'),(2327,'Leben','Leben'),(773,'Lebensraum Schule','Lebensraum Schule'),(4242,'Lecture Performance','Lecture Performance'),(3045,'Lecture Performance von Sibylle Peters (Giessen/Hamburg)','Lecture Performance von Sibylle Peters (Giessen/Hamburg)'),(65,'Lecturer/Project Leader','Dozierende/Projektleitung'),(757,'LED-ColourLab','LED-ColourLab'),(3439,'Leder','Leder'),(89,'Lehre','im Studienverlauf entstanden'),(3905,'Lehre','Lehre'),(90,'Lehrmittel','Lehrmittel'),(3751,'Leim','Leim'),(4103,'Leimen','Leimen'),(3037,'lens','lens'),(653,'Leonardo Da Vinci','Leonardo Da Vinci'),(3221,'lesen','lesen'),(2095,'Letzte Seite','Letzte Seite'),(2079,'Leute','Leute'),(2347,'Liao-Dynastie','Liao-Dynastie'),(1513,'Licht','Licht'),(487,'Liebe','Liebe'),(3247,'lila','lila'),(2969,'limited facets','limited facets'),(1753,'Linien','Linien'),(493,'Linienfuehrung diagonal','Linienfuehrung diagonal'),(517,'Linienfuehrung horizontal','Linienfuehrung horizontal'),(495,'Linienfuehrung vertikal','Linienfuehrung vertikal'),(563,'Linienführung diagonal','Linienführung diagonal'),(589,'Linienführung horizontal','Linienführung horizontal'),(591,'Linienführung vertikal','Linienführung vertikal'),(607,'Linienführung Vertikale','Linienführung Vertikale'),(1757,'Links','Links'),(2947,'lists','lists'),(80,'Literatur','Literatur'),(2993,'location','location'),(33,'Location','Standort'),(255,'Location','Standort/Aufführungsort'),(34,'Location of the depicted object','Standort des abgebildeten Objektes'),(256,'Location of the depicted object','Standort des Werkes, z.B. eine Institution oder ein historischer Ort. In welchem Museum / welcher Sammlung befindet sich das Werk? Wo genau steht das abgebildete Gebäude?'),(132,'Location of the depicted object','Standort des Werkes, z.B. eine Institution oder ein historischer Ort. In welchem Museum / welcher Sammlung befindet sich das Werk? Wo genau steht das abgebildete Gebäude? (Frage: auch Aufführungsort?)'),(3469,'Lodhi Garden','Lodhi Garden'),(2127,'Logo','Logo'),(2447,'Loogie.net TV','Loogie.net TV'),(3571,'Lotus Temple','Lotus Temple'),(4411,'Louis Kahn','Louis Kahn'),(4413,'Louis Kahn','Louis Kahn'),(4415,'Louis Kahn','Louis Kahn'),(547,'Luftperspektive','Luftperspektive'),(2767,'Lukas Bärfuss','Lukas Bärfuss'),(3122,'Lüneburg','Lüneburg'),(3657,'machinima','machinima'),(491,'Macht','Macht'),(4047,'Machtverhätnisse','Machtverhätnisse'),(3943,'Macro','Macro'),(403,'madek core Inhalt und Motiv (bezieht sich auf den Medieninhalt)','madek core Inhalt und Motiv (bezieht sich auf den Medieninhalt)'),(3545,'madek core: Schlagworte zu Inhalt und Motiv','madek core: Schlagworte zu Inhalt und Motiv'),(417,'madek Inhalt','madek Inhalt'),(1853,'Magazinfotografie','Magazinfotografie'),(1955,'Magna Graeca','Magna Graeca'),(4273,'Maki Wiederkehr','Maki Wiederkehr'),(3645,'Malen','Malen'),(1443,'Malerei','Malerei'),(2463,'Mami, ich will auch Super-Algorithmen','Mami, ich will auch Super-Algorithmen'),(2477,'Mami, ich will auch Super-Algorithmen...!','Mami, ich will auch Super-Algorithmen...!'),(2467,'Mami, ich will auch Super-Algorthmen','Mami, ich will auch Super-Algorthmen'),(2757,'Manfred Papst','Manfred Papst'),(3025,'map','map'),(2449,'Marc Lee','Marc Lee'),(2385,'märchenhaft','märchenhaft'),(2457,'Marco Ryser','Marco Ryser'),(3251,'Markt','Markt'),(3721,'Markus Eiche','Markus Eiche'),(2515,'Martin Rapold','Martin Rapold'),(60,'MAS (Master of Advanced Studies)','MAS (Master of Advanced Studies)'),(3339,'Massnahmen zur Nachwuchsförderung','Massnahmen zur Nachwuchsförderung'),(2321,'Master','Master'),(3833,'Masterthesis','Masterthesis'),(2706,'Material','Material'),(110,'Material / Format','Material / Format'),(266,'Material / Format','Material/Format'),(2698,'Material-Archiv','Material-Archiv'),(332,'material/format','Material/Format'),(831,'Material/Medium','Material/Medium'),(27,'Material/Technik','Material/Technik'),(2712,'Materialmuster','Materialmuster'),(3727,'Materialspur','Materialspur'),(2063,'Materialsuche','Materialsuche'),(3591,'Mathura','Mathura'),(1307,'Mauer','Mauer'),(2525,'Max Gertsch','Max Gertsch'),(287,'Media Content','Media Content'),(293,'Media Content','Werk'),(288,'Media Object','Media Object'),(294,'Media Object','Medium'),(2419,'Mediale Künste','Mediale Künste'),(661,'Medienarchiv','Medienarchiv'),(789,'Medienarchiv der Künste','Medienarchiv der Künste'),(827,'Medienkunst','Medienkunst'),(3331,'Medienresonanz','Medienresonanz'),(1321,'Meer','Meer'),(3055,'Melodrama','Melodrama'),(3447,'Men','Men'),(1233,'Mensch','Mensch'),(1219,'Menschen','Menschen'),(409,'Menschenbild','Menschenbild'),(1957,'Mesopotamien','Mesopotamien'),(3779,'Messebau','Messebau'),(2919,'metadata','metadata'),(1521,'Metadaten','Metadaten'),(3667,'metaverse','metaverse'),(3483,'Metha','Metha'),(2437,'Michael Hampel','Michael Hampel'),(3883,'Migration','Migration'),(2241,'Migros Verteilzentrum Herdern mit Pfingstweidstrasse','Migros Verteilzentrum Herdern mit Pfingstweidstrasse'),(1959,'Minoisch','Minoisch'),(635,'Mischtechnik','Mischtechnik'),(3347,'Mitgliedschaft bei Institutionen, Fachschaften, etc.','Mitgliedschaft bei Institutionen, Fachschaften, etc.'),(617,'Mittel- Hintergrund','Mittel- Hintergrund'),(1961,'Mittelalter','Mittelalter'),(1309,'Mittelgebirge','Mittelgebirge'),(292,'MIZ-Archiv','MIZ-Archiv'),(312,'MIZ-Archiv','MIZ-Archiv_alt'),(2718,'Mobimo','Mobimo'),(3807,'Möblierung','Möblierung'),(1855,'Modefotografie','Modefotografie'),(3813,'Modell','Modell'),(3164,'Modelle','Modelle'),(1209,'modern','modern'),(1963,'Moderne','Moderne'),(2391,'Mond','Mond'),(3289,'Monografie','Monografie'),(3945,'Moorish','Moorish'),(3410,'Mosaik','Mosaik'),(867,'Motiv','Motiv'),(4517,'Mount Abu','Mount Abu'),(3671,'multiuser','multiuser'),(3501,'Mumbai','Mumbai'),(3214,'Mumbay','Mumbay'),(3861,'Mündliche Sprache','Mündliche Sprache'),(2085,'Museum','Museum'),(2283,'Museum für Gegenwartskunst Basel','Museum für Gegenwartskunst Basel'),(475,'Museum für Gestaltung','Museum für Gestaltung'),(2716,'Museumskonzerte','Museumskonzerte'),(2275,'Museumspädagogik','Museumspädagogik'),(3589,'Music','Music'),(83,'Musik','Musik'),(2427,'Musikvideo','Musikvideo'),(1965,'Mykenisch','Mykenisch'),(2323,'Nach dem Krieg','Nach dem Krieg'),(1333,'Nachthimmel','Nachthimmel'),(2141,'Narration','Narration'),(4161,'narrow','narrow'),(3539,'NASA','NASA'),(1353,'Natur','Natur'),(3579,'Nature','Nature'),(1361,'naturnah','naturnah'),(1841,'Neorealismus','Neorealismus'),(4209,'netzhdk','netzhdk'),(4129,'Netzstruktur','Netzstruktur'),(1875,'New Topographic','New Topographic'),(2451,'Newslounge','Newslounge'),(2073,'nicht geeignet','nicht geeignet'),(3497,'NID','NID'),(1477,'niger delta','niger delta'),(2111,'nightingale','nightingale'),(2465,'Niki Schawalder','Niki Schawalder'),(3829,'nikonD200-2007-(_8002686.NEF-_8002720.NEF)19April2008-zurich-walcheturm-concerto','nikonD200-2007-(_8002686.NEF-_8002720.NEF)19April2008-zurich-walcheturm-concerto'),(3831,'nikonD40x-2007-(_DSC5461.NEF-DSC_5490.NEF)19April2008-zurich-walcheturm-concerto-Marcus Maeder','nikonD40x-2007-(_DSC5461.NEF-DSC_5490.NEF)19April2008-zurich-walcheturm-concerto-Marcus Maeder'),(2801,'Nils Röller','Nils Röller'),(3947,'Non-Western Script','Non-Western Script'),(2253,'Nord Ost','Nord Ost'),(663,'Nutzung','Nutzung'),(1419,'Nutzungspolicy','Nutzungspolicy'),(3731,'Oberfläche','Oberfläche'),(2933,'object','object'),(14,'Object Name','Objektbezeichnung'),(2825,'objects','objects'),(1619,'Objekt','Objekt'),(3863,'Objekt / Material','Objekt / Material'),(3109,'ODI','ODI'),(3809,'öffentlich','öffentlich'),(3327,'öffentliche Präsentationen (Tag der Forschung, etc.)','öffentliche Präsentationen (Tag der Forschung, etc.)'),(2603,'Öffentliche Verkehrsmittel','Öffentliche Verkehrsmittel'),(1283,'öffentlicher Raum','öffentlicher Raum'),(3877,'Öffentlichkeitsarbeit','Öffentlichkeitsarbeit'),(833,'Offsetdruck','Offsetdruck'),(1475,'oil','oil'),(1485,'oil','Öl'),(1931,'oil workers','oil workers'),(1245,'Oker','Oker'),(2161,'Öl auf Leinwand','Öl auf Leinwand'),(3949,'Old','Old'),(3461,'Old Delhi','Old Delhi'),(2595,'Oldtimer','Oldtimer'),(2565,'olut','olut'),(3307,'On-line Veröffentlichung','On-line Veröffentlichung'),(1525,'online','online'),(2071,'Online-Ergänzung zum Artikel','Online-Ergänzung zum Artikel'),(304,'only MIZ-Archive','nur MIZ-Archiv'),(3889,'open elective','open elective'),(965,'Opening Scene','Opening Scene'),(2781,'OpenType','OpenType'),(2575,'Oper','Oper'),(3719,'Oper \"Dialogues des Carmélites\" 2011','Oper \"Dialogues des Carmélites\" 2011'),(585,'Optischer Rahmen','Optischer Rahmen'),(2555,'Orange','Orange'),(1491,'Orders of Columns','Säulenordnungen'),(3176,'Ordnen','Ordnen'),(2779,'Organisation','Organisation'),(3311,'Organisation von Tagungen, Konferenzen, Tätigkeit in Wissenschaftsorganisationen','Organisation von Tagungen, Konferenzen, Tätigkeit in Wissenschaftsorganisationen'),(3172,'Organisieren','Organisieren'),(2119,'Orgel','Orgel'),(2121,'Orgelsymposium','Orgelsymposium'),(2125,'Orgelsymposium Flyer','Orgelsymposium Flyer'),(4179,'original query','original query'),(2195,'Original: JPEG','Original: JPEG'),(2197,'Original: Kleinbilddia Farbe; Digitalisat: TIFF','Original: Kleinbilddia Farbe; Digitalisat: TIFF'),(3951,'Ornate','Ornate'),(3913,'Orte des Informellen','Orte des Informellen'),(46,'Other participants','Mitwirkende / weitere Personen'),(100,'Other participants','Weitere Personen Medienerstellung'),(2985,'outdated','outdated'),(4355,'Owner','Eigentümer/in'),(4365,'Owner','Eigentümer/in im Medienarchiv'),(4453,'Palace of the Winds','Palace of the Winds'),(4457,'Palace of the Winds','Palace of the Winds'),(4459,'Palace of the Winds','Palace of the Winds'),(2001,'Palast','Palast'),(897,'Palaver','Palaver'),(1531,'Palladio','Palladio'),(1215,'Palmen','Palmen'),(829,'Papier','Papier'),(689,'paprika','paprika'),(2737,'PARIS','PARIS'),(453,'Park','Park'),(4131,'Parkbank','Parkbank'),(2722,'Partitur John Cage','Partitur John Cage'),(775,'Partizipation','Partizipation'),(793,'Partizipative Designstrategien','Partizipative Designstrategien'),(799,'Partizipative Designtrategien','Partizipative Designtrategien'),(4256,'Partizipative Performance','Partizipative Performance'),(795,'Partizipatives Design','Partizipatives Design'),(48,'Partner Institution','Partner / beteiligte Institutionen'),(729,'paste','paste'),(4049,'Pat','Pat'),(3325,'Patente','Patente'),(2841,'paths','paths'),(49,'Patron','Auftrag durch'),(3953,'Pattern','Pattern'),(2843,'patterns','patterns'),(4189,'pearl growing','pearl growing'),(3105,'People','People'),(101,'People who contributed to the creation of the illustrating medium, e.g. photographic assistant, stylist, cutter, image editor.','Personen, die zur Erstellung des Medieninhalts beigetragen haben: z.B. Assisstenz, Stylist, Cutter, Bildbearbeitung.'),(152,'People who contributed to the creation of the illustrating medium, e.g. photographic assistant, stylist, cutter, image editor.','Personen, die zur Erstellung des Medienobjekts beigetragen haben: z.B. Assisstenz, Stylist, Cutter, Bildbearbeitung.'),(176,'People who contributed to the creation of the illustrating medium, e.g. photographic assistant, stylist, cutter, image editor.','Personen, die zur Erstellung des Medienobjekts beigetragen haben: z.B. Assisstenz, Stylist, Cutter, Bildbearbeitung. Die entsprechende Funktion sollte ebenfalls genannt werden.'),(178,'People who contributed to the creation of the illustrating medium, e.g. photographic assistant, stylist, cutter, image editor.','Personen, die zur Erstellung des Medienobjekts beigetragen haben: z.B. Assistenz, Stylist, Cutter, Bildbearbeitung. Die entsprechende Funktion sollte ebenfalls genannt werden.'),(687,'pepper','pepper'),(1429,'perfekt','perfekt'),(901,'Performance','Performance'),(4254,'Performance für die Kamera','Performance für die Kamera'),(4244,'performative Improvisation','performative Improvisation'),(4250,'performative Installation','performative Installation'),(2501,'Personen','Personen'),(47,'Persons, who contributed to the shown contents of, e.g. Scenery maker or Assistant Director.','Personen, die zum abgebildeten Inhalt beigetragen haben, z.B. Bühnenbildner oder die Regieassistenz.'),(135,'Persons, who contributed to the shown contents of, e.g. Scenery maker or Assistant Director.','Personen, die zum Werk beigetragen haben, z.B. Bühnenbildner oder die Regieassistenz.'),(168,'Persons, who contributed to the shown contents of, e.g. Scenery maker or Assistant Director.','Personen, die zum Werk beigetragen haben, z.B. Bühnenbildner oder die Regieassistenz. Die entsprechende Funktion sollte ebenfalls genannt werden.'),(577,'Perspektive','Perspektive'),(497,'perspektivische Konvergenz','perspektivische Konvergenz'),(2519,'Peter Freiburghaus','Peter Freiburghaus'),(2771,'Peter Müller','Peter Müller'),(3223,'Pfeil','Pfeil'),(2453,'Philipp Oettli','Philipp Oettli'),(92,'Photographer','Fotograf/in'),(184,'Photographer','Medienersteller/in'),(1877,'Photokina','Photokina'),(2951,'phrases','phrases'),(637,'Physikalische Modelle','Physikalische Modelle'),(2531,'Pierre Mennel','Pierre Mennel'),(3573,'Pigment','Pigment'),(483,'Pigmente','Pigmente'),(1827,'Piktoralismus','Piktoralismus'),(1929,'pipeline','pipeline'),(1755,'Pixel','Pixel'),(2694,'Plakat','Plakat'),(643,'Pläne','Pläne'),(3921,'Plastik','Plastik'),(3017,'platform','platform'),(4075,'Platte','Platte'),(2751,'Plattform Kulturpublizistik','Plattform Kulturpublizistik'),(1303,'Platz ','Platz '),(1349,'Plätze','Plätze'),(2773,'Plinio Bachmann','Plinio Bachmann'),(2499,'plug.in','plug.in'),(4199,'pogosticking','pogosticking'),(2211,'Polaroid','Polaroid'),(2357,'Politik','Politik'),(939,'Polizei- & Fahndungsfotografie','Polizei- & Fahndungsfotografie'),(1863,'Polizei- und Fahndungsfotografie','Polizei- und Fahndungsfotografie'),(4081,'Polyester','Polyester'),(455,'Ponton','Ponton'),(2425,'Pop','Pop'),(2549,'Pop Art','Pop Art'),(857,'Popularisierung','Popularisierung'),(2939,'popularity','popularity'),(851,'populärwissenschaftliches Sachbuch','populärwissenschaftliches Sachbuch'),(2817,'portal','portal'),(407,'Portrait','Portrait'),(669,'Porträt','Porträt'),(44,'Portrayed Institution','Porträtierte Institution'),(43,'Portrayed Person','Porträtierte Person/en'),(2557,'Post Impressionismus','Post Impressionismus'),(95,'Post-Code','Postleitzahl'),(3079,'Postkarten','Postkarten'),(3114,'Postkolonialismus','Postkolonialismus'),(1967,'Postmoderne','Postmoderne'),(695,'powder','powder'),(2265,'Praktikum','Praktikum'),(1903,'Präsentation','Präsentation'),(817,'Präsentationsformen','Präsentationsformen'),(2903,'precision','precision'),(3329,'Preise, Auszeichnungen, Forschungsstipendien, etc.','Preise, Auszeichnungen, Forschungsstipendien, etc.'),(847,'Presse/Medien','Presse/Medien'),(3629,'Pressen','Pressen'),(3785,'Pressform','Pressform'),(505,'print','print'),(519,'Prinzip Aehnlichkeit','Prinzip Aehnlichkeit'),(525,'Prinzip Ähnlichkeit','Prinzip Ähnlichkeit'),(611,'Prinzip der guten Fortsetzung','Prinzip der guten Fortsetzung'),(565,'Prinzip gemeinsames Schicksal','Prinzip gemeinsames Schicksal'),(531,'Prinzip gute Fortsetzung','Prinzip gute Fortsetzung'),(521,'Prinzip Naehe','Prinzip Naehe'),(523,'Prinzip Nähe','Prinzip Nähe'),(601,'Prinzip Vertrautheit','Prinzip Vertrautheit'),(3871,'Prix de Lausanne','Prix de Lausanne'),(3299,'Proceedings','Proceedings'),(2931,'process','process'),(1461,'Produktmanagement','Produktmanagement'),(755,'Profil Design','Profil Design'),(300,'project title','Projekttitel'),(919,'Projects ZHdK','Projekte ZHdK'),(651,'Projekt MAdeK','Projekt MAdeK'),(949,'Projektdokumentation','Projektdokumentation'),(823,'Projektion','Projektion'),(805,'Projektteam','Projektteam'),(1935,'prostitutes','prostitutes'),(106,'Provider','Angeboten durch'),(2704,'Provisorium','Provisorium'),(2923,'psychology','psychology'),(66,'Public Caption','Bildlegende'),(67,'Public Caption - For use in the media and press.','Bildunterschrift, die für einen bestimmten Kontext Gültigkeit hat, z.B. für Publikation in Jahrbuch, Presse oder Website. Bildlegende ist nicht identisch mit dem Titel des Medieneintrags.'),(271,'Public Caption - For use in the media and press.','Bildunterschrift, die nur für einen bestimmten Kontext Gültigkeit hat, z.B. für eine Publikation in einem Jahrbuch, durch die Presse oder auf einer Website. - Die Bildlegende ist nicht identisch mit dem Titel des Werks.'),(249,'Public Caption - For use in the media and press.','Bildunterschrift, die nur für einen bestimmten Kontext Gültigkeit hat, z.B. für eine Publikation in einem Jahrbuch, durch die Presse oder auf einer Website. Die Bildlegende ist nicht identisch mit dem Titel des Medieneintrags.'),(250,'Public Caption - For use in the media and press.','Bildunterschrift, die nur für einen bestimmten Kontext Gültigkeit hat, z.B. für eine Publikation in einem Jahrbuch, durch die Presse oder auf einer Website. Die Bildlegende ist nicht identisch mit dem Titel des Werks.'),(128,'Public Caption - For use in the media and press.','Bildunterschrift, die nur für einen bestimmten Kontext Gültigkeit hat, z.B. für eine Publikation in Jahrbuch, Presse oder Website. Die Bildlegende ist nicht identisch mit dem Titel des Medieneintrags.'),(2225,'Punk Rock','Punk Rock'),(3511,'Pushkar','Pushkar'),(3414,'Puzzle','Puzzle'),(2885,'query','query'),(3041,'question','question'),(4173,'quit','quit'),(2696,'Radamisto','Radamisto'),(2305,'Radio','Radio'),(2959,'rate','rate'),(2995,'rating','rating'),(3077,'Rauchen','Rauchen'),(3783,'Raumakustik','Raumakustik'),(777,'Raumgestaltung','Raumgestaltung'),(647,'Räumliche Zeichnung','Räumliche Zeichnung'),(1369,'Raumplanung','Raumplanung'),(3381,'Raumschiff','Raumschiff'),(3781,'Raumtrennung','Raumtrennung'),(3553,'re/occupation','re/occupation'),(3547,'Re/Okkupation','Re/Okkupation'),(3955,'Reales Alcazares','Reales Alcazares'),(2351,'realistische Computergrafik','realistische Computergrafik'),(629,'Realitätsnahe 3D-Visualisierung','Realitätsnahe 3D-Visualisierung'),(2517,'Rebecca Indermaur','Rebecca Indermaur'),(2901,'recall','recall'),(91,'Recherche','Recherche'),(4197,'recommendation engine','recommendation engine'),(3655,'Recycling','Recycling'),(683,'red','red'),(2787,'red dot','red dot'),(3587,'Red Fort','Red Fort'),(623,'Reduktion','Reduktion'),(2983,'redundant','redundant'),(1377,'reduziert','reduziert'),(1775,'Regel, Grammatik, Logik','Regel, Grammatik, Logik'),(1549,'Regeln','Regeln'),(2383,'Regenbogen','Regenbogen'),(1833,'Reine Fotografie','Reine Fotografie'),(4051,'Reinigen','Reinigen'),(481,'Reise','Reise'),(1617,'Reisefotografie','Reisefotografie'),(3081,'Reisen','Reisen'),(1273,'Reiter','Reiter'),(4169,'related content','related content'),(499,'relative Groesse','relative Groesse'),(595,'relative Grösse','relative Grösse'),(501,'relative Hoehe','relative Hoehe'),(597,'relative Höhe','relative Höhe'),(21,'Remark','Bemerkung'),(69,'Remarks about the Media Entry.','Bemerkungen zum Medieninhalt.'),(165,'Remarks about the Media Entry.','Bemerkungen zum Medieninhalt. Diese können individuell, projektbezogen oder vorläufig sein und von mehreren Personen editiert werden. '),(130,'Remarks about the Media Entry.','Bemerkungen zum Medieninhalt. Hier ist Platz für individuelle oder projektbezogene Bemerkungen. Diese können auch vorläufig sein oder von mehreren Personen editiert werden. '),(273,'Remarks about the Media Entry.','Bemerkungen zum Werk können individuell, projektbezogen oder vorläufig sein. '),(252,'Remarks about the Media Entry.','Bemerkungen zum Werk. Diese können individuell, projektbezogen oder vorläufig sein. '),(68,'Remarks about the Media Entry.','Beschreibung des Medieninhalts.'),(129,'Remarks about the Media Entry.','Beschreibung des Medieninhalts. Hier können Sie eine ausführliche Beschreibung des Werkes einbringen.'),(251,'Remarks about the Media Entry.','Beschreibung des Werks. Hier können Sie eine ausführliche Beschreibung des Werkes einfügen.'),(272,'Remarks about the Media Entry.','Hier können Sie eine ausführliche Beschreibung des Werkes einfügen.'),(1535,'Renaissance','Renaissance'),(1387,'Rendering','Rendering'),(3551,'reoccupation','reoccupation'),(3549,'Reokkupation','Reokkupation'),(3395,'Reportagefotografie','Reportagefotografie'),(2003,'Repräsentationsbau','Repräsentationsbau'),(1571,'Reprint','Reprint'),(3693,'Research Project','Research Project'),(3687,'Research Project on Responsive Materials, IAD, ZHdK, Module','Research Project on Responsive Materials, IAD, ZHdK, Module'),(1489,'Resources','Ressourcen'),(2883,'response','response'),(717,'restaurant','restaurant'),(3019,'result','result'),(2881,'results','results'),(3071,'retromorphosen','retromorphosen'),(2961,'review','review'),(2710,'RFID','RFID'),(3703,'RGB','RGB'),(2971,'rich facets','rich facets'),(3649,'Riechen','Riechen'),(1431,'Rights','Rechte'),(3697,'Robjects','Robjects'),(927,'Roboter - Von Motion zu Emotion','Roboter - Von Motion zu Emotion'),(3695,'Robots','Robots'),(3391,'Rockkonzert','Rockkonzert'),(1969,'Rokoko','Rokoko'),(3641,'Rollen','Rollen'),(4035,'Rom','Rom'),(2443,'Roman Abt','Roman Abt'),(1971,'Romanik','Romanik'),(1451,'romantisch','romantisch'),(1973,'Römische Antike','Römische Antike'),(3885,'roosegard','roosegard'),(1457,'Rosa','Rosa'),(3651,'Rost','Rost'),(1149,'rot','rot'),(1323,'Rottöne','Rottöne'),(2739,'RTW','RTW'),(3661,'rückkopplungseffekt','rückkopplungseffekt'),(425,'Rüebli','Rüebli'),(1271,'Ruhe','Ruhe'),(1335,'ruhig','ruhig'),(2373,'Ruinen','Ruinen'),(3633,'Rupfen','Rupfen'),(951,'Sachaufnahme','Sachaufnahme'),(3635,'Sägen','Sägen'),(1679,'Sagredo','Sagredo'),(1925,'Sahara Chronicle','Sahara Chronicle'),(3323,'Sammlungen und Archive','Sammlungen und Archive'),(4543,'Samode','Samode'),(4547,'Samode','Samode'),(4551,'Samode','Samode'),(4555,'Samode','Samode'),(4541,'Samode Palace','Samode Palace'),(4545,'Samode Palace','Samode Palace'),(4549,'Samode Palace','Samode Palace'),(4553,'Samode Palace','Samode Palace'),(2593,'San Francisco','San Francisco'),(1299,'Sandkasten','Sandkasten'),(3057,'Sarajevo','Sarajevo'),(4377,'Sau, Schwein, Spiess, Spanferkel','Sau, Schwein, Spiess, Spanferkel'),(1411,'sauber','sauber'),(3741,'saugfähig','saugfähig'),(1905,'Säule','Säule'),(1559,'Säulen','Säulen'),(1681,'Säulenbuch','Säulenbuch'),(1227,'Savannenlandschaft','Savannenlandschaft'),(2245,'SBB Herdern Viadukt','SBB Herdern Viadukt'),(541,'Schaerfe vorne','Schaerfe vorne'),(579,'Schärfe vorne','Schärfe vorne'),(503,'Schatten','Schatten'),(1301,'Schaukel','Schaukel'),(4123,'Schaumstoff','Schaumstoff'),(2507,'Schauspieler','Schauspieler'),(3903,'Schauspielstudentin','Schauspielstudentin'),(3767,'Schichten','Schichten'),(3799,'Schichtung','Schichtung'),(1345,'Schiffe','Schiffe'),(1279,'Schloss','Schloss'),(3763,'schmelzen','schmelzen'),(1157,'Schneeflanke','Schneeflanke'),(645,'Schnitt','Schnitt'),(639,'Schnitte','Schnitte'),(4107,'Schnur','Schnur'),(4127,'Schnüre','Schnüre'),(2423,'Schrift','Schrift'),(3859,'Schriftliche Sprache','Schriftliche Sprache'),(2139,'Schuld','Schuld'),(2295,'Schulische Bildung','Schulische Bildung'),(779,'Schulische Freizeit','Schulische Freizeit'),(2389,'schwarz','schwarz'),(1467,'Schweiz','Schweiz'),(1469,'Schweizer','Schweizer'),(603,'Schweizer Maler','Schweizer Maler'),(2547,'Schwimmbad','Schwimmbad'),(3089,'Schwimmbecken','Schwimmbecken'),(4235,'Schwingungen','Schwingungen'),(973,'Scientific Visualization','Scientific Visualization'),(801,'Screenshot','Screenshot'),(1537,'Screenshots','Screenshots'),(4289,'sd','sd'),(4287,'sda','sda'),(2809,'search','search'),(2975,'search & discovery','search & discovery'),(4181,'search again','search again'),(2805,'search patterns','search patterns'),(4183,'search within','search within'),(459,'See','See'),(3085,'Segeln','Segeln'),(3083,'Sehnsucht','Sehnsucht'),(4091,'Seile','Seile'),(1979,'seit 1990','seit 1990'),(2313,'Sekundarstufe 2','Sekundarstufe 2'),(941,'Selbstportrait','Selbstportrait'),(1609,'Selbstporträt','Selbstporträt'),(2965,'self-publishing','self-publishing'),(819,'Seminar','Seminar'),(3194,'Seminarreise','Seminarreise'),(3095,'Sepia','Sepia'),(3408,'Serious Games','Serious Games'),(2083,'Services','Services'),(299,'Set','Set'),(3957,'Seville','Seville'),(485,'Sexualität','Sexualität'),(2503,'SF Schweizer Film','SF Schweizer Film'),(441,'Shanghai Weltausstellung','Shanghai Weltausstellung'),(439,'Shanghai Weltausstellung 2010','Shanghai Weltausstellung 2010'),(1551,'Shape Grammar','Formengrammatik'),(1553,'Shape Grammar','Shape Grammar'),(2963,'share','share'),(3971,'Sik Temple','Sik Temple'),(3973,'Sik Temple','Sik Temple'),(3977,'Sik Temple','Sik Temple'),(1479,'silver','Silber'),(3879,'Simon Steen-Andersen, Søren Kjærgaard ','Simon Steen-Andersen, Søren Kjærgaard '),(2680,'Sinnesbegegnungen','Sinnesbegegnungen'),(4248,'Site-specific Performance','Site-specific Performance'),(2819,'sites','sites'),(3811,'Sitzmöbel','Sitzmöbel'),(3745,'Skelett','Skelett'),(2539,'Skill - Illustration, Layout und Produktion - LEUTE VON HEUTE, W45','Skill - Illustration, Layout und Produktion - LEUTE VON HEUTE, W45'),(4349,'Skill - Photoshop W34','Skill - Photoshop W34'),(2543,'Skill Clips','Skill Clips'),(4351,'Skills W34','Skills W34'),(2541,'Skills W45/46','Skills W45/46'),(3158,'Skizze','Skizze'),(3467,'Sleeping','Sleeping'),(3583,'Slums','Slums'),(2433,'SNM - Studienbereich Neue Medien','SNM - Studienbereich Neue Medien'),(2429,'SNM Diplom 03','SNM Diplom 03'),(2835,'social','social'),(4371,'Social Media','Social Media'),(3033,'social network','social network'),(4369,'Social Web','Social Web'),(2247,'Sockelgeschoss Toni-Areal Westseite mit Graffiti-Kunst','Sockelgeschoss Toni-Areal Westseite mit Graffiti-Kunst'),(1603,'Software','Software'),(2623,'Solothurn 2012 ','Solothurn 2012 '),(2753,'Sommerakademie','Sommerakademie'),(429,'Sonne','Sonne'),(64,'sonstiges','sonstiges'),(4275,'Sooyoung Yoon','Sooyoung Yoon'),(4185,'sort','sort'),(2023,'Sound','Sound'),(104,'Source','Quelle'),(2989,'source','source'),(1851,'Soziale Fotografie','Soziale Fotografie'),(4125,'Spannen','Spannen'),(4101,'Spanplatte','Spanplatte'),(1975,'Spätantike','Spätantike'),(723,'spice','spice'),(3208,'Spice Market','Spice Market'),(725,'spicy','spicy'),(2317,'Spitalschule','Spitalschule'),(2421,'Sprache','Sprache'),(4260,'Sprechperformance','Sprechperformance'),(2741,'SPRING SUMMER','SPRING SUMMER'),(2735,'SS09','SS09'),(1879,'Stadt','Stadt'),(2231,'Stadtentwicklung','Stadtentwicklung'),(567,'Staffelung','Staffelung'),(2777,'Stakeholder','Stakeholder'),(3229,'Stangen','Stangen'),(3609,'Statement','Statement'),(891,'Statistik','Statistik'),(3653,'Stecken','Stecken'),(419,'Stefanie Ammann - Portrait aus der Serie Studentenportraits fürs Zett','Stefanie Ammann - Portrait aus der Serie Studentenportraits fürs Zett'),(1395,'Steg','Steg'),(1999,'Stein','Stein'),(3699,'Stephan Müller','Stephan Müller'),(2205,'Stereoskopie','Stereoskopie'),(3597,'Stiche','Stiche'),(947,'Stichwörter','Stichwörter'),(415,'Sticker','Sticker'),(4240,'Still-Life Performance','Still-Life Performance'),(1249,'Stille','Stille'),(3739,'Stoff','Stoff'),(3795,'Stoffresten','Stoffresten'),(3801,'Stoffstaub','Stoffstaub'),(2473,'Storytool','Storytool'),(1459,'Strand','Strand'),(1223,'Strasse','Strasse'),(1379,'Strassen','Strassen'),(2605,'Strassenbahn','Strassenbahn'),(1849,'Strassenfotografie','Strassenfotografie'),(2917,'structure','structure'),(3805,'Struktur','Struktur'),(1777,'Struktur - Inhalt - Form','Struktur - Inhalt - Form'),(527,'Strukturreichtum vorne','Strukturreichtum vorne'),(1145,'Student Vertiefung Interaction Design','Student Vertiefung Interaction Design'),(967,'Studentenportaits','Studentenportaits'),(1147,'Studentenportrait aus Zett-Serie','Studentenportrait aus Zett-Serie'),(3138,'Studie','Studie'),(3428,'Studierendenarbeit','Studierendenarbeit'),(2017,'Studio Publikationen','Studio Publikationen'),(2011,'Study Year','Studienabschnitt'),(50,'Study Year','Studienjahr'),(4121,'Stuhl','Stuhl'),(3959,'Styles','Styles'),(2935,'subject','subject'),(1839,'Subjektive Fotografie','Subjektive Fotografie'),(16,'Subtitle','Untertitel'),(3148,'Suchen','Suchen'),(3146,'Suchmaschine','Suchmaschine'),(2249,'Süd Ost','Süd Ost'),(2243,'Süd Ost / Zürich City','Süd Ost / Zürich City'),(703,'sun','sun'),(2361,'Sund','Sund'),(3505,'Sunil Padwal','Sunil Padwal'),(3967,'Sunset','Sunset'),(3969,'Sunset','Sunset'),(3975,'Sunset','Sunset'),(2591,'Super-16mm','Super-16mm'),(2363,'Super-8','Super-8'),(1471,'Supply Lines','Supply Lines'),(1837,'Surrealismus','Surrealismus'),(551,'Symmetrie','Symmetrie'),(4213,'Symposium','Symposium'),(3313,'Symposium, Tagesveranstaltungen','Symposium, Tagesveranstaltungen'),(3112,'Syrien','Syrien'),(4177,'system status','system status'),(2513,'Szene 18X','Szene 18X'),(2511,'Szene 53','Szene 53'),(2661,'Szenografie','Szenografie'),(4252,'Tableau Vivant','Tableau Vivant'),(3513,'Tag / SIgn','Tag / SIgn'),(3152,'Tagging','Tagging'),(2945,'tags','tags'),(3867,'Tagung \"Die Künste in der Bildung\"','Tagung \"Die Künste in der Bildung\"'),(3567,'Taj Mahal','Taj Mahal'),(3495,'Tamil Nadu','Tamil Nadu'),(671,'tandoori','tandoori'),(427,'Tanne','Tanne'),(1351,'Tannen','Tannen'),(77,'Tanz','Tanz'),(3873,'Tanz Akademie Zürich','Tanz Akademie Zürich'),(3061,'Tanzen','Tanzen'),(4262,'Tanzperformance','Tanzperformance'),(4269,'Technik: Filztift','Technik: Filztift'),(1287,'technisch','technisch'),(1371,'technologisch','technologisch'),(2913,'technology','technology'),(96,'Telephone','Telefonnummer'),(865,'Temperatur','Temperatur'),(3489,'Temple','Temple'),(1581,'Terminologie','Terminologie'),(893,'test','test'),(4043,'Testupload','Testupload'),(825,'Text','Text'),(3789,'Textil','Textil'),(4409,'Textile','Textile'),(3707,'Textilien','Textilien'),(3735,'Textilstaub','Textilstaub'),(4089,'Textur','Textur'),(553,'Texturgradient','Texturgradient'),(262,'The described resource may be derived from the related resource in whole or in part. z.B. a URL or a book.','Die Quelle, aus der das Medium stammt, z.B. eine URL, ein Buch, ein Radio- oder TV-Sender.'),(261,'The described resource may be derived from the related resource in whole or in part. z.B. a URL or a book.','Quelle, aus der das Medium stammt z.B. eine URL, ein Buch, ein Radio- oder TV-Sender.'),(105,'The described resource may be derived from the related resource in whole or in part. z.B. a URL or a book.','Quelle, aus der das Medium stammt z.B. URL, Buch, Sender.'),(1917,'The subtitle of the media entry','Der Untertitel erweitert den Titel des Werks oder der Werkserie mit zusätzlichen Informationen. Nicht zu verwechseln mit der Bildlegende oder dem Untertitel eines Films (siehe dort).'),(28,'The subtitle of the media entry','Untertitel des Medieneintrags'),(154,'The subtitle of the media entry','Untertitel des Werkes'),(17,'The subtitle or other titles of the media entry.','Untertitel oder weitere Titel des Medieneintrags.'),(2,'The title of the media entry','Titel des Medieneintrags'),(153,'The title of the media entry','Titel des Werkes'),(15,'The title of the media entry.','Titel des Medieneintrags.'),(276,'The title of the work',''),(187,'The title of the work','Titel des Werkes'),(1913,'The title of the work','Titel des Werkes oder einer Werkserie. '),(78,'Theater','Theater'),(2761,'TheaterMedienZukunft','TheaterMedienZukunft'),(3182,'Themen','Themen'),(2682,'Theoriearbiet','Theoriearbiet'),(1515,'Thesaurus','Thesaurus'),(4205,'thrashing','thrashing'),(2413,'Tier','Tier'),(1277,'Tiere','Tiere'),(2643,'tiger','tiger'),(3723,'Till Fellner','Till Fellner'),(3557,'Tim Rieniets','Tim Rieniets'),(1,'Title','Titel'),(303,'Title','Titel des Sets'),(1909,'Title','Titel des Werkes'),(1919,'Title','Titel des Werks'),(281,'Title of the set.',''),(112,'Title of the set.','Titel des Sets'),(285,'TMS','TMS'),(2763,'Tobi Müller','Tobi Müller'),(2227,'Toni','Toni'),(963,'Toni Areal','Toni Areal'),(4133,'Toni-Areal','Toni-Areal'),(2929,'tools','tools'),(2811,'topic','topic'),(839,'Tortendiagramm','Tortendiagramm'),(2599,'Toy Story','Toy Story'),(2469,'TRACK-THE-TRACKERS','TRACK-THE-TRACKERS'),(3443,'Traffic / Transport','Traffic / Transport'),(3160,'Trails and Traces','Trails and Traces'),(3475,'Train','Train'),(3729,'Transformation','Transformation'),(3623,'Transformation 1','Transformation 1'),(3631,'Transformation 2','Transformation 2'),(4085,'Transparentpapier','Transparentpapier'),(4087,'Transperentpapier','Transperentpapier'),(3979,'Trash','Trash'),(3981,'Trash','Trash'),(3983,'Trash','Trash'),(3985,'Trash','Trash'),(2987,'trivial','trivial'),(697,'tropical','tropical'),(3245,'Tücher','Tücher'),(3733,'Tumbler','Tumbler'),(2387,'Turm','Turm'),(2165,'Tusche und Airbrush auf Karton','Tusche und Airbrush auf Karton'),(2169,'Tusche und Aquarell auf Bütenpapier','Tusche und Aquarell auf Bütenpapier'),(2173,'Tusche, Aquarellfarbe, Buntstifte und Kohle auf Transparentfolie','Tusche, Aquarellfarbe, Buntstifte und Kohle auf Transparentfolie'),(3424,'txt-datei','txt-datei'),(317,'type','Gattung'),(627,'Typische 3D-Visualisierung','Typische 3D-Visualisierung'),(3128,'Typografie','Typografie'),(3459,'Typography','Typography'),(3389,'Überwachungskamera','Überwachungskamera'),(4505,'Udaipur','Udaipur'),(4507,'Udaipur','Udaipur'),(4509,'Udaipur','Udaipur'),(4511,'Udaipur','Udaipur'),(4513,'Udaipur','Udaipur'),(4515,'Udaipur','Udaipur'),(1363,'Uferlandschaft','Uferlandschaft'),(2229,'Umbau','Umbau'),(2255,'Umgebung','Umgebung'),(633,'Umweltplanung','Umweltplanung'),(3923,'Umweltverschmutzung','Umweltverschmutzung'),(1977,'unbekannt','unbekannt'),(2397,'unbelebt','unbelebt'),(1159,'unbestimmt','unbestimmt'),(3023,'understand','understand'),(1289,'unfreundlich','unfreundlich'),(569,'Ungewoehnliche Perspektive','Ungewoehnliche Perspektive'),(3120,'Uni','Uni'),(3659,'unreal tournament','unreal tournament'),(3393,'Unruhen','Unruhen'),(543,'Unschaerfe hinten','Unschaerfe hinten'),(615,'Unschärfe hinen','Unschärfe hinen'),(609,'Unschärfe hinten','Unschärfe hinten'),(3412,'Unterricht','Unterricht'),(781,'Untersiggenthal','Untersiggenthal'),(4231,'Untersuchung','Untersuchung'),(3301,'Unveröffentlichte Dissertation','Unveröffentlichte Dissertation'),(1285,'unwirtlich','unwirtlich'),(290,'Upload','Upload'),(12,'Uploaded at','Hochgeladen am'),(11,'Uploaded by','Hochgeladen von'),(345,'Uploaded by','Hochgeladen von / am'),(1923,'Uranium','Uranium'),(3445,'Urban Space','Urban Space'),(3110,'Urbanismus','Urbanismus'),(2765,'Ursina Greuel','Ursina Greuel'),(2897,'usable','usable'),(118,'Usage conditions','Nutzungsbedingungen'),(2889,'useful','useful'),(2867,'user','user'),(2887,'user experience','user experience'),(2827,'users','users'),(1311,'utopisch','utopisch'),(2899,'valuable','valuable'),(705,'vegetable','vegetable'),(3493,'Vegetable / Fruit','Vegetable / Fruit'),(707,'vegetarian','vegetarian'),(3051,'Vektor','Vektor'),(1771,'Vektor, Linie, Visualisierung','Vektor, Linie, Visualisierung'),(853,'Veranschaulichung','Veranschaulichung'),(3437,'Verarbeitungstechniken','Verarbeitungstechniken'),(549,'Verblauung','Verblauung'),(557,'Verdeckung, Staffelung','Verdeckung, Staffelung'),(4119,'verdichten','verdichten'),(3097,'Vergangenheit','Vergangenheit'),(1579,'Vergleich','Vergleich'),(3126,'Verkehr','Verkehr'),(3136,'Verknüpfung','Verknüpfung'),(1163,'verlassen','verlassen'),(3053,'Vermessung','Vermessung'),(1585,'Vernetzung','Vernetzung'),(473,'Vernissage','Vernissage'),(3815,'Verputz','Verputz'),(3681,'Verschlagworten','Verschlagworten'),(659,'Verschlagwortung','Verschlagwortung'),(1393,'verspielt','verspielt'),(3015,'vertical','vertical'),(821,'Video','Video'),(2201,'Video (HDV, 1080i, 16:9)','Video (HDV, 1080i, 16:9)'),(2199,'Video HD 1080p','Video HD 1080p'),(4301,'Videoaufzeichnung','Videoaufzeichnung'),(2485,'Videoinstallation','Videoinstallation'),(4383,'Videokonferenz','Videokonferenz'),(2273,'Videokurs','Videokurs'),(2215,'Vietnamkrieg','Vietnamkrieg'),(1527,'Vignola','Vignola'),(1683,'Vill','Vill'),(1601,'Villen','Villen'),(1367,'Violetttöne','Violetttöne'),(2371,'Virtuelle Landschaft','Virtuelle Landschaft'),(1381,'Vision','Vision'),(1473,'Visions of Global Resource Circulation. A Collaborative Art, Research and Exhibition Project','Visions of Global Resource Circulation. A Collaborative Art, Research and Exhibition Project'),(4343,'VisKom','VisKom'),(815,'Visualisierung','Visualisierung'),(977,'Visualization of Landscape','Landschaftsvisualisierung'),(4313,'Visuelle Kommunikation','Visuelle Kommunikation'),(4381,'Visuelle Kommunikation, Web Design','Visuelle Kommunikation, Web Design'),(1625,'Visuelles Browsen','Visuelles Browsen'),(3507,'Vivandrum','Vivandrum'),(2365,'VMK','VMK'),(1465,'Vögel','Vögel'),(571,'Vogelschau','Vogelschau'),(573,'Vogelschauperspektive','Vogelschauperspektive'),(4151,'Vollzeit-Propaedeutikum','Vollzeit-Propaedeutikum'),(4307,'Vollzeitpropädeutikum','Vollzeitpropädeutikum'),(4335,'Vollzietpropädeutikum','Vollzietpropädeutikum'),(753,'volume trois','volume trois'),(749,'Volume3','Volume3'),(1555,'Volute','Volute'),(605,'von Anker bis Zünd','von Anker bis Zünd'),(2065,'Vorauswahl','Vorauswahl'),(529,'Vorder- Hintergrund','Vorder- Hintergrund'),(599,'Vorder-Hintergrund','Vorder-Hintergrund'),(559,'Vorder-Mittel-Hintergrund','Vorder-Mittel-Hintergrund'),(545,'Vorder-Mittelgrund','Vorder-Mittelgrund'),(3791,'Vorhang','Vorhang'),(3679,'Vorlage','Vorlage'),(2107,'Vorschlag von Autor/innen','Vorschlag von Autor/innen'),(2061,'Vorschlag von Redaktionsteam','Vorschlag von Redaktionsteam'),(2277,'Vorschulstufe','Vorschulstufe'),(1997,'Vortizismus','Vortizismus'),(3319,'Vorträge auf Fachkonferenzen, Universitäten, etc.','Vorträge auf Fachkonferenzen, Universitäten, etc.'),(4071,'Wachs','Wachs'),(1275,'Wald','Wald'),(2395,'Waldlandschaft','Waldlandschaft'),(3463,'Wall Painting','Wall Painting'),(4237,'Walt + Galmarini AG','Walt + Galmarini AG'),(4061,'Walter Benjamin Archiv','Walter Benjamin Archiv'),(3803,'Wandelement','Wandelement'),(2641,'waran','waran'),(1449,'warm','warm'),(3737,'Wäschetrockner','Wäschetrockner'),(2183,'Wasser- und Deckfarben (Aquarell & Gouache = Deckfarben und lasierender Farbauftrag) auf Papier','Wasser- und Deckfarben (Aquarell & Gouache = Deckfarben und lasierender Farbauftrag) auf Papier'),(881,'wasserfarben','wasserfarben'),(1483,'water','Wasser'),(2686,'Web','Web'),(2690,'Webdoku','Webdoku'),(2678,'Webdokumentation','Webdokumentation'),(4113,'Weben','Weben'),(2676,'Webisodes','Webisodes'),(98,'Website of the Creator','Website'),(1257,'Weg','Weg'),(1327,'Wege','Wege'),(3237,'Weisheit','Weisheit'),(1211,'weiss','weiss'),(3711,'Weissleim','Weissleim'),(1305,'Weisstöne','Weisstöne'),(2631,'Weiterbildung','Weiterbildung'),(3188,'Welcome2India','Welcome2India'),(2579,'Werbung','Werbung'),(3321,'Werke (Kunst, Musik, Design, Film, Video u.a.)','Werke (Kunst, Musik, Design, Film, Video u.a.)'),(2267,'Werken','Werken'),(2700,'Werkstatt','Werkstatt'),(3174,'Werkzeug','Werkzeug'),(3162,'Werkzeuge','Werkzeuge'),(3615,'Werner Ehrhardt','Werner Ehrhardt'),(1901,'Western','Western'),(3005,'what','what'),(3007,'when','when'),(3001,'where','where'),(2115,'whistling','whistling'),(3457,'white','white'),(1445,'whiteboard','whiteboard'),(3663,'whitenoise','whitenoise'),(2999,'who','who'),(957,'who is who','who is who'),(3003,'why','why'),(4219,'Wichser Akustik & Bauphysik AG','Wichser Akustik & Bauphysik AG'),(3643,'Wickeln','Wickeln'),(2259,'Wiederholung','Wiederholung'),(2587,'Wien','Wien'),(433,'Wiese','Wiese'),(1375,'Wiesen','Wiesen'),(2377,'Wildnis','Wildnis'),(2381,'Windmühle','Windmühle'),(3227,'Winken','Winken'),(813,'Wissensanordnung','Wissensanordnung'),(1861,'Wissenschaftliche Fotografie','Wissenschaftliche Fotografie'),(3353,'Wissensvermittlung und -verbreitung','Wissensvermittlung und -verbreitung'),(1291,'Wohnblöcke','Wohnblöcke'),(435,'Wolken','Wolken'),(3637,'Wolle','Wolle'),(3479,'Women','Women'),(3031,'workflow','workflow'),(791,'Workshop','Workshop'),(2755,'Workshop 2: Kultur deuten oder verkaufen','Workshop 2: Kultur deuten oder verkaufen'),(1191,'Wüste','Wüste'),(2733,'www.helmrinderknecht.com','www.helmrinderknecht.com'),(1565,'XML','XML'),(733,'yaourt','yaourt'),(3509,'yellow','yellow'),(735,'yoghurt','yoghurt'),(1183,'Zäune','Zäune'),(885,'zeichnung','zeichnung'),(3595,'Zeichnungen','Zeichnungen'),(2417,'Zeit','Zeit'),(3305,'Zeitungsartikel','Zeitungsartikel'),(2573,'Zentralbibliothek','Zentralbibliothek'),(4057,'Zentrum feur literatur und Forschung','Zentrum feur literatur und Forschung'),(4059,'Zentrum für Literatur- und Kulturforschung','Zentrum für Literatur- und Kulturforschung'),(3771,'zerbrechlich','zerbrechlich'),(783,'Zett','Zett'),(969,'Zett 1-10','Zett 1-10'),(2099,'zett 1-2011','zett 1-2011'),(2105,'zett 1-2012','zett 1-2012'),(3617,'Zett 1/12','Zett 1/12'),(961,'Zett 2-10','Zett 2-10'),(2491,'Zett 2-11','Zett 2-11'),(2101,'zett 2-2011','zett 2-2011'),(2409,'zett 2-2012','zett 2-2012'),(2097,'zett 3-2010','zett 3-2010'),(2103,'zett 3-2011','zett 3-2011'),(2714,'Zett 3/11','Zett 3/11'),(297,'ZHdK','ZHdK'),(84,'ZHdK Project Type','ZHdK-Projekttyp'),(291,'ZHdK-Bereich','ZHdK-Bereich'),(3753,'Ziegel','Ziegel'),(4229,'Ziegler Consultans','Ziegler Consultans'),(4139,'ZKB','ZKB'),(2639,'zoo','zoo'),(3709,'Zucker','Zucker'),(3178,'Zugreifen','Zugreifen'),(759,'Zürcher Hochschule der Künste','Zürcher Hochschule der Künste'),(3619,'Zürcher Zentrum Musikerhand ','Zürcher Zentrum Musikerhand '),(2411,'Zürich','Zürich'),(4147,'Zürich-West','Zürich-West'),(3397,'Zuschauer','Zuschauer');
/*!40000 ALTER TABLE `meta_terms` ENABLE KEYS */;
UNLOCK TABLES;

--
-- Table structure for table `people`
--

DROP TABLE IF EXISTS `people`;
/*!40101 SET @saved_cs_client     = @@character_set_client */;
/*!40101 SET character_set_client = utf8 */;
CREATE TABLE `people` (
  `id` int(11) NOT NULL AUTO_INCREMENT,
  `firstname` varchar(255) COLLATE utf8_unicode_ci DEFAULT NULL,
  `lastname` varchar(255) COLLATE utf8_unicode_ci DEFAULT NULL,
  `pseudonym` varchar(255) COLLATE utf8_unicode_ci DEFAULT NULL,
  `birthdate` date DEFAULT NULL,
  `deathdate` date DEFAULT NULL,
  `nationality` varchar(255) COLLATE utf8_unicode_ci DEFAULT NULL,
  `wiki_links` text COLLATE utf8_unicode_ci,
  `created_at` datetime DEFAULT NULL,
  `updated_at` datetime DEFAULT NULL,
  `is_group` tinyint(1) DEFAULT '0',
  PRIMARY KEY (`id`),
  KEY `index_people_on_firstname` (`firstname`),
  KEY `index_people_on_lastname` (`lastname`),
  KEY `index_people_on_is_group` (`is_group`)
) ENGINE=InnoDB AUTO_INCREMENT=7 DEFAULT CHARSET=utf8 COLLATE=utf8_unicode_ci;
/*!40101 SET character_set_client = @saved_cs_client */;

--
-- Dumping data for table `people`
--

LOCK TABLES `people` WRITE;
/*!40000 ALTER TABLE `people` DISABLE KEYS */;
INSERT INTO `people` VALUES (1,'Adam','Admin',NULL,NULL,NULL,NULL,NULL,'2012-04-20 12:04:17','2012-04-20 12:04:17',0),(2,'Normin','Normalo',NULL,NULL,NULL,NULL,NULL,'2012-04-20 12:04:17','2012-04-20 12:04:17',0),(3,'Petra','Paula',NULL,NULL,NULL,NULL,NULL,'2012-04-20 12:04:17','2012-04-20 12:04:17',0),(4,'Norbert','Neuerfassung',NULL,NULL,NULL,NULL,NULL,'2012-04-20 12:04:20','2012-04-20 12:04:20',0),(5,'Beat','Raktor',NULL,NULL,NULL,NULL,NULL,'2012-04-20 12:04:23','2012-04-20 12:04:23',0),(6,'Liselotte','Landschaft',NULL,NULL,NULL,NULL,NULL,'2012-04-20 12:04:23','2012-04-20 12:04:23',0);
/*!40000 ALTER TABLE `people` ENABLE KEYS */;
UNLOCK TABLES;

--
-- Table structure for table `permission_presets`
--

DROP TABLE IF EXISTS `permission_presets`;
/*!40101 SET @saved_cs_client     = @@character_set_client */;
/*!40101 SET character_set_client = utf8 */;
CREATE TABLE `permission_presets` (
  `id` int(11) NOT NULL AUTO_INCREMENT,
  `name` varchar(255) COLLATE utf8_unicode_ci DEFAULT NULL,
  `download` tinyint(1) NOT NULL DEFAULT '0',
  `view` tinyint(1) NOT NULL DEFAULT '0',
  `edit` tinyint(1) NOT NULL DEFAULT '0',
  `manage` tinyint(1) NOT NULL DEFAULT '0',
  PRIMARY KEY (`id`),
  UNIQUE KEY `idx_bools_unique` (`view`,`edit`,`download`,`manage`),
  UNIQUE KEY `idx_name_unique` (`name`)
) ENGINE=InnoDB AUTO_INCREMENT=6 DEFAULT CHARSET=utf8 COLLATE=utf8_unicode_ci;
/*!40101 SET character_set_client = @saved_cs_client */;

--
-- Dumping data for table `permission_presets`
--

LOCK TABLES `permission_presets` WRITE;
/*!40000 ALTER TABLE `permission_presets` DISABLE KEYS */;
INSERT INTO `permission_presets` VALUES (1,'Bevollmächtigte/r',1,1,1,1),(2,'Betrachter/in',0,1,0,0),(3,'Betrachter/in & Original',1,1,0,0),(4,'Gesperrt',0,0,0,0),(5,'Redakteur/in',1,1,1,0);
/*!40000 ALTER TABLE `permission_presets` ENABLE KEYS */;
UNLOCK TABLES;

--
-- Table structure for table `previews`
--

DROP TABLE IF EXISTS `previews`;
/*!40101 SET @saved_cs_client     = @@character_set_client */;
/*!40101 SET character_set_client = utf8 */;
CREATE TABLE `previews` (
  `id` int(11) NOT NULL AUTO_INCREMENT,
  `media_file_id` int(11) DEFAULT NULL,
  `filename` varchar(255) COLLATE utf8_unicode_ci DEFAULT NULL,
  `content_type` varchar(255) COLLATE utf8_unicode_ci DEFAULT NULL,
  `height` int(11) DEFAULT NULL,
  `width` int(11) DEFAULT NULL,
  `thumbnail` varchar(255) COLLATE utf8_unicode_ci DEFAULT NULL,
  `created_at` datetime DEFAULT NULL,
  `updated_at` datetime DEFAULT NULL,
  PRIMARY KEY (`id`),
  KEY `index_previews_on_media_file_id` (`media_file_id`)
) ENGINE=InnoDB AUTO_INCREMENT=81 DEFAULT CHARSET=utf8 COLLATE=utf8_unicode_ci;
/*!40101 SET character_set_client = @saved_cs_client */;

--
-- Dumping data for table `previews`
--

LOCK TABLES `previews` WRITE;
/*!40000 ALTER TABLE `previews` DISABLE KEYS */;
INSERT INTO `previews` VALUES (1,1,'83d62ab97f1946e6ae2797af0576e0ce_x_large.jpg','image/jpeg',429,640,'x_large','2012-04-20 12:04:18','2012-04-20 12:04:18'),(2,1,'83d62ab97f1946e6ae2797af0576e0ce_large.jpg','image/jpeg',416,620,'large','2012-04-20 12:04:18','2012-04-20 12:04:18'),(3,1,'83d62ab97f1946e6ae2797af0576e0ce_medium.jpg','image/jpeg',201,300,'medium','2012-04-20 12:04:18','2012-04-20 12:04:18'),(4,1,'83d62ab97f1946e6ae2797af0576e0ce_small_125.jpg','image/jpeg',84,125,'small_125','2012-04-20 12:04:18','2012-04-20 12:04:18'),(5,1,'83d62ab97f1946e6ae2797af0576e0ce_small.jpg','image/jpeg',67,100,'small','2012-04-20 12:04:18','2012-04-20 12:04:18'),(6,2,'3682e9a5212b49a7927a5e197c7bb4a9_x_large.jpg','image/jpeg',429,640,'x_large','2012-04-20 12:04:18','2012-04-20 12:04:18'),(7,2,'3682e9a5212b49a7927a5e197c7bb4a9_large.jpg','image/jpeg',416,620,'large','2012-04-20 12:04:18','2012-04-20 12:04:18'),(8,2,'3682e9a5212b49a7927a5e197c7bb4a9_medium.jpg','image/jpeg',201,300,'medium','2012-04-20 12:04:18','2012-04-20 12:04:18'),(9,2,'3682e9a5212b49a7927a5e197c7bb4a9_small_125.jpg','image/jpeg',84,125,'small_125','2012-04-20 12:04:18','2012-04-20 12:04:18'),(10,2,'3682e9a5212b49a7927a5e197c7bb4a9_small.jpg','image/jpeg',67,100,'small','2012-04-20 12:04:18','2012-04-20 12:04:18'),(11,3,'27462e6b17274d20b46b6652c6178d18_x_large.jpg','image/jpeg',429,640,'x_large','2012-04-20 12:04:19','2012-04-20 12:04:19'),(12,3,'27462e6b17274d20b46b6652c6178d18_large.jpg','image/jpeg',416,620,'large','2012-04-20 12:04:19','2012-04-20 12:04:19'),(13,3,'27462e6b17274d20b46b6652c6178d18_medium.jpg','image/jpeg',201,300,'medium','2012-04-20 12:04:19','2012-04-20 12:04:19'),(14,3,'27462e6b17274d20b46b6652c6178d18_small_125.jpg','image/jpeg',84,125,'small_125','2012-04-20 12:04:19','2012-04-20 12:04:19'),(15,3,'27462e6b17274d20b46b6652c6178d18_small.jpg','image/jpeg',67,100,'small','2012-04-20 12:04:19','2012-04-20 12:04:19'),(16,4,'93df27ec55ae4c5aa394fe0d8161a35a_x_large.jpg','image/jpeg',429,640,'x_large','2012-04-20 12:04:19','2012-04-20 12:04:19'),(17,4,'93df27ec55ae4c5aa394fe0d8161a35a_large.jpg','image/jpeg',416,620,'large','2012-04-20 12:04:19','2012-04-20 12:04:19'),(18,4,'93df27ec55ae4c5aa394fe0d8161a35a_medium.jpg','image/jpeg',201,300,'medium','2012-04-20 12:04:19','2012-04-20 12:04:19'),(19,4,'93df27ec55ae4c5aa394fe0d8161a35a_small_125.jpg','image/jpeg',84,125,'small_125','2012-04-20 12:04:19','2012-04-20 12:04:19'),(20,4,'93df27ec55ae4c5aa394fe0d8161a35a_small.jpg','image/jpeg',67,100,'small','2012-04-20 12:04:19','2012-04-20 12:04:19'),(21,5,'de929612d8f9403d97e4f88c30087dca_x_large.jpg','image/jpeg',429,640,'x_large','2012-04-20 12:04:19','2012-04-20 12:04:19'),(22,5,'de929612d8f9403d97e4f88c30087dca_large.jpg','image/jpeg',416,620,'large','2012-04-20 12:04:19','2012-04-20 12:04:19'),(23,5,'de929612d8f9403d97e4f88c30087dca_medium.jpg','image/jpeg',201,300,'medium','2012-04-20 12:04:20','2012-04-20 12:04:20'),(24,5,'de929612d8f9403d97e4f88c30087dca_small_125.jpg','image/jpeg',84,125,'small_125','2012-04-20 12:04:20','2012-04-20 12:04:20'),(25,5,'de929612d8f9403d97e4f88c30087dca_small.jpg','image/jpeg',67,100,'small','2012-04-20 12:04:20','2012-04-20 12:04:20'),(26,6,'797417767e0744cb86cd32ffe5f06dda_x_large.jpg','image/jpeg',429,640,'x_large','2012-04-20 12:04:20','2012-04-20 12:04:20'),(27,6,'797417767e0744cb86cd32ffe5f06dda_large.jpg','image/jpeg',416,620,'large','2012-04-20 12:04:20','2012-04-20 12:04:20'),(28,6,'797417767e0744cb86cd32ffe5f06dda_medium.jpg','image/jpeg',201,300,'medium','2012-04-20 12:04:20','2012-04-20 12:04:20'),(29,6,'797417767e0744cb86cd32ffe5f06dda_small_125.jpg','image/jpeg',84,125,'small_125','2012-04-20 12:04:20','2012-04-20 12:04:20'),(30,6,'797417767e0744cb86cd32ffe5f06dda_small.jpg','image/jpeg',67,100,'small','2012-04-20 12:04:20','2012-04-20 12:04:20'),(31,7,'d7eedd16bbcb4bccb38fec9d94a5edb3_x_large.jpg','image/jpeg',429,640,'x_large','2012-04-20 12:04:20','2012-04-20 12:04:20'),(32,7,'d7eedd16bbcb4bccb38fec9d94a5edb3_large.jpg','image/jpeg',416,620,'large','2012-04-20 12:04:20','2012-04-20 12:04:20'),(33,7,'d7eedd16bbcb4bccb38fec9d94a5edb3_medium.jpg','image/jpeg',201,300,'medium','2012-04-20 12:04:20','2012-04-20 12:04:20'),(34,7,'d7eedd16bbcb4bccb38fec9d94a5edb3_small_125.jpg','image/jpeg',84,125,'small_125','2012-04-20 12:04:21','2012-04-20 12:04:21'),(35,7,'d7eedd16bbcb4bccb38fec9d94a5edb3_small.jpg','image/jpeg',67,100,'small','2012-04-20 12:04:21','2012-04-20 12:04:21'),(36,8,'91129f3af6ef4431bfa3691ae440ac56_x_large.jpg','image/jpeg',429,640,'x_large','2012-04-20 12:04:21','2012-04-20 12:04:21'),(37,8,'91129f3af6ef4431bfa3691ae440ac56_large.jpg','image/jpeg',416,620,'large','2012-04-20 12:04:21','2012-04-20 12:04:21'),(38,8,'91129f3af6ef4431bfa3691ae440ac56_medium.jpg','image/jpeg',201,300,'medium','2012-04-20 12:04:21','2012-04-20 12:04:21'),(39,8,'91129f3af6ef4431bfa3691ae440ac56_small_125.jpg','image/jpeg',84,125,'small_125','2012-04-20 12:04:21','2012-04-20 12:04:21'),(40,8,'91129f3af6ef4431bfa3691ae440ac56_small.jpg','image/jpeg',67,100,'small','2012-04-20 12:04:21','2012-04-20 12:04:21'),(41,9,'efa28250a9234a6e9a6c98215497212e_x_large.jpg','image/jpeg',429,640,'x_large','2012-04-20 12:04:21','2012-04-20 12:04:21'),(42,9,'efa28250a9234a6e9a6c98215497212e_large.jpg','image/jpeg',416,620,'large','2012-04-20 12:04:21','2012-04-20 12:04:21'),(43,9,'efa28250a9234a6e9a6c98215497212e_medium.jpg','image/jpeg',201,300,'medium','2012-04-20 12:04:21','2012-04-20 12:04:21'),(44,9,'efa28250a9234a6e9a6c98215497212e_small_125.jpg','image/jpeg',84,125,'small_125','2012-04-20 12:04:21','2012-04-20 12:04:21'),(45,9,'efa28250a9234a6e9a6c98215497212e_small.jpg','image/jpeg',67,100,'small','2012-04-20 12:04:21','2012-04-20 12:04:21'),(46,10,'9a1cb3d1b4cb41edaa402f753d318839_x_large.jpg','image/jpeg',429,640,'x_large','2012-04-20 12:04:22','2012-04-20 12:04:22'),(47,10,'9a1cb3d1b4cb41edaa402f753d318839_large.jpg','image/jpeg',416,620,'large','2012-04-20 12:04:22','2012-04-20 12:04:22'),(48,10,'9a1cb3d1b4cb41edaa402f753d318839_medium.jpg','image/jpeg',201,300,'medium','2012-04-20 12:04:22','2012-04-20 12:04:22'),(49,10,'9a1cb3d1b4cb41edaa402f753d318839_small_125.jpg','image/jpeg',84,125,'small_125','2012-04-20 12:04:22','2012-04-20 12:04:22'),(50,10,'9a1cb3d1b4cb41edaa402f753d318839_small.jpg','image/jpeg',67,100,'small','2012-04-20 12:04:22','2012-04-20 12:04:22'),(51,11,'00e09e95462e45ecb8f18b8f8b6af9c8_x_large.jpg','image/jpeg',429,640,'x_large','2012-04-20 12:04:22','2012-04-20 12:04:22'),(52,11,'00e09e95462e45ecb8f18b8f8b6af9c8_large.jpg','image/jpeg',416,620,'large','2012-04-20 12:04:22','2012-04-20 12:04:22'),(53,11,'00e09e95462e45ecb8f18b8f8b6af9c8_medium.jpg','image/jpeg',201,300,'medium','2012-04-20 12:04:22','2012-04-20 12:04:22'),(54,11,'00e09e95462e45ecb8f18b8f8b6af9c8_small_125.jpg','image/jpeg',84,125,'small_125','2012-04-20 12:04:22','2012-04-20 12:04:22'),(55,11,'00e09e95462e45ecb8f18b8f8b6af9c8_small.jpg','image/jpeg',67,100,'small','2012-04-20 12:04:22','2012-04-20 12:04:22'),(56,12,'e4f9eea907c1439badf8e60cf6491d23_x_large.jpg','image/jpeg',429,640,'x_large','2012-04-20 12:04:22','2012-04-20 12:04:22'),(57,12,'e4f9eea907c1439badf8e60cf6491d23_large.jpg','image/jpeg',416,620,'large','2012-04-20 12:04:23','2012-04-20 12:04:23'),(58,12,'e4f9eea907c1439badf8e60cf6491d23_medium.jpg','image/jpeg',201,300,'medium','2012-04-20 12:04:23','2012-04-20 12:04:23'),(59,12,'e4f9eea907c1439badf8e60cf6491d23_small_125.jpg','image/jpeg',84,125,'small_125','2012-04-20 12:04:23','2012-04-20 12:04:23'),(60,12,'e4f9eea907c1439badf8e60cf6491d23_small.jpg','image/jpeg',67,100,'small','2012-04-20 12:04:23','2012-04-20 12:04:23'),(61,13,'541786d3aee34e9c886c0d89468e15a3_x_large.jpg','image/jpeg',429,640,'x_large','2012-04-20 12:04:23','2012-04-20 12:04:23'),(62,13,'541786d3aee34e9c886c0d89468e15a3_large.jpg','image/jpeg',416,620,'large','2012-04-20 12:04:23','2012-04-20 12:04:23'),(63,13,'541786d3aee34e9c886c0d89468e15a3_medium.jpg','image/jpeg',201,300,'medium','2012-04-20 12:04:23','2012-04-20 12:04:23'),(64,13,'541786d3aee34e9c886c0d89468e15a3_small_125.jpg','image/jpeg',84,125,'small_125','2012-04-20 12:04:23','2012-04-20 12:04:23'),(65,13,'541786d3aee34e9c886c0d89468e15a3_small.jpg','image/jpeg',67,100,'small','2012-04-20 12:04:23','2012-04-20 12:04:23'),(66,14,'c34ef180441d486397779528617c4d86_x_large.jpg','image/jpeg',429,640,'x_large','2012-04-20 12:04:23','2012-04-20 12:04:23'),(67,14,'c34ef180441d486397779528617c4d86_large.jpg','image/jpeg',416,620,'large','2012-04-20 12:04:24','2012-04-20 12:04:24'),(68,14,'c34ef180441d486397779528617c4d86_medium.jpg','image/jpeg',201,300,'medium','2012-04-20 12:04:24','2012-04-20 12:04:24'),(69,14,'c34ef180441d486397779528617c4d86_small_125.jpg','image/jpeg',84,125,'small_125','2012-04-20 12:04:24','2012-04-20 12:04:24'),(70,14,'c34ef180441d486397779528617c4d86_small.jpg','image/jpeg',67,100,'small','2012-04-20 12:04:24','2012-04-20 12:04:24'),(71,15,'7006f71d28934c83b16192787d6066a7_x_large.jpg','image/jpeg',429,640,'x_large','2012-04-20 12:04:24','2012-04-20 12:04:24'),(72,15,'7006f71d28934c83b16192787d6066a7_large.jpg','image/jpeg',416,620,'large','2012-04-20 12:04:24','2012-04-20 12:04:24'),(73,15,'7006f71d28934c83b16192787d6066a7_medium.jpg','image/jpeg',201,300,'medium','2012-04-20 12:04:24','2012-04-20 12:04:24'),(74,15,'7006f71d28934c83b16192787d6066a7_small_125.jpg','image/jpeg',84,125,'small_125','2012-04-20 12:04:24','2012-04-20 12:04:24'),(75,15,'7006f71d28934c83b16192787d6066a7_small.jpg','image/jpeg',67,100,'small','2012-04-20 12:04:24','2012-04-20 12:04:24'),(76,16,'d023b834979043b68400f2ce9f9529c0_x_large.jpg','image/jpeg',375,500,'x_large','2012-04-20 12:04:24','2012-04-20 12:04:24'),(77,16,'d023b834979043b68400f2ce9f9529c0_large.jpg','image/jpeg',375,500,'large','2012-04-20 12:04:25','2012-04-20 12:04:25'),(78,16,'d023b834979043b68400f2ce9f9529c0_medium.jpg','image/jpeg',225,300,'medium','2012-04-20 12:04:25','2012-04-20 12:04:25'),(79,16,'d023b834979043b68400f2ce9f9529c0_small_125.jpg','image/jpeg',94,125,'small_125','2012-04-20 12:04:25','2012-04-20 12:04:25'),(80,16,'d023b834979043b68400f2ce9f9529c0_small.jpg','image/jpeg',75,100,'small','2012-04-20 12:04:25','2012-04-20 12:04:25');
/*!40000 ALTER TABLE `previews` ENABLE KEYS */;
UNLOCK TABLES;

--
-- Table structure for table `schema_migrations`
--

DROP TABLE IF EXISTS `schema_migrations`;
/*!40101 SET @saved_cs_client     = @@character_set_client */;
/*!40101 SET character_set_client = utf8 */;
CREATE TABLE `schema_migrations` (
  `version` varchar(255) COLLATE utf8_unicode_ci NOT NULL,
  UNIQUE KEY `unique_schema_migrations` (`version`)
) ENGINE=InnoDB DEFAULT CHARSET=utf8 COLLATE=utf8_unicode_ci;
/*!40101 SET character_set_client = @saved_cs_client */;

--
-- Dumping data for table `schema_migrations`
--

LOCK TABLES `schema_migrations` WRITE;
/*!40000 ALTER TABLE `schema_migrations` DISABLE KEYS */;
INSERT INTO `schema_migrations` VALUES ('20090304091402'),('20090304091431'),('20090310150441'),('20090504143011'),('20090505114718'),('20090505120000'),('20090529140042'),('20090826101541'),('20090827124700'),('20090928135809'),('20090930130031'),('20091111170552'),('20091125165700'),('20091209083948'),('20100118200011'),('20100203222610'),('20100223090310'),('20100319183758'),('20100528111406'),('20100610103525'),('20100614160217'),('20100619104047'),('20100623123943'),('20100727160912'),('20100806222042'),('20100811134357'),('20100827095717'),('20101002144342'),('20101025095028'),('20101028135817'),('20101111142814'),('20101118151432'),('20101130155457'),('20101213183358'),('20101216161948'),('20101223133610'),('20110124150835'),('20110128143744'),('20110301125220'),('20110328122446'),('20110330150317'),('20110415133056'),('20110505180606'),('20111114110014'),('20111114110109'),('20111208131742'),('20111212073809'),('20111221132442'),('20111221142909'),('20120111104043'),('20120111133855'),('20120113221603'),('20120119000000'),('20120119000001'),('20120119000002'),('20120119000004'),('20120207000000'),('20120207000001'),('20120208170529'),('20120210163904'),('20120222104414'),('20120222130503'),('20120309092925'),('20120320084327'),('20120329162800'),('20120418084332'),('20120418100232'),('20120423094303');
/*!40000 ALTER TABLE `schema_migrations` ENABLE KEYS */;
UNLOCK TABLES;

--
-- Table structure for table `settings`
--

DROP TABLE IF EXISTS `settings`;
/*!40101 SET @saved_cs_client     = @@character_set_client */;
/*!40101 SET character_set_client = utf8 */;
CREATE TABLE `settings` (
  `id` int(11) NOT NULL AUTO_INCREMENT,
  `var` varchar(255) COLLATE utf8_unicode_ci NOT NULL,
  `value` text COLLATE utf8_unicode_ci,
  `target_id` int(11) DEFAULT NULL,
  `target_type` varchar(30) COLLATE utf8_unicode_ci DEFAULT NULL,
  `created_at` datetime DEFAULT NULL,
  `updated_at` datetime DEFAULT NULL,
  PRIMARY KEY (`id`),
  UNIQUE KEY `index_settings_on_target_type_and_target_id_and_var` (`target_type`,`target_id`,`var`)
) ENGINE=InnoDB AUTO_INCREMENT=5 DEFAULT CHARSET=utf8 COLLATE=utf8_unicode_ci;
/*!40101 SET character_set_client = @saved_cs_client */;

--
-- Dumping data for table `settings`
--

LOCK TABLES `settings` WRITE;
/*!40000 ALTER TABLE `settings` DISABLE KEYS */;
INSERT INTO `settings` VALUES (1,'dropbox_root_dir','--- /home/rca/work/code/ror/madek/tmp/dropbox\n',NULL,NULL,'2012-04-20 12:04:17','2012-04-20 12:04:17'),(2,'ftp_dropbox_server','--- ftp.dropbox.test\n',NULL,NULL,'2012-04-20 12:04:17','2012-04-20 12:04:17'),(3,'ftp_dropbox_user','--- test\n',NULL,NULL,'2012-04-20 12:04:17','2012-04-20 12:04:17'),(4,'ftp_dropbox_password','--- password\n',NULL,NULL,'2012-04-20 12:04:17','2012-04-20 12:04:17');
/*!40000 ALTER TABLE `settings` ENABLE KEYS */;
UNLOCK TABLES;

--
-- Table structure for table `usage_terms`
--

DROP TABLE IF EXISTS `usage_terms`;
/*!40101 SET @saved_cs_client     = @@character_set_client */;
/*!40101 SET character_set_client = utf8 */;
CREATE TABLE `usage_terms` (
  `id` int(11) NOT NULL AUTO_INCREMENT,
  `title` varchar(255) COLLATE utf8_unicode_ci DEFAULT NULL,
  `version` varchar(255) COLLATE utf8_unicode_ci DEFAULT NULL,
  `intro` text COLLATE utf8_unicode_ci,
  `body` text COLLATE utf8_unicode_ci,
  `updated_at` datetime DEFAULT NULL,
  PRIMARY KEY (`id`)
) ENGINE=InnoDB AUTO_INCREMENT=2 DEFAULT CHARSET=utf8 COLLATE=utf8_unicode_ci;
/*!40101 SET character_set_client = @saved_cs_client */;

--
-- Dumping data for table `usage_terms`
--

LOCK TABLES `usage_terms` WRITE;
/*!40000 ALTER TABLE `usage_terms` DISABLE KEYS */;
INSERT INTO `usage_terms` VALUES (1,'Nutzungsbedingungen','vom 29. September 2010','Bitte lesen, akzeptieren und halten Sie sich an die Nutzungsbedingungen.','<h3>1. Gegenstand </h3>\r\n\r\n<p>Die Nutzungsbedingungen des Medienarchivs der Züricher Hochschule der Künste (Betreiberin, nachfolgend\r\nZHdK bzw. Medienarchiv) regeln die Bedingungen der Nutzung für die Beteiligten (gemäss Ziff.4).</p>\r\n\r\n<h3>2. Zweck</h3>\r\n\r\n<p>Das Medienarchiv ist die zentrale Arbeitsplattform für digitale Medien an der ZHdK und unterstützt die erste\r\nStufe der Archivierung von künstlerischen und wissenschaftlichen Werken und deren Dokumentationen. </p>\r\n\r\n<h3>3. Rechtsgrundlagen</h3>\r\n<p>Die Rechtsgrundlagen für die Nutzung ergeben sich aus den entsprechenden immaterialgüterrechtlichen Bestimmungen [1] sowie jenen der Fachhochschulgesetzgebung [2].</p>\r\n\r\n<h3>4.    Begriffe</h3>\r\n<p>1) Als Anbieter gelten Personen, welche Medieninhalte in das Medienarchiv laden und deren Zugriffsberechtigungen verwalten. Dabei kommen als Personen sowohl natürliche wie juristische (Institutionen) in Frage.<br />\r\n<p>2) Als Nutzer gelten Personen, welche die Dienstleistungen des Medienarchivs benützen und Medieneinträge der Anbieter verwenden. </p>\r\n<p>3) Unter Medieninhalte werden alle Dateien und die dazugehörigen Metadaten verstanden, die im Medienarchiv digital gespeichert werden. </p>\r\n<p>4) Als Medienarchiv wird die multimediale Internet-Plattform der ZHdK verstanden.</p>\r\n\r\n<h3>5. Rechte </h3>\r\n<p>\r\nBei den zur Verwendung stehenden Rechten geht es hauptsächlich um Immaterialgüterrechte (Rechte am Geistigen Eigentum), insbesondere Urheber-, Design-, Marken-, Patent- und Knowhow-Rechte.</p>\r\n\r\n<h3>6. Nutzungsrechte</h3>\r\n<p>Im Rahmen der gesetzlichen oder vertraglichen Bestimmungen sind folgende Nutzungsarten für Nutzer möglich:</p>\r\n<p>- (beschränkte) Nutzung innerhalb der gesetzlichen oder vertraglichen Bedingungen</p>\r\n<p>- (modifizierte) Nutzung gemäss Lizenzierung nach den Creative Commons-Lizenzen [3] oder gemäss individuellen Bedingungen (z.B. Studio Publikationen, ZHdK)</p>\r\n<p>- (unbeschränkte) Nutzung bei Freigabe oder Entfall der Rechte (gemeinfreie Inhalte / public domain)</p>\r\n\r\n<h3>7. Zugang</h3>\r\n<p>1) Das Medienarchiv und dementsprechend deklarierte Medieninhalte sind prinzipiell frei zugänglich. </p>\r\n<p>2) Durch ein Login erhalten die Angehörigen der ZHdK sowie bestimmte definierte Nutzer einen erweiterten Zugang zu den Inhalten und Funktionalitäten der Datenbank. </p>\r\n\r\n\r\n<h3>8. Gewährleistungen </h3>\r\n<p>1) Eine Gewähr für Richtigkeit, Vollständigkeit und Zulässigkeit der im Medienarchiv veröffentlichten Inhalte,\r\nInformationen und Verweise wird von der ZHdK nicht übernommen. Die Verantwortung dafür liegt bei den\r\nAnbietern.</p>\r\n<p>2)  Die ZHdK haftet nur insoweit für die Inhalte und die Beachtung der vorliegenden Bestimmungen, soweit sie\r\nvon einem widerrechtlichen Inhalt Kenntnis hat und dafür gemäss dem einschlägigen Recht verantwortlich\r\ngemacht werden kann.</p>\r\n<p>3) Externe Internet-Plattformen geben den Inhalt und die Meinung der jeweiligen Anbieter wieder, für welche\r\nkeine Haftung übernommen werden kann. Für den Inhalt dieser verlinkten Seiten sind ausschliesslich deren\r\nBetreiber verantwortlich.</p>\r\n<p>4) Da das Medienarchiv keine Datenbank für private Ablagen ist, kann keine Garantie für die Erhaltung der\r\nausschliesslich privat einsehbaren Medieneinträge angeboten werden. Es ist Sache der Anbieter, eine eigene\r\nSicherungskopie dieser Medieneinträge zu erstellen.</p>\r\n<p>5) Eine Haftung für Schäden, die durch unberechtigte Nutzung entstehen oder sonst gegen diese Bestimmungen verstossen, ist ausgeschlossen.</p>\r\n\r\n<h3>9. Pflichten für die Anbieter</h3>\r\n<p>1) Die Anbieter sind für die Einhaltung der rechtlichen, ethischen und moralischen Grundsätze verantwortlich.</p>\r\n<p>2) Für die zur Verfügung gestellten Medieneinträge sind die Anbieter selbst verantwortlich. Dies betrifft nebst dien allgemeinen Grundsätzen (Abs.1) insbesondere die Beachtung von Rechten Dritter, wie den Hinweis auf Personen, welche Rechteinhaber sind und die genaue Angabe der Nutzungsbedingungen.</p>\r\n<p>3) Die Anbieter sind ausserdem dazu verpflichtet, die Nutzungsrechte gemäss Art.6 zu definieren.</p>\r\n<p>4) Die Nutzung des Medienarchivs darf nicht kommerziellen Zwecken dienen.</p>\r\n<p>5) Eine rein private Ablage von Dateien und Informationen ist nicht erlaubt. </p>\r\n\r\n<h3>10. Pflichten für die Nutzer</h3>\r\n<p>1) Die Nutzer haben sich an die definierten Nutzungsrechte gemäss Art.6 zu halten. </p>\r\n<p>2) Die Nutzung ist für den Eigengebrauch zulässig. Dies betrifft den privaten Gebrauch und die Verwendung für Lehre und Forschung. Eine weitergehende Nutzung (wie für kommerzielle Zwecke) bedarf der Zustimmung durch den Anbieter, soweit die Lizenz nicht bereits eine offene Verwendung zulässt.</p>\r\n\r\n<h3>11. Nutzungen</h3>\r\n<p>1) Das Medienarchiv ermöglicht es, für jeden Medieneintrag folgende Nutzungsrechte festzulegen:</p>\r\n<ul>\r\n  <li>a. Definition der Person bzw. der Nutzergruppe hinsichtlich der Sichtbarkeit.</li>\r\n  <li>b. Definition der Person bzw. der Nutzergruppe hinsichtlich dem Editieren von Metadaten.</li>\r\n  <li>c. Definition der Lizenzierung resp. der Bedingungen für die weitere Nutzung.</li>\r\n</ul>\r\n<p>2) Das Medienarchiv bezeichnet den Urheber bzw. Inhaber der Verwertungsrechte in einem dafür vorgesehenen Pflichtfeld in der Metadaten-Maske.</p>\r\n\r\n<h3>12. Sanktionen bei unerlaubten Verwendungen</h3>\r\n<p>Eine unerlaubte Verwendung einzelner Inhalte kann sowohl zivil- als auch strafrechtlich verfolgt werden. Die ZHdK kann eine entsprechende Anzeige machen.</p>\r\n\r\n<h3>13. Weitere Bestimmungen</h3>\r\n<p>Als anwendbares Recht gilt Schweizer Recht, insbesondere die Bestimmungen des allgemeinen Vertragsrechts und der immaterialgüterrechtlichen Sondergesetze.</p>\r\n\r\n<h3>14. Inkrafttreten</h3>\r\n<p>Diese Nutzungsbedingungen wurden von der Hochschulleitung am 29.9.2010 beschlossen und treten per sofort in Kraft.</p>\r\n<p>Zürcher Hochschule der Künste</p>\r\n<p>Im Namen der Hochschulleitung</p>\r\n<p>Der Rektor</p>\r\n<p>[1] Vgl. URG, DesG, MSchG, PatG, vgl. die Aufzählung in Art.5<br />\r\n[2] Insbesondere § 16 und 22 FaHG<br />\r\n[3] vgl. http://creativecommons.org<br /></p>','2010-11-23 14:24:44');
/*!40000 ALTER TABLE `usage_terms` ENABLE KEYS */;
UNLOCK TABLES;

--
-- Table structure for table `userpermissions`
--

DROP TABLE IF EXISTS `userpermissions`;
/*!40101 SET @saved_cs_client     = @@character_set_client */;
/*!40101 SET character_set_client = utf8 */;
CREATE TABLE `userpermissions` (
  `id` int(11) NOT NULL AUTO_INCREMENT,
  `media_resource_id` int(11) NOT NULL,
  `user_id` int(11) NOT NULL,
  `download` tinyint(1) NOT NULL DEFAULT '0',
  `view` tinyint(1) NOT NULL DEFAULT '0',
  `edit` tinyint(1) NOT NULL DEFAULT '0',
  `manage` tinyint(1) NOT NULL DEFAULT '0',
  PRIMARY KEY (`id`),
  UNIQUE KEY `index_userpermissions_on_media_resource_id_and_user_id` (`media_resource_id`,`user_id`),
  KEY `index_userpermissions_on_media_resource_id` (`media_resource_id`),
  KEY `index_userpermissions_on_user_id` (`user_id`),
  CONSTRAINT `userpermissions_media_resource_id_media_resources_fkey` FOREIGN KEY (`media_resource_id`) REFERENCES `media_resources` (`id`) ON DELETE CASCADE,
  CONSTRAINT `userpermissions_user_id_users_fkey` FOREIGN KEY (`user_id`) REFERENCES `users` (`id`) ON DELETE CASCADE
) ENGINE=InnoDB AUTO_INCREMENT=4 DEFAULT CHARSET=utf8 COLLATE=utf8_unicode_ci;
/*!40101 SET character_set_client = @saved_cs_client */;

--
-- Dumping data for table `userpermissions`
--

LOCK TABLES `userpermissions` WRITE;
/*!40000 ALTER TABLE `userpermissions` DISABLE KEYS */;
INSERT INTO `userpermissions` VALUES (1,5,2,0,1,0,0),(2,4,3,0,1,0,0),(3,16,4,0,1,1,0);
/*!40000 ALTER TABLE `userpermissions` ENABLE KEYS */;
UNLOCK TABLES;

--
-- Table structure for table `users`
--

DROP TABLE IF EXISTS `users`;
/*!40101 SET @saved_cs_client     = @@character_set_client */;
/*!40101 SET character_set_client = utf8 */;
CREATE TABLE `users` (
  `id` int(11) NOT NULL AUTO_INCREMENT,
  `person_id` int(11) NOT NULL,
  `login` varchar(40) COLLATE utf8_unicode_ci DEFAULT NULL,
  `email` varchar(100) COLLATE utf8_unicode_ci DEFAULT NULL,
  `created_at` datetime DEFAULT NULL,
  `updated_at` datetime DEFAULT NULL,
  `usage_terms_accepted_at` datetime DEFAULT NULL,
  `password` varchar(255) COLLATE utf8_unicode_ci DEFAULT NULL,
  PRIMARY KEY (`id`),
  UNIQUE KEY `index_users_on_login` (`login`),
  KEY `index_users_on_person_id` (`person_id`),
  CONSTRAINT `person_id_fkey` FOREIGN KEY (`person_id`) REFERENCES `people` (`id`)
) ENGINE=InnoDB AUTO_INCREMENT=7 DEFAULT CHARSET=utf8 COLLATE=utf8_unicode_ci;
/*!40101 SET character_set_client = @saved_cs_client */;

--
-- Dumping data for table `users`
--

LOCK TABLES `users` WRITE;
/*!40000 ALTER TABLE `users` DISABLE KEYS */;
INSERT INTO `users` VALUES (1,1,'adam','frederick.dickinson@wehnerjewe.org','2012-04-20 12:04:17','2012-04-20 12:04:17','2012-04-20 12:04:17','5baa61e4c9b93f3f0682250b6cf8331b7ee68fd8'),(2,2,'normin','imelda@carroll.info','2012-04-20 12:04:17','2012-04-20 12:04:17','2012-04-20 12:04:17','5baa61e4c9b93f3f0682250b6cf8331b7ee68fd8'),(3,3,'petra','una.quigley@kuphal.org','2012-04-20 12:04:17','2012-04-20 12:04:17','2012-04-20 12:04:17','5baa61e4c9b93f3f0682250b6cf8331b7ee68fd8'),(4,4,'norbert','devan@wisozk.net','2012-04-20 12:04:20','2012-04-20 12:04:20','2012-04-20 12:04:20','5baa61e4c9b93f3f0682250b6cf8331b7ee68fd8'),(5,5,'beat','antone@braunlangosh.net','2012-04-20 12:04:23','2012-04-20 12:04:23','2012-04-20 12:04:23','5baa61e4c9b93f3f0682250b6cf8331b7ee68fd8'),(6,6,'liselotte','ahmed@vandervort.biz','2012-04-20 12:04:23','2012-04-20 12:04:23','2012-04-20 12:04:23','5baa61e4c9b93f3f0682250b6cf8331b7ee68fd8');
/*!40000 ALTER TABLE `users` ENABLE KEYS */;
UNLOCK TABLES;

--
-- Table structure for table `wiki_page_versions`
--

DROP TABLE IF EXISTS `wiki_page_versions`;
/*!40101 SET @saved_cs_client     = @@character_set_client */;
/*!40101 SET character_set_client = utf8 */;
CREATE TABLE `wiki_page_versions` (
  `id` int(11) NOT NULL AUTO_INCREMENT,
  `page_id` int(11) NOT NULL,
  `updator_id` int(11) DEFAULT NULL,
  `number` int(11) DEFAULT NULL,
  `comment` varchar(255) COLLATE utf8_unicode_ci DEFAULT NULL,
  `path` varchar(255) COLLATE utf8_unicode_ci DEFAULT NULL,
  `title` varchar(255) COLLATE utf8_unicode_ci DEFAULT NULL,
  `content` text COLLATE utf8_unicode_ci,
  `updated_at` datetime DEFAULT NULL,
  PRIMARY KEY (`id`),
  KEY `index_wiki_page_versions_on_page_id` (`page_id`),
  KEY `index_wiki_page_versions_on_updator_id` (`updator_id`)
) ENGINE=InnoDB DEFAULT CHARSET=utf8 COLLATE=utf8_unicode_ci;
/*!40101 SET character_set_client = @saved_cs_client */;

--
-- Dumping data for table `wiki_page_versions`
--

LOCK TABLES `wiki_page_versions` WRITE;
/*!40000 ALTER TABLE `wiki_page_versions` DISABLE KEYS */;
/*!40000 ALTER TABLE `wiki_page_versions` ENABLE KEYS */;
UNLOCK TABLES;

--
-- Table structure for table `wiki_pages`
--

DROP TABLE IF EXISTS `wiki_pages`;
/*!40101 SET @saved_cs_client     = @@character_set_client */;
/*!40101 SET character_set_client = utf8 */;
CREATE TABLE `wiki_pages` (
  `id` int(11) NOT NULL AUTO_INCREMENT,
  `creator_id` int(11) DEFAULT NULL,
  `updator_id` int(11) DEFAULT NULL,
  `path` varchar(255) COLLATE utf8_unicode_ci DEFAULT NULL,
  `title` varchar(255) COLLATE utf8_unicode_ci DEFAULT NULL,
  `content` text COLLATE utf8_unicode_ci,
  `created_at` datetime DEFAULT NULL,
  `updated_at` datetime DEFAULT NULL,
  PRIMARY KEY (`id`),
  UNIQUE KEY `index_wiki_pages_on_path` (`path`),
  KEY `index_wiki_pages_on_creator_id` (`creator_id`)
) ENGINE=InnoDB DEFAULT CHARSET=utf8 COLLATE=utf8_unicode_ci;
/*!40101 SET character_set_client = @saved_cs_client */;

--
-- Dumping data for table `wiki_pages`
--

LOCK TABLES `wiki_pages` WRITE;
/*!40000 ALTER TABLE `wiki_pages` DISABLE KEYS */;
/*!40000 ALTER TABLE `wiki_pages` ENABLE KEYS */;
UNLOCK TABLES;
/*!40103 SET TIME_ZONE=@OLD_TIME_ZONE */;

/*!40101 SET SQL_MODE=@OLD_SQL_MODE */;
/*!40014 SET FOREIGN_KEY_CHECKS=@OLD_FOREIGN_KEY_CHECKS */;
/*!40014 SET UNIQUE_CHECKS=@OLD_UNIQUE_CHECKS */;
/*!40101 SET CHARACTER_SET_CLIENT=@OLD_CHARACTER_SET_CLIENT */;
/*!40101 SET CHARACTER_SET_RESULTS=@OLD_CHARACTER_SET_RESULTS */;
/*!40101 SET COLLATION_CONNECTION=@OLD_COLLATION_CONNECTION */;
/*!40111 SET SQL_NOTES=@OLD_SQL_NOTES */;

-- Dump completed on 2012-05-29 17:18:38
